abase,vt. 使…谦卑；降低…的品格；降低…的地位
abdicate,"vt. 退位；放弃
vi. 退位；放弃"
abolition,n. 废除；废止
abreast,"adj. 并排的；肩并肩的
adv. 并肩地；并列"
abstain,vi. 自制；放弃；避免
accede,vi. 加入；同意；就任
additive,"n. 添加剂，添加物
adj. 附加的； 加法的"
adept,"n. 内行；能手
adj. 熟练的；擅长…的"
aeronautics,n. 航空学；飞行术
affinity,n. 密切关系；吸引力；姻亲关系；类同
airborne,adj.  空运的；空气传播的；风媒的
akin,adj. 类似的；同类的；同族的
allegation,n. 指控; 陈述，主张; 宣称; 陈词，陈述;
allergic,adj. 对…过敏的；对…极讨厌的
allot,vt. 分配；拨给；分派
amber,"n. 琥珀；琥珀色
adj. 琥珀色的；琥珀制的
vt. 使呈琥珀色"
amphibian,"n.  两栖动物；水陆两用飞机；具有双重性格的人
adj. 两栖类的； 水陆两用的；具有双重性格的"
anabolism,n.  合成代谢；同化，同化作用
anarchism,n. 无政府主义
anatomy,n. 解剖；解剖学；剖析；骨骼
anew,adv. 重新；再
annex,"n. 附加物；附属建筑物
vt. 附加；获得；并吞"
antagonist,n. 敌手； 对抗肌； 拮抗物；反协同试剂
anthropological,adj. 人类学的；人类学上的
anthropology,"n. 人类学
人类学家"
antibacterial,"n. 抗菌剂；抗菌药
adj. 抗菌的"
appraise,vt. 评价，鉴定；估价
apprehensive,adj. 忧虑的；不安的；敏悟的；知晓的
aquatic,"n. 水上运动；水生植物或动物
adj. 水生的；水栖的；在水中或水面进行的"
archaeologist,n. 考古学家
arduous,adj. 努力的；费力的；险峻的
arid,adj. 干旱的；不毛的， 荒芜的
artifice,n. 诡计；欺骗；巧妙的办法
artillery,n. 火炮；大炮；炮队；炮术
arthritis,n.  关节炎
ascribe,vt. 归因于；归咎于
aspiration,n. 渴望；抱负；送气；吸气；吸引术
aspirin,n. 阿司匹林（解热镇痛药）
assent,"n. 同意；赞成
vi. 同意；赞成"
assort,"vt. 把…分级；把…归为一类
vi. 协调；交往"
astrology,n. 占星术；占星学；星座
astrophysicist,n. 天体物理学家
attentively,adv. 注意地；聚精会神地；周到地
authorize,vt. 批准，认可；授权给；委托代替
avenge,"vt. 替…报仇
vi. 报复，报仇"
backbone,n. 支柱；主干网；决心，毅力；脊椎
backdrop,n. 背景；背景幕；交流声
baffle,"n. 挡板；困惑
vt. 使…困惑；使…受挫折；用挡板控制
vi. 做徒劳挣扎"
bakery,n. 面包店
barrenness,n. 不孕症；不育症；荒芜
barter,"n. 易货贸易；物物交换；实物交易
vt. 以…作为交换；拿…进行易货贸易
vi. 进行易货贸易； 作物物交换；讨价还价"
berry,"n. 浆果（葡萄，番茄等）
vi. 采集浆果"
besiege,vt. 围困；包围；烦扰
biomedical,adj. 生物医学的
blanch,"n. 铅矿石
vi. 漂白；发白；变白
vt. 漂白；使变白
adj. 漂白的；银白色的"
bland,"adj. 乏味的；温和的；冷漠的
vt. 使…变得淡而无味；除掉…的特性
vi. 变得平淡无奇；丧失特性"
blockade,"n. 阻塞
vt. 封锁"
blockage,n. 堵塞，堵塞；封锁；妨碍
blot,"n. 污点，污渍；墨水渍
vt. 涂污，弄脏；用吸墨纸弄干（或除去）
vi. 吸墨水；弄上墨渍或污渍"
bluff,"n. 吓唬；绝壁；断崖
vi. 吓唬
adj. 直率的；陡峭的
vt. 吓唬；愚弄"
bombard,"n. 射石炮
vt. 轰炸；炮击"
bravery,n. 勇敢；勇气
breakout,n. 爆发；突围；越狱；脱逃
breakthrough,n. 突破；突破性进展
brood,"n. 一窝；一伙
vt. 孵；沉思"
brotherhood,n. 兄弟关系；手足情谊；四海之内皆兄弟的信念
Buddhist,"n. 佛教徒
adj. 佛教的"
bust,"n. 破产；半身像；萧条；胸部
adj. 破产了的；毁坏了的
vt. 使破产；使爆裂；逮捕
vi. 破产；爆裂；降低级别"
by-product,n. 副产品；附带产生的结果；意外收获
calamity,n. 灾难；不幸事件
calculus,n.  结石；微积分学
calf,n.  腓肠，小腿；小牛；小牛皮；(鲸等大哺乳动物的)幼崽
caption,"n. 标题；字幕；说明；逮捕
vt. 加上说明；加上标题"
carefree,adj. 无忧无虑的；不负责的
catalyze,vt. 催化；刺激，促进
cataract,"n.  白内障；大瀑布；暴雨，洪水；奔流
vt. 倾注"
causal,"n. 表示原因的连词
adj. 因果关系的；有原因的"
censor,"n. 检查员； 潜意识压抑力；信件检查员
vt. 审查，检查；检查和删节"
centralization,n. 集中化；中央集权管理
championship,n. 锦标赛；冠军称号；冠军的地位
chargeable,adj. 应支付的；可以控诉的；可充电的；应课税的
cheery,adj. 愉快的，活泼的
chimpanzee,n.  黑猩猩
cholesterol,n.  胆固醇
chromosome,n.  染色体（形容词chromosomal，副词chromosomally）
chunk,n. 大块；矮胖的人或物
circulation,n. 流通，传播；循环；发行量
clique,"n. 派系；阀；私党；小圈子
vi. 结党"
coffin,"n. 棺材
断送"
cog,"n. 钝齿；雄榫
vi. 以雄榫连接；一致，吻合；掷骰子时作弊，诈骗
vt. 给…装配齿轮；以雄榫连接"
colossal,adj. 巨大的；异常的，非常的
comeback,n. 恢复；复原
competence,n. 能力，胜任；权限；作证能力；足以过舒适生活的收入
complexion,"n. 肤色；面色；情况；局面
vt. 使增添色彩"
compliance,n. 顺从，服从；承诺
compulsion,n. 强制；强迫；强制力
confound,vt. 使混淆；挫败；讨厌；使混乱
congestion,n. 拥挤；拥塞；淤血
connotation,n. 内涵；含蓄；暗示，隐含意义；储蓄的东西（词、语等）
consequent,"n. 结果
adj. 随之发生的；作为结果的"
conserve,"n. 果酱；蜜饯
vt. 保存；将…做成蜜饯；使守恒"
consul,n. 领事；（古罗马的）两执政官之一
contention,n. 争论，争辩；争夺；论点
coral,"n. 珊瑚；珊瑚虫
adj. 珊瑚的；珊瑚色的"
corpse,n. 尸体
corrosive,"n. 腐蚀物
adj. 腐蚀的；侵蚀性的"
counterbalance,"n. 平衡力；自动抵销
vt. 使平衡；抵消"
coverage,n. 覆盖，覆盖范围；新闻报道
cram,"n. 死记硬背；极度拥挤
adj. 填鸭式学的
vi. 狼吞虎咽地吃东西；死记硬背功课
vt. 填满，塞满；死记硬背；猛吃"
crater,"n. 火山口；弹坑
vt. 在…上形成坑；取消；毁坏
vi. 形成坑；消亡"
credible,adj. 可靠的，可信的
Danube,n. 多瑙河（位于欧洲）
dearth,n. 缺乏；饥馑；粮食不足
debase,vt. 降低；使…贬值；掺杂
debris,n. 碎片，残骸
decode,"vt. 译(密码文电等)，译(码)，解(码)等：；(尤指在学习过程中)把拼写和读音关系用于(阅读)
vi. 从事破译(或解译)工作"
degrade,"vt. 贬低；使……丢脸；使……降级；使……降解
vi. 降级，降低；退化"
delinquency,n. 行为不良，违法犯罪；失职，怠工
demographer,n.  人口统计学家，人口学家
depreciate,"vi. 贬值；轻视；贬低
vt. 使贬值；贬低；轻视"
detrimental,"n. 有害的人（或物）；不受欢迎的求婚者
adj. 不利的；有害的"
devalue,"vt. 使贬值；降低…的价值
vi. 贬值"
devour,v. 吞食；毁灭
discerning,"adj. 有辨识能力的；眼光敏锐的
v. 辨别（discern的ing形式）"
disparaging,"v. 蔑视（disparage的ing形式）
adj. 毁谤的；轻蔑的"
dispassionate,adj. 不带感情的；平心静气的；公平的
disproportionate,"adj. 不成比例的
不成比例地"
disregard,"n. 忽视；不尊重
vt. 忽视；不理；漠视；不顾"
disseminate,"vt. 宣传，传播；散布
vi. 散布；广为传播"
diverge,"vt. 使偏离；使分叉
vi. 分歧；偏离；分叉；离题"
divergent,adj. 相异的，分歧的；散开的
diversify,vt. 使多样化，使变化；增加产品种类以扩大
dormant,adj. 休眠的；静止的；睡眠状态的；隐匿的
downscale,"vt. 缩减…规模
vi. 缩减规模"
downshifting,v. （汽车等）调低速挡( downshift的现在分词 )
downsizing,n. 精简，裁员；缩小规模
drudgery,n. 苦工，苦差事
dynamics,n. 动力学，力学
egalitarian,"n. 平等主义；平等主义者
adj. 平等主义的"
elude,vt. 逃避，躲避
emancipate,vt. 解放；释放
ember,n. 灰烬，余烬
emulation,n.  仿真；竞争；效法
encompass,vt. 包含；包围，环绕；完成
encroach,vi. 蚕食，侵占
engrave,vt. 雕刻；铭记
entangle,vt. 使纠缠；卷入；使混乱
entreat,"vt. 恳求；请求
vi. 恳求；乞求"
entrust,vt. 委托，信托
envision,vt. 想象；预想
enzyme,n.  酶
epithet,n. 绰号；浑名
espionage,n. 间谍；间谍活动；刺探
euthanasia,n. 安乐死；安乐死术
excavate,"vt. 挖掘；开凿
vi. 发掘；细查"
excavation,n. 挖掘，发掘
expedite,"vt. 加快；促进；发出
adj. 畅通的；迅速的；方便的"
facial,"n. 美容，美颜；脸部按摩
adj. 面部的，表面的；脸的，面部用的"
fallacy,n. 谬论，谬误
fallout,n. 原子尘； 放射性尘埃；原子尘微粒回降；附带结果
fanatic,"n. 狂热入迷者；盲信者；盲信
adj. 狂热的；盲信的"
farfetched,adj. 牵强的；乱七八糟的；靠不住的
fascism,n. 法西斯主义；极端国家主义
federation,n. 联合；联邦；联盟；联邦政府
feminist,"n. 女权主义者
adj. 主张女权的"
feverishly,adv. 狂热地；兴奋地
fissure,"n. 裂缝；裂沟（尤指岩石上的）
vt. 裂开；分裂
vi. 裂开；分裂"
flake,"n. 小薄片；火花
vt. 使…成薄片；将…剥落
vi. 剥落；成片状剥落"
flick,"n. 弹开；快速的轻打；轻打声
vt. 轻弹；忽然摇动；轻轻拂去
vi. 轻弹；忽然摇动；轻轻拂去"
flicker,"n. 闪烁；闪光；电影
vi. 闪烁；摇曳；颤动；扑动翅膀；假装昏倒
vt. 使闪烁；使摇曳"
flip,"n. 弹；筋斗
vi. 用指轻弹；蹦跳
adj. 无礼的；轻率的
vt. 掷；轻击"
flowery,adj. 花的；华丽的；绚丽的；多花的
flutter,"n. 摆动；鼓翼；烦扰
vt. 拍；使焦急；使飘动
vi. 飘动；鼓翼；烦扰"
foe,n. 敌人；反对者；危害物
foresighted,adj. 有先见之明的，深谋远虑的，能预料的
frenzy,"n. 狂暴；狂怒；暴怒
vt. 使发狂；使狂怒"
frigid,adj. 寒冷的，严寒的；冷淡的
fungus,n. 真菌，霉菌；菌类
fury,n. 狂怒；暴怒；激怒者
futurism,n. 未来主义；未来派
futurist,"n. 未来主义者；未来派画家
adj. 未来主义的"
futurologist,n. 未来学家
geophysical,adj. 地球物理学的
gizmo,n. 小发明（等于gismo ）
gland,"n. 腺
密封压盖"
gratify,vt. 使满足；使满意，使高兴
gravel,"n. 碎石；砂砾
vt. 用碎石铺；使船搁浅在沙滩上；使困惑"
groove,"n.  凹槽，槽；最佳状态；惯例
vt. 开槽于
vi. 形成沟槽"
growl,"n. 咆哮声；吠声；不平
vt. 咆哮；（雷电，炮等）轰鸣
vi. 咆哮着说"
guardian,"n.  监护人，保护人；守护者
adj. 守护的"
gunpowder,n. 火药；有烟火药
hack,"n. 砍，劈；出租马车
vt. 砍；出租
vi. 砍"
hallucination,n. 幻觉，幻想；错觉
halo,"n. 光环；荣光
vt. 使有晕轮；围以光环
vi. 成晕轮"
harass,vt. 使困扰；使烦恼；反复袭击
haunt,"n. 栖息地；常去的地方
vt. 常出没于…；萦绕于…；经常去…
vi. 出没；作祟"
headshot,n. 爆头；头部特写
hectare,n. 公顷（等于1万平方米）
heed,"n. 注意到；留心到
vt. 注意，留心
vi. 注意，留心"
helix,n. 螺旋，螺旋状物； 耳轮
highbrow,"n. 卖弄知识的人；知识分子
adj. 不切实际的；自炫博学的；知识分子的"
hockey,n. 曲棍球；冰球
homicide,n. 过失杀人；杀人犯
honesty,n. 诚实，正直
horticulture,n. 园艺，园艺学
hospice,n. 收容所；旅客招待所；救济院
hospitable,adj. 热情友好的；（环境）舒适的
husbandry,n. 饲养；务农，耕种；家政
hydroelectric,adj. 水力发电的；水电治疗的
hysteria,n. 癔病，歇斯底里；不正常的兴奋
iceberg,n.  冰山；显露部分
impel,vt. 推动；驱使；激励
impersonal,"n. 非人称动词；不具人格的事物
adj. 客观的；非个人的；没有人情味的；非人称的"
impinge,"vi. 撞击；侵犯
vt. 撞击"
impoverished,"adj. 穷困的；用尽了的，无创造性的
v. 使贫困（impoverish的过去分词）"
imprint,"n. 印记；痕迹；特征；版本说明
vt. 加特征；刻上记号"
imprison,vt. 监禁；关押；使…下狱
improper,adj. 不正确的，错误的；不适当的；不合礼仪的
inborn,adj. 天生的；先天的
inbuilt,adj. 内置的；内藏的；嵌入的
inclination,n. 倾向，爱好；斜坡
incoming,"n. 进入；到来；常作 incomings 收入，收益
adj. 进来的，到来的； 即将就任的"
incomplete,adj. 不完全的； 不完备的
indistinct,adj. 模糊的，不清楚的；朦胧的；难以清楚辨认的
ineptly,adv. 不适当地；无能地
inexorable,adj. 无情的；不屈不挠的；不可阻挡的；无法改变的
infection,n. 感染；传染；影响；传染病
infest,vt. 骚扰；寄生于；大批出没；大批滋生
infuriate,"vt. 激怒；使大怒
adj. 狂怒的"
innate,adj. 先天的；固有的；与生俱来的
innovate,"vi. 创新；改革；革新
vt. 改变；创立；创始；引人"
insane,adj. 疯狂的；精神病的；极愚蠢的
insidious,adj. 阴险的；隐伏的；暗中为害的；狡猾的
intake,n. 摄取量；通风口；引入口；引入的量
intent,"n. 意图；目的；含义
adj. 专心的；急切的；坚决的"
interplay,"n. 相互影响，相互作用
vi. 相互影响，相互作用"
interlocking,"n. 连锁；咬合作用
adj. 连锁的"
intranet,n. 内联网；企业内部网
inventive,adj. 发明的；有发明才能的；独出心裁的
invoice,"n. 账单，发货单，收款请求
vt. 开发票；记清单"
irrigation,n. 灌溉； 冲洗；冲洗法
itinerary,"n. 旅程，路线； 旅行日程
adj. 旅程的； 巡回的，流动的"
jeer,"n. 嘲笑；戏弄；揶揄的言语
vi. 嘲笑；戏弄
vt. 嘲笑；戏弄"
Jew,"n. 犹太人；犹太教徒；守财奴
vt. 欺骗；杀价"
juggle,"vi. 玩杂耍；欺骗；歪曲
vt. 歪曲；欺骗
n. 玩戏法；欺骗"
keyword,n. 密码；关键字
kindle,"vt. 点燃；激起；照亮
vi. 发亮；着火；激动起来"
laborsaving,adj. 节省劳力的，省力气的
laid-off,adj. 被解雇的
lavish,"adj. 浪费的；丰富的；大方的
vt. 浪费；慷慨给予；滥用"
legible,adj. 清晰的；易读的；易辨认的
ligament,n. 韧带；纽带，系带
light-year,n. 光年
limpid,adj. 透明的；平静的，无忧虑的
livelihood,n. 生计，生活；营生
lobster,"n. 龙虾
龙虾肉"
lookout,n. 监视；监视哨；警戒；守望者；担心的事；前景
maize,"adj. 黄色的，玉米色的
n. 玉米；黄色，玉米色"
majestic,adj. 庄严的；宏伟的
makeup,n. 化妆品；组成；补充；补考
mania,n. 狂热；狂躁；热衷
manicurist,n. 指甲修饰师
mantle,"n. 地幔；斗篷；覆盖物
vi. 覆盖；脸红
vt. 覆盖"
Mars,n. 战神； 火星
matchmaker,n. 媒人；安排比赛的人；火柴制造者
Medicare,找不到解释
medication,n. 药物；药物治疗；药物处理
mediocrity,n. 平庸之才；平常
merrymaking,"n. 狂欢者；寻欢作乐
adj. 狂欢的；快乐的
vi. 寻欢作乐（merrymake的ing形式）"
methodology,n. 方法学，方法论
microprocessor,n.  微处理器
mighty,"adj. 有力的；强有力的；有势力的
adv. 很；极；非常
n. 有势力的人"
milestone,n. 里程碑，划时代的事件
millennium,n. 千年期，千禧年；一千年，千年纪念；太平盛世，黄金时代
misguided,"adj. 被误导的
v. 使入歧途（misguide的过去分词）"
misuse,"vt. 滥用；误用；虐待
n. 滥用；误用；虐待"
modem,n. 调制解调器（等于modulator-demodulator）
modulate,"vt. 调节；（信号）调制；调整
vi. 调制；转调"
monarchy,n. 君主政体；君主国；君主政治
monk,n. 僧侣，修道士；和尚
monoglot,adj.& n. 使用单一语言的（人）
morphine,n.  吗啡
mortify,"vt. 抑制；苦修；使…感屈辱
vi. 禁欲；苦行；约束"
motorist,n. 驾车旅行的人，开汽车的人
motorway,n. 高速公路，汽车高速公路
mummy,n. 妈妈；木乃伊；干瘪的人
mundane,adj. 世俗的，平凡的；世界的，宇宙的
Muslim,"n. 穆斯林；穆罕默德信徒
adj. 伊斯兰教的"
muster,"vt. 召集；对…进行点名；使振作
n. 集合；检阅；点名册；集合人员
vi. 召集；聚集"
mutability,n. 易变性；性情不定；突变性
narrowly,adv. 仔细地；勉强地；狭窄地；严密地
navigate,"vt. 驾驶，操纵；使通过；航行于
vi. 航行，航空"
Nazism,n. 纳粹主义
neon,n. 霓虹灯；氖（10号元素，符号Ne）
neurology,n. 神经病学；神经学
neurologist,神经学家；神经科专门医师
newborn,"adj. 新生的；再生的
n. 婴儿"
newsletter,n. 时事通讯
newsroom,n. 新闻编辑部；报刊阅览室
nicety,n. 精密；美好；细节；拘泥细节
noteworthy,adj. 值得注意的；显著的
oasis,n. 绿洲；舒适的地方；令人宽慰的事物
obsess,vt. 迷住，缠住；使…着迷；使…困扰
offshore,"adj. 离岸的； 近海的；吹向海面的
adv. 向海面，向海"
off-the-cuff,adj. 即席的
olive,"n. 橄榄；橄榄树；橄榄色
adj. 橄榄的；橄榄色的"
oncologist,n. 肿瘤学家；肿瘤医师
oncoming,"adj. 即将到来的；接近的；新兴的
n. 来临，接近"
online,"adj. 联机的；在线的
adv. 在线地"
optimism,n. 乐观；乐观主义
outburst,n. （火山、情感等的）爆发；破裂
outcry,n. 强烈抗议；大声疾呼；尖叫；倒彩
outdated,"adj. 过时的；旧式的
v. 使过时（outdate的过去式和过去分词）"
overrated,"adj. 评价过高的
v. 对…估计过高（overrate的过去分词）"
oversee,vt. 监督；审查；俯瞰；偷看到，无意中看到
overshadow,vt. 使失色；使阴暗；遮阴；夺去…的光彩
painstaking,"adj. 艰苦的；勤勉的；小心的
n. 辛苦；勤勉"
paraphrase,"n. 释义；解释；意译
vt. 释义"
passionate,adj. 热情的；热烈的，激昂的；易怒的
pathway,n. 路，道；途径，路径
patriarchal,adj. 家长的；族长的；由族长统治的
peddle,"vt. 叫卖；兜售；散播
vi. 沿街叫卖；忙于琐事"
penguin,n. 企鹅；空军地勤人员
penicillin,n. 盘尼西林（青霉素）
periodic,adj. 周期的；定期的
perturbation,n.  摄动；不安；扰乱
pervasive,adj. 普遍的；到处渗透的；流行的
physique,n. 体格，体形
pigmentation,n. 染色；色素淀积；天然颜色
plank,"n.  厚木板；支架；政纲条款
vt. 在…上铺板；撂下；立刻付款"
popularity,n. 普及，流行；名气；受大众欢迎
populist,找不到解释
postulate,"n. 基本条件；假定
vt. 假定；要求；视…为理所当然"
prelude,"n. 前奏；序幕；前奏曲
vt. 成为…的序幕；演奏…作为前奏曲
vi. 作为序曲；奏序曲"
preservative,"n. 防腐剂；预防法；防护层
adj. 防腐的；有保存力的；有保护性的"
primacy,n. 首位；卓越；大主教的职位
primal,"n. 被压抑童年情绪的释放
adj. 原始的；主要的；最初的
vt. 释放（被压抑的童年情绪）"
procure,"vt. 获得，取得；导致
vi. 取得"
profess,"vt. 自称；公开表示；宣称信奉；正式准予加入
vi. 声称；承认；当教授"
profuse,adj. 丰富的；很多的；慷慨的；浪费的
proliferate,"vi. 增殖；扩散；激增
vt. 使激增"
pronounced,"v. 发音；宣告；断言（pronounce的过去分词）
adj. 显著的；断然的；讲出来的"
proponent,n. 支持者；建议者；提出认证遗嘱者
Protestant,"n. 新教；新教徒
adj. 新教的；新教徒的"
psychedelic,"n. 迷幻剂
adj. 引起幻觉的"
quadruple,"n. 四倍
adj. 四倍的；四重的
vt. 使…成四倍
vi. 成为四倍"
quirk,n. 怪癖；急转；借口
ranch,"n. 大农场；大牧场
vi. 经营牧场；在牧场工作
vt. 经营牧场；在牧场饲养…"
rating,"n. 等级；等级评定；额定功率
v. 对…评价（rate的ing形式）"
rattlesnake,n.  响尾蛇
raze,vt. 夷为平地；破坏；消除；拆毁
ready-made,adj. 现成的；做好的；陈旧的；平凡的
rebound,"n. 回弹；篮板球
v. 重新装订（rebind的过去式和过去分词）
vt. 使弹回
vi. 回升；弹回"
red-hot,"n. 热狗；法兰克福香肠
adj. 炽热的；最新的；热烈的；非常激动的"
regain,"n. 收复；取回
vt. 恢复；重新获得；收回
vi. 上涨"
relic,n. 遗迹，遗物；废墟；纪念物
renounce,"n. 垫牌
vt. 宣布放弃；与…断绝关系；垫牌
vi. 放弃权利；垫牌"
residue,n. 残渣；剩余；滤渣
resounding,"adj. 响亮的；轰动的；彻底的
v. 回响（resound的ing形式）"
revere,vt. 敬畏；尊敬；崇敬
rhythmical,adj. 有节奏的；有韵律的
roadhog,乱驾驶汽车的司机
road hog,"v. 乱开汽车(的人)；妨碍其他车辆行驶(的司机)；流浪人
n. 莽撞的司机
 驾车乱抢路的人；自私的司机；路霸牌摩托车"
roam,"n. 漫步，漫游；流浪
vt. 在…漫步，漫游；在…流浪
vi. 漫游，漫步；流浪"
rustle,"n. 沙沙声；急忙；飒飒声
vt. 使…沙沙作响
vi. 发出沙沙声"
rut,"n. 发情期；惯例；性冲动；凹槽
vt. 挖槽于；在…形成车辙
vi. 发情"
saga,n. 传说；冒险故事；英雄事迹
sanitary,"n. 公共厕所
adj. 卫生的，清洁的"
sardine,"n. 沙丁鱼；庸碌无能的人
vt. 使拥挤不堪"
scapegoat,"n. 替罪羊，替人顶罪者；替身
vt. 使成为…的替罪羊"
schism,n. 分裂；分裂教会罪
sediment,n. 沉积；沉淀物
sensory,adj. 感觉的；知觉的；传递感觉的
sermon,"n. 布道；训诫；启示；冗长的讲话
vt. 对…布道；对…说教
vi. 布道"
selective,"adj. 选择性的
讲究的
有选择地
有选择性地
仔细挑选地"
sneaker,n. 运动鞋；卑鄙者；鬼鬼祟祟做事的人
separation,n. 分离，分开；间隔，距离； 分居；缺口
sexually,adv. 性别地；两性之间地
shimmer,"n. 微光；闪光
vt. 使闪烁
vi. 闪烁；发闪烁的微光"
shortlist,n. （英）供最后挑选用的候选人名单
shovel,"n. 铁铲；一铲的量；铲车
vi. 铲
vt. 铲除；用铲挖；把…胡乱塞入"
shrivel,"vt. 使枯萎；使皱缩；使束手无策
vi. 枯萎；皱缩"
shudder,"n. 发抖；战栗；震动
vi. 发抖；战栗"
shuffle,"n. 洗牌，洗纸牌；混乱，蒙混；拖着脚走
v. 洗牌；推诿，推卸；拖曳，慢吞吞地走；搅乱"
sidewalk,n. 人行道
silt,"n. 淤泥，泥沙；煤粉；残渣
vt. 使淤塞；充塞
vi. 淤塞，充塞；为淤泥堵塞"
similarly,adv. 同样地；类似于
site,"n. 地点；位置；场所
vt. 设置；为…选址"
slash,"n. 削减；斜线；猛砍；砍痕；沼泽低地
vt. 猛砍；鞭打；严厉批评；大幅度裁减或削减
vi. 猛砍；严厉批评"
sledge,"n. 雪橇；大锤
vt. 用雪橇搬运；乘雪橇；用大锤打
vi. 用大锤打；猛击；乘雪橇"
slowdown,n. 减速；怠工；降低速度
small-minded,adj. 心胸狭窄的；固执己见的；气量小的
smallpox,n.  天花
smoothly,adv. 平稳地，平滑地；流畅地，流利地
smother,"n. 窒息状态；令人窒息的浓烟
vt. 使窒息；抑制；（用灰等）闷熄；忍住
vi. 窒息；被抑制；闷死"
smudge,"n. 污点，污迹；烟熏火堆
vt. 弄脏，涂污；用浓烟熏
vi. 被弄脏；形成污迹"
sneer,"vi. 嘲笑，冷笑
vt. 嘲笑，冷笑
n. 嘲笑，冷笑"
soothe,"vt. 安慰；使平静；缓和
vi. 起抚慰作用"
sparing,"n. 抽出；宽恕；免去；给予（spare的ing形式）
adj. 节约的；贫乏的；保守的"
sparse,adj. 稀疏的；稀少的
spatial,adj. 空间的；存在于空间的；受空间条件限制的
spotlight,"n. 聚光灯；反光灯；公众注意的中心
vt. 聚光照明；使公众注意"
sprawl,"n. 蔓生；伸开手足躺卧姿势
vt. 懒散地伸开；使蔓生
vi. 蔓延；伸开手足躺；无计划地扩展"
squat,"vt. 使蹲坐，使蹲下
vi. 蹲，蹲下；蹲坐；蹲伏
n. 蹲坐，蜷伏
adj. 蹲着的；矮胖的"
squeak,"n. 吱吱声；机会
vi. 告密；吱吱叫；侥幸成功
vt. 以短促尖声发出"
stakeholder,n. 利益相关者；赌金保管者
stamina,n. 毅力；精力；活力；持久力
standstill,n. 停顿；停止
starch,"n. 淀粉；刻板，生硬
vt. 给…上浆"
stature,n. 身高，身材；（精神、道德等的）高度
stead,"n. 代替；用处
vt. 对…有利"
stenographer,n. 速记员
sterile,adj. 不育的；无菌的；贫瘠的；不毛的；枯燥乏味的
stifle,"n. （马等的）后膝关节；（马等的） 后膝关节病
vt. 扼杀；使窒息；藏匿
vi. 窒息；被扼杀"
stimulus,n. 刺激；激励；刺激物
stockpile,"n. 库存；积蓄
vt. 贮存；储蓄
vi. 积累；储备物资"
stomp,"n. 跺脚，重踩；顿足爵士舞
vt. 跺脚，重踩；践踏"
stout,"n. 矮胖子；烈性啤酒
adj. 结实的；矮胖的；勇敢的；激烈的"
stow,vt. 装载；收藏；使暂留；堆装
strait,"n. 海峡；困境
adj. 狭窄的；苦恼的"
strand,"n. 线；串；海滨
vt. 使搁浅；使陷于困境；弄断；使落后
vi. 搁浅"
stratum,n. （组织的）层； 地层；社会阶层
subdue,vt. 征服；抑制；减轻
submicroscopic,adj. 亚微观的
surmise,"n. 推测；猜度
vt. 猜测；推测
vi. 猜测；认为"
suspense,n. 悬念；悬疑；焦虑；悬而不决
suspension,n. 悬浮；暂停；停职
sustenance,n. 食物；生计；支持
swollen,adj. 肿胀的，浮肿的；浮夸的；激动兴奋的
symbolize,"vt. 象征；用符号表现
vi. 采用象征；使用符号；作为…的象征"
syndicate,"n. 辛迪加；企业联合；财团
vt. 把…联合成辛迪加；在多家报刊上同时发表
vi. 联合成辛迪加；组成企业联合组织"
tack,"n. 大头钉；粗缝；行动方针；食物
vt. 附加；以大头针钉住
vi. 抢风航行；作文字形移动"
tardy,"n. 迟到
adj. 缓慢的，迟缓的；迟到的"
teens,n. 十多岁，十几岁；青少年
temperate,adj. 温和的；适度的；有节制的
template,n. 模板，样板
terrestrial,"n. 陆地生物；地球上的人
adj. 地球的；陆地的， 陆生的；人间的"
tinge,"n. 淡色；些许味道；风味
vt. 微染；使带气息"
tonic,"n. 补药；主调音或基音
adj. 滋补的；声调的；使精神振作的"
tornado,n.  龙卷风；旋风；暴风；大雷雨
tort,n. 侵权行为
tortuous,adj. 扭曲的，弯曲的；啰嗦的
tournament,n. 锦标赛，联赛；比赛
transcribe,vt. 转录；抄写
transfusion,n.  输血； 输液；倾注；灌输
translucent,adj. 透明的；半透明的
traverse,"n. 穿过；横贯；横木
vt. 穿过；反对；详细研究；在…来回移动
vi. 横越；旋转；来回移动
adj. 横贯的"
trickle,"n. 滴，淌；细流
vt. 使…滴；使…淌；使…细细地流
vi. 滴；细细地流；慢慢地移动"
trigonometry,n. 三角法
trillion,"num.  万亿
n.  万亿
adj. 万亿的"
trot,"n. （人）慢跑；马小跑的步态；小跑的马蹄声；刚学步的小孩；老太婆；腹泻；（学生作弊用的）译文对照本
vi. （马）小跑；（人）慢跑；快步走
vt. 使小跑；使快步走"
trustworthy,adj. 可靠的；可信赖的
turtle,n. 龟，甲鱼；海龟
ulcer,n.  溃疡；腐烂物；道德败坏
undercover,adj. 秘密的，秘密从事的；从事间谍活动的
underprivileged,adj. 贫困的；被剥夺基本权力的；社会地位低下的
undue,adj. 过度的，过分的；不适当的；未到期的
unearth,vt. 发掘；揭露，发现；从洞中赶出
unilateralism,n. 片面，单方；片面限制武器论；单方面裁军
upbringing,n. 教养；养育；抚育
uplifting,adj. 令人振奋的；使人开心的
uranium,n.  铀
vaccination,n. 接种疫苗；种痘
vaunt,"n. 自吹自擂
vt. 自夸；吹嘘
vi. 自夸；吹嘘"
vendor,n. 卖主；小贩；供应商； 自动售货机
vertebrate,"adj. 脊椎动物的；有脊椎的
n. 脊椎动物"
vibration,n. 振动；犹豫；心灵感应
vigilance,n. 警戒，警觉；警醒症
wade,"n. 跋涉；可涉水而过的地方
vi. 跋涉
vt. 涉水；费力行走"
wait-and-see,adj. 观望的
waver,"n. 动摇；踌躇；挥动者
vi. 摇曳；踌躇；摆动"
wharf,"n. 码头；停泊处
vt. 使靠码头；为…建码头；把货卸在码头上
vi. 靠码头"
whirlwind,"n. 旋风；旋风般的快速行动
adj. 旋风般的"
wholesale,"n. 批发
adj. 批发的；大规模的
vt. 批发
adv. 大规模地；以批发方式
vi. 批发；经营批发业"
wield,vt. 使用；行使；挥舞
wither,"vi. 枯萎；凋谢；衰弱
vt. 使凋谢；使畏缩；使衰弱"
woodcut,n. 木刻；木刻印版；木版画
wrath,n. 愤怒；激怒
yearn,vi. 渴望，向往；思念，想念；怀念；同情，怜悯
yellowish,adj. 微黄色的，淡黄色的
zest,"n. 风味；热心；强烈的兴趣
vt. 给…调味"
economic system,"un. 经济制度
 经济体系；经济体制；经济系统"
planned economy,"n. 计划经济
 计画经济；计划经济体制；商量经济"
market economy,"un. 市场经济
 市场经济制度；市场经济体系；巿场经济"
market-oriented economy,市场导向型经济，市场主导型经济
market cycle,"un. 销售循环；市场周期
 周期性；巿场周期"
market demand,"un. 市场需求；市场需要
 市场需求量；需求状态；市场总需求"
state-owned business,找不到解释
industrialization,n. 工业化
home market,"un. 国内市场
 内需市场；家乡市场；本国市场"
red-hot economy,找不到解释
prosperous,adj. 繁荣的；兴旺的
globalization,n. 全球化
global inflation, 全球性的通货膨胀；全球通货膨胀；全球性通胀
multinational corporation, 跨国公司；跨国企业；跨国集团
stock price,"n. 股价
 股票价格；正股价格；目前股票的股价"
venture investment, 风险投资；创业投资；各方评说风险投资
broker,"n. 经纪人，掮客
vt. 以中间人等身分安排...
vi. 作为权力经纪人进行谈判"
stakeholder,n. 利益相关者；赌金保管者
economic puppet,找不到解释
credit card,"n. 信用卡
 贷记卡；申请信用卡；意思是信用卡"
monetary policy,"un. 金融政策
 货币政策；贷币政策；独立自主的货币政策"
competitive price,"un. 竞争性价格；竞争价格；标价；有竟争能力的价格
 有竞争力的价格；具竞争力的价格；公开招标价格"
retail price,"un. 零售价格
 批发价；零售价目；市价"
commodity price,"un. 商品价格
 物价；商品的价钱；普及价格"
steer the economy to a soft landing,找不到解释
devalue,"vt. 使贬值；降低…的价值
vi. 贬值"
interest rate,"n. 利率
 利息率；贷款利率；贷记利息"
capital,"n. 首都，省会；资金；大写字母；资本家
adj. 首都的；重要的；大写的"
intellectual property,"n. 知识产权
 智慧财产权；知识财产；智力资产"
infrastructure,n. 基础设施；公共建设；下部构造
treasury,n. 国库，金库；财政部；宝库
patent office,找不到解释
productivity,n. 生产力；生产率；生产能力
production,n. 成果；产品；生产；作品
transaction,n. 交易；事务；办理；会报，学报
consumption,n. 消费；消耗；肺痨
subscribe to,"v. 同意；赞成；订阅；定期捐款
 订购；认购；赞同"
commodity,n. 商品，货物；日用品
inferior article,找不到解释
qualitatively,adv. 定性地；从品质上讲
monopoly,n. 垄断；垄断者；专卖权
merger,n. （企业等的）合并；并购；吸收（如刑法中重罪吸收轻罪）
consolidation,n. 巩固；合并；团结
incorporate,"vt. 包含，吸收；体现；把……合并
adj. 合并的；一体化的；组成公司的
vi. 合并；混合；组成公司"
downscale,"vt. 缩减…规模
vi. 缩减规模"
centralization,n. 集中化；中央集权管理
professionalization,n. 专业化；职业化
freight,"n. 货运；运费；船货
vt. 运送；装货；使充满"
shipper,n. 托运人；发货人；货主
premium,"n. 额外费用；奖金；保险费;(商)溢价
adj. 高价的；优质的"
dealership,n. 代理权；代理商；经销权
retailer,n. 零售商；传播的人
surplus,"n. 剩余； 顺差；盈余；过剩
adj. 剩余的；过剩的"
predominance,n. 优势；卓越
vitality,n. 活力，生气；生命力，生动性
unexploited,adj. 未开发的；未被利用的
energy-intensive,adj. 耗能的；能源密集型的
commercialize,vt. 使商业化；使商品化
underfund,vt. 对…提供资金不足
mountainous debt, 负债累累；巨大的债务
free enterprise,"n. 自由企业（体制）
 企业的自由经营；企业经营自由；自由市场"
limited liability company,"na. 股份有限公司
 有限责任公司；责任有限公司；有限责任公司只能以"
bureaucratic management,找不到解释
top management,"un. 最高管理部门
 最高管理者；高层管理；高层管理人员"
administration,n. 管理；行政；实施；行政机构
administrator,n. 管理人；行政官
shareholder,n. 股东；股票持有人
executive director,"un. 常务董事；执行董事
 执行理事；执行主任；行政董事"
entrepreneur,n. 企业家；承包人；主办者
competitor,n. 竞争者，对手
consultancy,n. 咨询公司；顾问工作
blueprint,"n. 蓝图，设计图；计划
vt. 计划；制成蓝图"
manpower,n. 人力；人力资源；劳动力
title,"n. 冠军；标题；头衔；权利；字幕
adj. 冠军的；标题的；头衔的
vt. 加标题于；赋予头衔；把…称为"
part-timer,n. 兼职的人
temporary worker,"un. 临时工
 临时人员；临时劳工；短期临时人力"
self-employment,"个体经营
自营管理
 自谋职业
自我雇佣"
opening,"n. 开始；机会；通路；空缺的职位
adj. 开始的
v. 开放（open的ing形式）；打开；公开"
negotiate,"vt. 谈判，商议；转让；越过
vi. 谈判，交涉"
compensation,n. 补偿；报酬；赔偿金
database,n. 数据库，资料库
data bit,"un. 数据信号位
 数据位；资料位元；资料位元数"
search agent,找不到解释
interactive,adj. 交互式的；相互作用的
key in,"un. 插上；键入
 键盘输入；电脑操作及输入；按键矩阵输入"
post,"n. 岗位；邮件；标杆
vt. 张贴；公布；邮递；布置
vi. 快速行进"
keyword,n. 密码；关键字
repeated visit,找不到解释
match,"vt. 使比赛；使相配；敌得过，比得上；相配；与…竞争
vi. 比赛；匹配；相配，相称；相比
n. 比赛，竞赛；匹配；对手；火柴"
electronics,n. 电子学；电子工业
telecommunication,n. 电讯； 远程通信；无线电通讯
e-mail,找不到解释
teleconference,电话会议； 远程会议
distant conference,找不到解释
sharing of information,信息的共享
microprocessor,n.  微处理器
transistor circuit,"un. 晶体管电路
 电晶体电路；晶体管线路；电晶体线路"
semiconductor,n.  半导体
electrify,vt. 使电气化；使充电；使触电；使激动
research productivity,找不到解释
evolution,n. 演变；进化论；进展
evolutionary theory, 进化论；演化论；进化理论
natural selection,"n. 自然选择；物竞天择
 自然淘汰；自然选择学说；天择说"
submicroscopic,adj. 亚微观的
biomedical,adj. 生物医学的
molecular biology,"na. 分子生物学
 生物分子学；分子生物学试剂；分子生物学系"
epidemic,"n. 传染病；流行病；风尚等的流行
adj. 流行的；传染性的"
cataract,"n.  白内障；大瀑布；暴雨，洪水；奔流
vt. 倾注"
shot,"n. 发射；炮弹；射手；镜头
v. 射击（shoot的过去式和过去分词）
adj. 用尽的；破旧的；杂色的，闪光的"
depressant,"n. 镇静剂， 抑制剂
adj. 有镇静作用的"
hallucinogen,n. 迷幻剂
sulfuric acid,"n. 硫酸
 硫磺酸；发烟硫酸；浓硫酸"
bypass,"n. 旁路； 支路
vt. 绕开；忽视；设旁路；迂回"
vaccine,"n. 疫苗；牛痘苗
adj. 疫苗的；牛痘的"
immunize,vt. 使免疫；赋予免疫性
gene,n.  基因，遗传因子
simple sugar,"un. 单糖
 简单的糖；糖含的单醣；容易消化吸收的单醣"
tissue,"n. 组织；纸巾；薄纱；一套
vt. 饰以薄纱；用化妆纸揩去"
hip,"n. 臀部；蔷薇果；忧郁
adj. 熟悉内情的；非常时尚的"
nervous system,"n. 神经系统
 神经系统用药；神经细统；表示神经系统"
central nervous system,"n. 中枢神经系统
 中央神经系统；神经用药；中枢神经用药"
surgeon,n. 外科医生
physician,n.  医师；内科医师
therapy,n. 治疗，疗法
clinical,adj. 临床的；诊所的
symptom,n.  症状；征兆
physical addiction,找不到解释
psychological disorder, 心理障碍；心理混乱；心理错乱
psychological test,"un. 心理测验
 心理测试；心理测试星座运势；心理测评"
mortality,n. 死亡数，死亡率；必死性，必死的命运
variation,n. 变化； 变异，变种
natural phenomenon,"un. 自然现象
 自然界的某些现象；自然现象篇；天然现象"
drastic experiment,找不到解释
external result,找不到解释
carbon dioxide,"n. 二氧化碳
 一氧化碳；二氧货碳；碳酐"
photosynthesis,n. 光合作用
ozone layer,"n. 臭氧层
 臭气层；臭氧层破坏；因臭氧层"
atmosphere pressure,"un. 大气压
 大气压力；大气压强；摄氏度大气压"
air current,"na. 气流
 风流；空气流；循环风量"
water vapor,"na. 水汽
 水蒸气；水蒸汽；水气"
saturation,n. 饱和；色饱和度；浸透；磁化饱和
tidal wave,"n. 海啸；潮汐波；潮浪；（情感或事物发展的）高涨阶段
 潮波；浪潮；潮汐波--震荡波"
hot spot,"n. 危险地带；犯罪的高发地区；闹区；热点
 热区；热区响应；过热点"
ice cap,"n. （尤指北极和南极的）冰冠
 冰帽；冰盖；冰原"
ice sheet,"n. 冰原；冰盖
 冰层；大冰原；冰川"
Ice Age,"n. 冰期；冰川期；冰河时代
 冰河世纪；冰原历险记；冰川时代"
land mass,"n. 陆块；地块
 大陆块；陆地；大片陆地"
hemisphere,n. 半球
gravitation,n. 重力；万有引力；地心吸力
solar system,"n. 太阳系；类太阳系
 太阳能系统；太阳系统；太阳系统炮"
light year,"n. 光年（指光在一年中走过的距离：9.4607 × 10&sup12 公里）
 光年俊驹"
galaxy,"n. 银河； 星系；银河系；一群显赫的人
n. 三星智能手机品牌 2015年三星中国公布Galaxy的中文名称为“盖乐世”（Galaxy）
"
cluster,"n. 群；簇；丛；串
vt. 使聚集；聚集在某人的周围
vi. 群聚；丛生"
detector,n. 探测器；检测器；发现者；侦察器
space shuttle,"n. 航天飞机
 太空梭；太空穿梭机；太空飞船"
space exploration,"na. 星际探索
 太空探索；空间探索；空间探测"
vertical flight,  垂直飞行
decibel,n. 分贝
velocity,n. 速度
inertia,n.  惯性；惰性，迟钝；不活动
parliament,n. 议会，国会
House of Commons,"na. 众议院
 下议院；英国下议院；下院"
parliamentary debates, 议会辩论；议会辩论记录文件；议会辩论录
self-evident principle,找不到解释
verdict,n. 结论；裁定
arbiter,n.  仲裁者；裁决人
validity,n.  有效性；正确；正确性
period terminate,找不到解释
suspension,n. 悬浮；暂停；停职
in-house counsel,找不到解释
citizenry,n. 市民；公民
basic right, 基本权利
privilege,"n. 特权；优待
vt. 给与…特权；特免"
higher up,"n. 领导；要人
 上级；更高处；大人物"
elitism,n. 精英主义；杰出人物统治论
bureaucratic,adj. 官僚的；官僚政治的
self-governing,adj. 自治的；自己管理自己的
espionage,n. 间谍；间谍活动；刺探
spymaster,n. 间谍组织的首脑
CIA,abbr. 中央情报局（Central Intelligence Agency）
Central Intelligence Agency,"un. 中央情报局
 美国中央情报局；中情局；美国中情局"
civilization,n. 文明；文化
democratic society, 民主社会
agricultural society,农业学会，农民团体（美国早期农民组织）
socio-economic,adj. 社会经济的
social status,"na. 社会地位
 身价；社会身份；社会位置"
social ladder, 社会阶梯；社会楼梯；社会的阶梯
social inequality, 社会不平等；社会不公；社会的不平等
underprivileged,adj. 贫困的；被剥夺基本权力的；社会地位低下的
bottom line,"n. 底线；底价；要旨；基本论点
 最低限度；绝对底线；账本底线"
societal changes,找不到解释
mediocrity,n. 平庸之才；平常
generalist,n. （有多方面知识和经验的）通才；多面手
futurist,"n. 未来主义者；未来派画家
adj. 未来主义的"
athlete,n. 运动员，体育家；身强力壮的人
entertainer,n. 演艺人员，表演者
initiation ceremony, 进入仪式，开始仪式；入会仪式；成年仪式
spectator,n. 观众；旁观者
attendee,n. 出席者；在场者
human relation,人际关系;人群关系
parading procession,游行的队伍
metropolitan,"adj. 大都市的；大主教辖区的；宗主国的
n. 大城市人；大主教；宗主国的公民"
uncivilized behavior, 野蛮的行为
subsequent behavior,找不到解释
traffic stream,"un. 车流；业务量统计
 业务流；交通行列；数据流"
traffic jam,"n. 堵车；交通阻塞
 交通堵塞；交通拥挤；塞车"
traffic regulation,"na. 交通规则
 交通管制；交通条例；交通法规"
charitable organization,"n. 慈善团体
 慈善机构；慈善组织；公益团体"
euthanasia,n. 安乐死；安乐死术
drug addict,"na. 瘾君子
 吸毒者；吸毒成瘾者；药物成瘾"
substance dependence,"物质依赖；药物依赖, 物质依赖"
withdrawal symptom,n. 断瘾症状
psychoactive,adj. 影响心理状态的；作用于精神的
deterioration,n. 恶化；退化；堕落
a touch on the brakes,找不到解释
adolescence,n. 青春期
house-proud,adj. 关心家事的，讲究家庭摆设的
extended family,"n. 家族
 大家庭；扩大家庭；扩展家庭"
parental permission,找不到解释
mental conversation,找不到解释
intense perceptual distortion,找不到解释
anti-intellectualism,n. 反智主义
aggressive patriotism,找不到解释
advocate,"n. 提倡者；支持者；律师
vt. 提倡，主张，拥护"
Utopia,n. 乌托邦（理想中最美好的社会）；理想国
transcendentalist,adj. 超越论者的，先验论者的
induction,n.  感应；归纳法；感应现象；入门培训，入职仪式，就职；诱导
deduction,n. 扣除，减除；推论；减除额
humanity,n. 人类；人道；仁慈；人文学科
self-respect,n. 自重，自尊
soul searching,"na. 反省
 寻找智美更登；深刻的自我反省；精神自省"
self-examination,n. 自省，反省
anthropological,adj. 人类学的；人类学上的
census,"n. 人口普查，人口调查
vt. 实施统计调查"
demographer,n.  人口统计学家，人口学家
lifespan,n. 寿命；预期生命期限；预期使用期限
aging population,老年人口
tourist trail,找不到解释
interior design,"n. 室内设计
 室内设计专业；内部设计；室内装饰设计"
piped music,"n. （商店、餐馆等处不断播放的）背景音乐
 通过线路输送的音乐；管乐"
objective,"adj. 客观的；目标的；宾格的
n. 目的；目标； 物镜；宾格"
impartial,adj. 公平的，公正的；不偏不倚的
unbiased,adj. 公正的；无偏见的
positive,"n. 正数； 正片
adj. 积极的； 正的， 阳性的；确定的，肯定的；实际的，真实的；绝对的"
supporting,"n. 支持；支承面
v. 支持；供养（support的ing形式）
adj. 支持的；辅助性的；次要的"
impressive,adj. 感人的；令人钦佩的；给人以深刻印象的
concerned,"v. 关心（concern的过去时和过去分词）；与…有关
adj. 有关的；关心的"
confident,adj. 自信的；确信的
optimistic,adj. 乐观的；乐观主义的
carefree,adj. 无忧无虑的；不负责的
neutral,"adj. 中立的，中性的；中立国的；非彩色的
n. 中立国；中立者；非彩色；齿轮的空档"
detached,"v. 分离
adj. 分离的，分开的；超然的"
factual,adj. 事实的；真实的
impassive,adj. 冷漠的；无感觉的
uninterested,adj. 不感兴趣的；无利害关系的
apathetic,adj. 冷漠的；无动于衷的，缺乏兴趣的
indifferent,adj. 漠不关心的；无关紧要的；中性的，中立的
compromising,"v. 妥协；让步（compromise的ing形式）
adj. 妥协的；让步的"
impersonal,"n. 非人称动词；不具人格的事物
adj. 客观的；非个人的；没有人情味的；非人称的"
subjective,adj. 主观的；个人的；自觉的
critical,adj. 鉴定的； 临界的；批评的，爱挑剔的；危险的；决定性的；评论的
negative,"adj.  负的；消极的；否定的；阴性的
n. 否定；负数； 底片
vt. 否定；拒绝"
intolerable,adj. 无法忍受的；难耐的
biased,adj. 有偏见的；结果偏倚的，有偏的
disgusting,"adj. 令人厌恶的
令人极不能接受的"
doubtful,adj. 可疑的；令人生疑的；疑心的；不能确定的
worried,adj. 担心的
disappointed,adj. 失望的，沮丧的；受挫折的
pessimistic,adj. 悲观的，厌世的；悲观主义的
gloomy,adj. 黑暗的；沮丧的；阴郁的
hostile,"n. 敌对
adj. 敌对的，敌方的；怀敌意的"
ambivalent,adj. 矛盾的；好恶相克的
and,conj. 和，与；就；而且；但是；然后
also,"conj. 并且；另外
adv. 也；而且；同样"
moreover,adv. 而且；此外
likewise,adv. 同样地；也
more important, 重要的；更重要；更重要的
first,"num. 第一
n. 第一；开始；冠军
adj. 第一的；基本的；最早的
adv. 第一；首先；优先；宁愿"
finally,adv. 最后；终于；决定性地
in addition to,"na. 加之
 除…之外；除了；除…外"
then,"conj. 然后，当时
n. 那时
adv. 然后；那么；于是；当时；此外"
thus,"conj. 因此
n. 乳香
adv. 因此；从而；这样；如此"
so,"conj. 所以；因此
adv. 如此，这么；确是如此
pron. 这样"
therefore,adv. 因此；所以
consequently,adv. 因此；结果；所以
accordingly,adv. 因此，于是；相应地；照著
but,"conj. 但是；而是；然而
adv. 仅仅，只
prep. 除…以外"
yet,"conj. 但是；然而
adv. 还；但是；已经"
while,"conj. 虽然；然而；当……的时候
n. 一会儿；一段时间
vt. 消磨；轻松地度过"
however,"conj. 无论以何种方式; 不管怎样
adv. 无论如何；不管怎样（接副词或形容词）；然而；可是"
nevertheless,"adv. 然而，不过；虽然如此
conj. 然而，不过"
though,"conj. 虽然；尽管
prep. 但
adv. 可是，虽然；不过；然而"
otherwise,"adv. 否则；另外；在其他方面
adj. 另外的；其他方面的；原本，本来
conj. 其他；如果不；然后"
in spite of,"na. spite of 不管；无视
 尽管；不顾；虽然"
on the contrary,"na. 反之
 正相反；相反地；相反的"
in contrast,"adv. 相反
 相比之下；对比；成对比"
because,conj. 因为
because of,"na. 因
 因为；由于；由于，因为"
for the reason of,找不到解释
result from,"v. 由于
 由...产生；起因于；由…引起"
as a result,"adv. 结果
 因此；结果是；作为结果"
to sum up, 总之；概括地说；总之，总而言之
in conclusion,"na. 最后
 总之；总而言之；结论"
in short,"na. 简单地说；总之
 简言之；简而言之；总而言之"
in brief,"na. 简单地说
 简言之；简而言之；总之"
on the whole,"na. 整体上说
 总的来说；大体上；基本上"
so that,"conj. 因此；以便
 为了；以致；以便于"
so as to,"na. (= in order to) 以便；为使
 为了；为的是；使得"
in order to,"na. 为了；从而；以便
 目的；为了……起见；以求"
for this purpose, 为此；为了这个目的；为此目的
such as,"un. 例如；像；象…这样；诸如…之类
 比如；像这种的；像……那样的"
for example,"na. 例如
 举例；比如；比如说"
for instance,"na. 例如
 比如；举例说；举例来说"
in particular,"na. 特别；一一
 尤其；特别地；特别是"
if,"conj. （表条件）如果；即使；是否；（表假设）假如
n. 条件；设想"
unless,"conj. 除非，如果不
prep. 除…之外"
in that case,"na. 既然是那样
 既然那样；如果是那样的话；如果那样的话"
in this circumstance,找不到解释
a flash in the pan,"na. 昙花一现(的人或物)
 昙花一现的人；虎头蛇尾；只是昙花一现"
a local newspaper,找不到解释
a matter of,"na. 大约；…左右；…的问题
 几的事；是个…问题，事关；关于……的问题"
a number of,"na. 若干；=numbers of 许多的
 一些；大量的；很多"
a rigid moral code,找不到解释
a series of,"na. 一系列；许多
 一连串；一连串的；一系列的"
a significant issue,找不到解释
a variety of,"det. 种种；形形色色
 各种各样的；多种多样的；多种的"
a majority of, 大部分；大多数；大多数的
the majority of,"adj. 大多数
 大部分；大多数的；的大多数"
abide by,"na. 坚持；服从
 遵守；信守；遵循"
above all,"na. 最主要的；最重要的是
 首先；尤其是；特别是"
academic community,高等教育界;学术界;高等学校的全体师生员工
access to, 接近；进入；通向…的入口
accord with,"na. 和…一致
 符合；和...一致；与…符合"
according to,"prep. 根据；按照；据（…所说）；按（…所报道）
 依照；根据…所说；依据"
account for,"na. 证明；由于；说明(银钱等的)用途；打死
 解释；占；说明…的原因"
acquaint with,告诉，告知，通知；使知道，使认识，使了解；使熟悉；使相识，与…结识，介绍
act on,"na. “Act upon”的变体
 按照…而行动；对…起作用；按照…行动"
acute crisis,找不到解释
add to,"na. 增加
 增添；增进；添加"
add up to,"na. 总计共达；总之就是
 合计达；合计为；意味着"
adhere to,"v. 坚持；依附
 遵守；附着；粘着"
agree on,"na. 对…意见一致
 同意；对……取得一致意见；商定"
agree with,"na. 适合；赞同；与…一致
 同意；与...一致；同意某人"
all but,"na. 几乎跟…一样
 差一点；除了…都；差不多"
all over,"adj. 满
n. 全花织物
 到处；遍及；结束"
allegiance to,找不到解释
allow for,"v. 考虑到
 顾及；估计到；体谅"
an easy access,找不到解释
an elite athlete,找不到解释
an elite university,找不到解释
and so on,"na. “And so forth”的变体
 等等；诸如此类；如此等等"
and so forth,"na. 等等；云云；“and so on/forth”的变体
 如此等等；诸如此类；诸如此类，如此等等"
and then,"na. 然后
 于是；然后呢；其次"
and yet,"na. 但
 然而；可是；但是"
apart from,"prep. 除了…外（都）；要不是；除了…外（还）；此外
 除……之外；除...外；除去"
appeal to,"v. 求助于；引起N
 呼吁；吸引；上诉"
arise from,"v. 从…而得的
 由…引起；起因于；由…产生"
around the world,"un. 环球
 环游世界；世界各地；全世界"
around the clock,"na. 夜以继日地
 昼夜不停地；昼夜不断地；全天候"
round the clock,"na. 昼夜不停；整天整夜；昼夜不停地
 夜以继日的；日夜不停地；连续一整天"
arouse controversy,找不到解释
as a matter of fact,"na. 事实上；事实是
 实际上；其实；实际情况"
as if,"na. 彷佛；活像
 好像；仿佛；似乎"
as though,"na. 好像；见 well 条
 仿佛；好象；似乎"
as to,"na. 至于；说到
 关于；如此……以便；关于至于"
as well,"na. 也；同样
 又；还；也倒不如"
as well as,"na. 和…一样；…不用说
 也；既…又；和...一样"
as far as,"na. 远到；就；尽；至于
 远至；直到；就…而言"
so far as,"na. 就…而论；尽…说；只就…说
 就…而言；就...而论；就...说"
as long as,"conj. 只要
 长达；如果；既然"
so long as,"na. 只要；“as/so long as”的变体
 如果；表示只要；只要…就"
assault on, 对……猛袭；突击；袭击
at a loss,"na. 无办法；(猎犬)失去猎物嗅迹；亏本地
 不知所措；困惑；茫然"
at all costs,"na. 无论如何
 不惜任何代价；不惜一切代价；不惜代价"
at any rate,"na. 无论如何；至少；总而言之
 不管怎样；反正；总之"
at hand,"na. 在手边；即将到来
 在附近；眼前；近在手边"
at intervals,"na. 时时；处处；偶尔
 不时；每隔一会儿；每隔一段时间"
at length,"na. 最后；充分地
 详细地；终于；终于，最终"
at present,"na. 目前
 现在；当今；眼下"
at random,"na. 碰运气地；无目标地
 随便地；随机地；随意地"
at risk,"un. 担风险
 有危险；在危险中；处于危险中"
at stake,"na. 被赌着；在危险中；利害攸关
 利害攸关；危如累卵；在危急关头"
at the expense of,"na. 以…为代价；由…出钱；牺牲…
 以…为牺牲；在损害…情况下；在损害……的情况下"
at the height of, 在……顶点；在的高峰；在…最鼎盛时期
at the mercy of,"na. 完全受…支配
 在…支配下；完全受...支配；任由…摆布"
at the start,"na. 开始
 开始时；当初；起初"
at the thought of,"na. 一想到
 一想起；一想到…就；当……想到"
average wage,"un. 平均工资
 社会平均工资；平均工资水平"
back down,"na. 打退堂鼓；放弃权利等
 让步；放弃原主张；取消前言"
bargain for, 为购买（某物）讨价还价; 料到，考虑到（某情况）; 预料
base sth. on sth.,找不到解释
be addicted to,"na. 嗜好
 沉溺于；对……上瘾；沉迷于"
be at a standstill,"un. 停下来；停止转动
 裹足不前；停滞；处于停顿状态"
be aware of,"na. 知道
 意识到；觉察；了解"
be away from, 远离；离开；从……离开
be beyond dispute, 不容争议
be bid up,找不到解释
be bound up with,"na. 与…有密切联系；与…结合在一起；和…有密切关系
 与...有密切联系；与…有密切关系；相关"
be characterized by,"na. 有…的(显著)特点
 以…为特征；的特点在于；典型代表了"
be conscious of,"na. 意识到
 察觉；知道；觉察"
be content with,"na. 以…为满足
 对…满意；满足于；对……满足"
be dependent on,"na. 依靠
 依赖；依赖于；取决于"
be dependent upon,依靠(他人供给吃、住、钱等)，依赖；随…而定；依…而转移
be entitled to, 有权；有资格；有权做
be equivalent to,"na. 等于；相当于
 等价于；等效；与…相当"
be essential to,"v. 对…必不可少
 对…不可缺少；必不可少的；非常重要的"
be exposed to, 暴露于；面临；暴露在
be immune to,"对...有免疫力, 可避免..., 不受...的影响"
be in debt,"亏空,亏空额"
be in despair, 某人处于绝望中；绝望地；陷于绝望之中
be in sympathy with,同意；随着；赞同；和...一致
be in the way, 碍事；挡路；绊手绊脚
be irrelevant to, 不切题；与…不相干；与…不相关
be keen on,"na. 喜爱
 渴望；喜欢；热衷于"
be known as,"na. 通称
 被称为；被称作；被认为是"
be liable for, 对…应负责任的；对…负责；有责任
be liable to,"该受(罚), 应遵守..., 有...的倾向, 易于..."
be married to sb.,找不到解释
be on the ropes,（登山者）用绳相互系在一起
be out of date,过时的；已废的
be popular with,"na. 受…欢迎
 受…的欢迎；受…欢迎的；受到……的欢迎"
be proficient in,"v. 精通
 熟练…；熟练掌握；技术熟练"
be related to,"na. 和…有(亲戚)关系
 与……有关；与…有关系；与…相关"
be relevant to,"v. 有关
 与…有关；和……相关；与……相关"
be reluctant to, 不愿意；不情愿；不愿做…的
be resistant to, 抵抗的；抗拒；有抵抗力的
be responsible for,"v. 负责；担负
 对…负责；为…负责；对……负责任"
be skeptical of,找不到解释
be skeptical about,找不到解释
be suited for,适合…
be supposed to,"na. …(在职务上)要；不许
 应该；被认为；被期望"
be to blame,"na. 该负责
 该受责备；应该负责；应受责备"
be tolerant of,"na. 对…能容忍
 对…容忍；对……的容忍；对……宽容"
be typical of,"v. 代表；象征
 是…的特点；典型的；有代表性的"
be up in the air,"na. 悬而未决；尚未决定
 悬而未决的；不肯定；还没有确定"
be up to,"un. 面对；在干；居心
 胜任；该由…负责；应由"
be willing to,"na. 乐意进行
 愿意；乐于；情愿"
beat to the punch, 首先做出决定性的行动
bed down,"v. 使…安睡；下陷；卧睡
 铺床睡；安排过夜；准备住处"
beef up, <口>加强，补充（人数、兵力）等; 使更大（更好、更有意思等）
begin with,"na. 从…开始
 以…开始；开始于；以…为起点"
benefit from,"v. 从…得到好处
 受益于；从……中受益；从…中获益"
between jobs, 失业；待业中；工作之间
bid for,"na. 投标求包(工程)；出价竞买(某物)；争取得到(拥护等)
 申办；许诺获支持；为……而竞标或争夺"
bleed red ink, 赔本赤字
boast about,"na. 夸耀
 自夸；吹嘘；吹牛"
boot up,"un. 启动；自举；引导；使系统开始工作
 开机；开机后；起动"
brand new,"adj. 全新的；崭新的
 新约神话；全新品；焕然一新"
break away,"v. 逃脱；突然离开；突然离去；挣脱
 脱离；逃跑；摆脱"
break away from,"v. 脱离；离开；断绝与…的关系
 摆脱；从…脱离；脱离等"
break down,"v. 分解；抛锚；分析；划分
 损坏；出故障；瓦解"
bring about,"na. 造成；带来；(使船)回转
 引起；导致；产生"
bring in,"na. 生产；生(利)；收获(农作物等)；挣得(报酬等)
 引进；带来；引入"
bring out,"na. 公布；说出；出版；上演
 生产；阐明；说明"
build up,"na. 同“build”；建立；复兴；集结(部队)
 逐步建立；增进；积累"
burn down,"na. 把…烧成平地；(蜡烛等)逐渐烧完；火力减弱
 烧毁；烧光；烧为平地"
by contrast,"un. 相比之下；作对比；与此相反
 对比之下；对比而言；相比而言"
by far,"na. (修饰比较级,最高级,表示数量,程度等)…得多；尤其；更
 到目前为止；非常；最多"
by hand,"na. 用手的；用手递交的；(婴儿)用牛奶抚养的
 用手工；手动；手工的"
by means of,"na. 以
 用；依靠；借助于"
by nature,"na. 生就；从本性上说
 生来；天生的；生性"
by oneself,"na. 单独；独自；独力
 自行；独自地；单独地"
call for,"na. 呼吁；主张；需要；接(某人)
 要求；提倡；号召"
call forth,"na. 唤起
 引起；振作起，鼓起；激发"
call on,"na. 号召；指名要(某人)去干(某事)；请求；访问
 拜访；呼吁；拜访某人"
call upon,"na. “call on”的变体；同“call on ”
 号召；拜访；求告"
call up,"na. 传；动员；打电话给；呼唤
 召集；使想起；召唤"
carry on,"adj. (飞机乘客的行李)可随身携带的
n. (飞机乘客的)随身行李
 继续；继续下去；进行"
carry out,"na. 实行；开展；完成
 执行；实现；贯彻"
cast aside,"na. 抛弃
 废除；消除；唾弃"
cast light on, 映照；阐明；使明白
shed light on,"na. 阐明；解释；将…弄明白；照亮
 说明；阐明某事；使某事清楚"
throw light on,"na. 弄明白
 阐明；解释；说明"
cast light upon,阐明;使人理解某事;使某事更为清楚 
shed light upon,阐明;使人理解某事;使某事更为清楚 
throw light upon, 阐明，使…清楚
catch a glimpse of,"na. 瞥见；看一眼
 瞥一眼；瞥见了；匆匆一瞥"
cater to,"v. 迎合
 投合；满足某种需要或要求；满足……的需要"
charge sb. with,"na. 托付；使负…的罪名；使受…的责备
 控告；指控；指控…犯有罪"
circulate to,找不到解释
civil servant,"n. 公务员；政府官员
 文职人员；文官；行政能力倾向测试是公务员"
click on, 点击；用鼠标点击；单击
cling to,"v. 依附；坚持
 墨守；紧紧抓住；附着"
come in handy,"na. 迟早有用
 派得上用场；派上用场；有用得着的时候"
come into existence,"na. 产生；成立
 开始存在；形成；出现"
come into use,"na. (某物)开始被使用
 开始使用；投入使用；开始投入使用"
come off,"na. 同“come across”；(人)走了；(扣子,齿,发)脱落
 成功；实现；举行"
come to,"na. 总计为；结果是；苏醒；把船朝着风头
 达到；来到；恢复知觉"
come up with,"na. 想出(一个主意或计划)；提出；提供；筹措
 赶上；找到；想出某事"
comment on,"v. 评论
 对…评论；对…发表评论；对……的评论"
compare with,"na. 和…比较
 与…相比；与…相比较；与…比较"
compare ... to,找不到解释
compatible with,"adj. 与…不矛盾
 与……相容；符合；兼容"
compensate for,"v. 补偿；抵偿
 赔偿；弥补；补偿损失"
compete with,"v. 竞争
 与……竞争；与…抗争；高下"
complain about,"v. 埋怨
 抱怨；抱怨某事；抱怨某人或事情"
concentrate on,"na. 集中在；专心于
 全神贯注于；专注于；集中精力于"
conclude from, 相信某事物；从··推断出；从···中得出结论
consist of,"v. 由…合成
 由……组成；由…构成；包括"
contrary to,"na. 跟…相反
 与……相反；违反；和…相反"
contribute to,"na. 捐助；给…投稿；捐(款)给；投寄(一篇论文)给(某杂志)
 有助于；促成；贡献"
cope with,"v. 对付；应付
 处理；应对；解决"
core values, 核心价值观；公司核心价值观；金地核心价值观
count on,"na. 指望；预料到；期望
 依靠；依赖；期待"
couple sb. with sb.,找不到解释
couple sb. with sth.,找不到解释
couple sth. with sb.,找不到解释
couple sth. with sth.,找不到解释
crack down,"na. 敏捷地做；拼命做
 镇压；制裁；打击"
crack down on,"na. 对…进行制裁
 打击；镇压；严打"
creative expression, 创造性表达；创意表达；展现创意
cut across,"na. 对直穿过；同“cut”
 抄近路；抄近路穿过；走捷径"
cut corners,"na. 走捷径
 抄近路；超近路；偷工减料"
cut in,"na. 突然插入；(汽车)超车；抢去别人的舞伴；在电话里窃听
 插嘴；插嘴，打断；超车抢挡"
cut off,"na. 削除；截止；截断(退路等)；割下来
 切断；断绝；切掉"
date back to,"na. 回溯至
 追溯到；始于；可追溯到"
deal with,"na. 办理；对待；与…交涉；与…交易
 处理；对付；应付"
decline in,在…方面逐渐衰弱(或败落)
decorate ... with,"v. 装饰以
 以…来装饰；用…装饰；以…装饰"
dedicate ... to,找不到解释
deliberate practice,找不到解释
delicate situation,找不到解释
dependence on, 依赖；依靠；信赖
deprive ... of,"un. 剥夺
 剥夺某人的；使失去；使丧失"
derive from,"v. 来自；起源于
 衍生；由来；来源于"
designate ... as,找不到解释
detach from,"v. 分离自
 使分开；拆卸；拆下"
die out,"na. 死绝
 灭绝；消失；逐渐消失"
distinguish A between B,找不到解释
distract one's attention,找不到解释
do without,"na. 无需
 没有…也行；不用；将就"
drag sb. down,"na. 挣工资；赚(钱)
 拖垮；向下拖；把人拖垮"
drag sth. down,"na. 挣工资；赚(钱)
 拖垮；向下拖；把人拖垮"
draw up,"na. 写出；正容；整(队)；拉起(鱼网等)
 起草；草拟；停住"
dream up,"na. 凭空想出；凭空捏造出
 虚构；创造；梦想"
dress up,"na. 乔装；装扮；为…打扮；盛装打扮
 穿上盛装；装饰；精心打扮"
drive away,"v. 赶走
 开走；把车开走；离开"
drop out,"na. 退出；(因不满传统制度而)退出正常社会；落出；隐退
 退学；辍学；掉落"
due to,"un. 由于；预定；因为；亏
 应归于；由於；由…引起"
earn one's living, 谋生；营生；挣钱维持生计
easy game, 爱是；容易捕获的猎物；易捕获的猎物
echo with, （指某处）回荡（某声音）
economic crisis,"na. 经济危机
 金融危机；全球经济危机；经济危急"
eligible for, 合格；对……合格；够资格
eliminate from, 从…中消除；从……排除；去除
embark on,"un. 着手
 从事；开始；开始着手做某事"
embark upon,"un. 登
 开始；开始，从事，着手；开始工作"
emerge from,"v. 从…里露出
 出现；暴露；曾经一度遭到"
eminent scholar,n.著名学者
encounter with,偶然遇见，偶然碰到(朋友等)；遭逢(敌人等)；遭遇(危险等)；与…冲突
end up with,"na. 以…而告终
 以…而结束；以…结束；以……告终"
engage in,"na. 从事；参加
 参与；从事于；忙于"
enroll in,"v. 登记
 报名参加；参加；加入"
enthusiasm for,"na. (运动)热
 热爱；热衷；热心"
epidemic flu,找不到解释
even if,"na. 即使…也
 纵然；就算；甚至"
even though,"na. “even if”的变体
 即使；尽管；虽然"
ever since,"na. 从…以来
 从那时起；自从；此后一直"
evident in,找不到解释
except for,"na. 只有
 除了；除…之外；除了……之外"
exclude ... from, 把…排斥于…之外；把……排除在外；同上但是使用档案
exempt from,"v. 使…免除
 豁免；免除的；免予"
extract ... from,找不到解释
fail to,"v. 未能；使…失望
 不能；没有；没能做成"
fair play,"n. 按规则比赛；公平办事
 公平竞争；公平竞赛；费厄泼赖"
fall off,"na. 下降；(从马上)掉下来；扫兴颓丧；离开
 跌落；减少；衰退"
fall short of,"na. “come short”的变体；“fall short”的变体
 达不到；缺乏；不符合"
fall victim to,"v. 受害于
 成为…的牺牲品；成为……的受害者；成为牺牲品"
far from,"na. 远离；决不
 远非；完全不；远远不是"
fierce competition, 激烈竞争；激烈的竞争；竞争激烈
figure out,"na. 估计；解决；了解；确定
 想出；算出；计算出"
fill in,"na. 填充；填写；同“fill”
 填满；填入；过门"
fill out,"na. 填写(表格等)；变胖；长胖；胖起来
 填表；填好；填充"
financial assistance, 财政资助；经济援助；经济资助
find fault with,"na. 吹毛求疵；找…的岔子
 挑剔；找岔子；挑毛病"
first impression, 第一印象；上指第一印象；最初的印象
flesh out,"na. 充实；使…具体化
 使有血有肉；使之更充实并具体化；充实完整"
focus on, 致力于; 使聚焦于; 对（某事或做某事）予以注意; 把…作为兴趣中心
for example,"na. 例如
 举例；比如；比如说"
for one thing,"na. 第一；原因之一是
 首先；一则；一方面"
for sure,"adv. 确实
 肯定地；确切地；毫无疑问"
for the most part,"na. 在极大程度上；就绝大部分而言；多半；基本上
 大多；大多数情况下；在大多数情况下"
for the sake of,"adv. 为了…起见
 为了…的利益；为了…的目的；为了…的缘故"
for the time being,"na. 暂时；一时；临时；在目前
 暂且；眼下；now暂且，就现在来说"
formal education, 正规教育；正式教育；形式教育
from the bottom up,"na. 从一开始；彻底地
 自下而上；从下到上；由下而上"
from time to time,"na. 时时
 有时；不时；不时地"
gain control over,找不到解释
get control over,vt.控制
have control over,"un. 掌握；控制
 对…加以控制；对……控制；控制住"
gain an advantage over,"胜过,优于"
have an advantage over,"na. 胜过
 优于；比……有优势；比…处于有利地位"
gain profit,"un. 得利益
 利润；获利；获得利益"
make profit,"un. 谋利
 获利；盈利；赚钱"
gender inequality, 性别不平等；两性不平等；性属上不平等
get around to,"v. 找时间做
 开始考虑；抽时间做；抽出时间来做"
get round to,"v. 找时间做
 腾出时间来做；花时间和精力去做；开始考虑"
get going,"na. 采取行动；出去；使某人发怒
 开始；出发；动手"
get in,"na. 进入；收(庄稼)；收集(税收,捐款等)；插入
 到达；收割；进站"
get into,"na. 进入；穿上；成癖；陷于
 陷入；卷入；养成"
give birth to, 生（孩子），生育; 引起，产生; 娩出; 娩
give off,"na. 发散(水蒸气等)
 发出；放出；释放"
give place to,"na. 让位于
 让位给；被…所代替；被...代替"
give priority to,"na. 把优先权让给…
 为主；优先考虑；认为优先"
give rise to,"na. 惹起
 引起；导致；使发生"
go by,"na. 走过；以…为根据(作判断)；顺道访问；受…所控制
 过去；经过；依照"
go into action,"na. 开始行动；投入战斗
 行动起来；出马"
go into,"na. 进入；(门等)通着；加入；参与
 调查；从事；研究"
go over,"na. 仔细查看；仔细搜查；排练；重温
 复习；检查；仔细检查"
go through,"na. 认真检查；仔细地搜；(提案或法案)通过；被批准
 经历；经受；仔细检查"
go up,"na. 上升；上城市去；腾贵；烧起来
 上涨；增长；上去"
graduate from,"v. 毕业于
 从…毕业；毕业於；从…毕业例句"
grip on,找不到解释
grow out of,"na. 抛弃；戒除；长大而穿不上衣服；源出
 产生于；由…产生；长得太高大"
hand in,"na. 交进
 上交；交上；递交"
handful of,找不到解释
hardly ... when,找不到解释
hardly ... before,找不到解释
have an effect on,"na. 对…有影响
 对……产生影响；对……产生作用；对……有效果"
have no effect on,"un. 对…有作用；对…毫无影响；并不影响
 对……没有影响；对什么毫无效果"
have faith in,"na. 相信
 信任；对……有信心；信仰"
have influence on, 对某物施加影响；对……产生影响；有影响
head for,"na. 走向
 前往；向…方向前进；朝…方向走去"
hint at,"v. 暗示；示意
 对别人暗示；对……暗示；暗指"
historical prejudice,找不到解释
hold back,"na. 阻止；踌躇；隐瞒；抑制
 退缩；控制；退缩不前"
hold up,"v. 举起；支撑；耽误；抢劫
n. 抢劫；延误；堵车
 阻挡；耽搁；拿起"
if anything,"na. 甚至可能；要说呢
 若有任何不同的话；如果有什么的话；如果有什么不同的话"
if only,"na. 只要；只要…就好了
 如果能再爱一次；要是……就好了；但愿"
impose ... on,"v. 强迫；欺骗
 把…强加于；施加影响于；利用"
in a row,"na. 成一排；连续
 连续的；一连串；接连"
in addition to,"na. 加之
 除…之外；除了；除…外"
in addition,"na. 加之
 另外；此外；又"
in and out,"na. 迂曲；忽隐忽现
 进进出出；里里外外；进进出出的"
in any case,"na. 无论如何；横竖
 不管怎样；总之；在任何情况下"
in brief,"na. 简单地说
 简言之；简而言之；总之"
in broad daylight,"na. 在大白天
 光天化日；在光天化日之下；公开地"
in case,"na. 以防万一；作为准备；如果；免得
 假使；假如；以防免得"
in combination with,"na. 和…共同
 与…结合；与……合作；与……联合起来"
in common,"un. 和…有相通之处；公有
 共同；共有的；共同的"
in comparison with,"na. 和…比起来
 比较；与…比较；与…比较起来"
in conflict, 有矛盾；不一致；发生冲突
in conjunction with,"na. 与…共同；连带着
 连同；与...协力；与之伴随的"
in consequence,"na. 因此
 结果；因而；在…条件下"
in contrast with,"na. 和…成对比；和…大不相同
 与……相比；和…成对照；与……形成对比"
in contrast to,"un. 相形之下；与…相比；与…相反；与…对比
 “与……相比；与。。。相反；与……形成对照"
in detail,"na. 详细
 详细地；详细的；详尽"
in effect,"na. 实际上；总之；有效
 事实上；生效；正在实行"
in high spirit,找不到解释
in keeping with,"na. 和…一致
 符合；与……协调；与…一致"
in no time,"na. 立刻
 马上；很快；立即"
in other words,"na. 换句话说
 换言之；也就是说；也就是"
in part,"na. 一部份地；有几成；在某种程度上
 部分地；一部分；有些部分"
in particular,"na. 特别；一一
 尤其；特别地；特别是"
in proportion,"un. 匀称；一分不多；按比例
 成比例；相称；成比例的"
in proportion to,"na. 与…成比例；与…相称；按…的比例(越…越…)
 成比例的；按……的比例；按比例"
in question,"adj. 在谈论中
 正在谈论的；正在考虑；正被谈论的"
in response to,"na. 应…而
 响应；回答；对…做出反应"
in search of,"na. 寻找；去找；追求；为了寻求
 为了寻找；搜索；查究"
in short,"na. 简单地说；总之
 简言之；简而言之；总而言之"
in spite of,"na. spite of 不管；无视
 尽管；不顾；虽然"
in terms of,"na. 依…；从…方面；用…特有的字眼
 根据；在...方面；按照"
in the case of,"na. 论到
 至于；就…来说；就…而言"
in the course of,"na. 在…之中
 在…过程中；在…期间；在…的过程中"
in the form of,"na. 用…的形式
 以…形式；以……的形式；以某种形式"
in the shape of,"na. 以…的形状；呈…的形状；以…的形式；作为…
 以……的形状；呈...形状；以……形状"
in the grip of,"un. 控制自己的情绪；被捏在…里；在…控制之下；患了
 受……控制；处于；受…的控制"
in the interest of,"na. 为了…的利益
 对……有利；为了……利益；符合……的利益"
in the least,"adv. 全然
 丝毫；一点；一点儿"
in the long run,"na. 归根到底；“in the long run/term”的变体
 从长远来看；最后；从长远观点看"
in the matter of,"na. 关于…；就…而论
 就而论；在…方面；就…而言"
in the past,"na. 在过去
 以往；从前；过往"
in the short term, 从短期来说；短期内；从眼前的观点看
in the long term,"na. 从长期看
 从长远角度看；从长远来看；从长远观点来看"
in the wake,紧跟，尾随；伴随而来；紧紧跟在…的后面；效仿；追随着前船的航迹(船驶过后留在水面的余迹)，跟在前船后面；随着…而来，作为…的结果
in the world,"na. 在世界上；究竟
 到底；全世界；长城是世界一大奇迹"
in theory, 理论上；从理论上看；在理论上
in turn,"na. 挨次
 依次；轮流；反过来"
in face of,"v. 当面对
 纵然，即使；面临；不顾"
in the face of,"na. 不避；不管；在…前面；面临
 面对；在...面前；不顾"
in relation to,"na. 关于…
 涉及；有关；与…相比"
with relation to,"na. 关于…
 涉及；有关；就……而论"
incur criticism,找不到解释
interfere in,"v. 干涉
 干预；在某件事上打扰；相关词组"
involve sb. in,找不到解释
keep secret,"na. 保守(某事)秘密
 保密；保守秘密；不告诉别人"
keep ... secret,"na. 保守(某事)秘密
 保密；保守秘密；不告诉别人"
keep a hold on,找不到解释
keep away from,"v. 远离
 避开；使远离；别靠近"
keep down,"na. 压住；压服；用小活字排印；缩减
 控制；镇压；控制，压制，镇压"
keep in mind,"na. 记在心里；记住；注意
 牢记；紧记；牢记在心"
keep one's eyes open,"na. 时刻提防；留神监视
 留心看着；保持警惕；留意"
keep one's ears open,"un. 私下；竖起耳朵听听
 留心倾听；留心听；竖起耳朵仔细听"
keep track of,"na. 追踪；记录；保持联系；密切注意…的动向
 与…保持联系；跟踪；保持对……的联系"
keep up,"na. 支持；保持；继续；停歇
 维持；坚持；持续"
keep abreast of,"na. 跟着(时代)跑
 了解……的最新情况；跟贴；跟上"
keep abreast with,"na. 跟着(时代)跑
 跟上；不落后于；跟上不落后于"
be abreast of, 使不落后于
be abreast with,(使)保持与…并列; 了解…的最新情况
knock down,"na. 打倒；拆除；拆卸；(拍卖时)敲槌卖出
 撞倒；击倒；击落"
know of,"v. 知道有
 听说过；了解；知道为什么"
know about,"v. 知道
 了解；知道关于；知道…的情况"
last hurrah,"na. 最后的努力
 最后的狂欢；最后的一次努力图片；最后狂热"
lead up to,"na. 渐渐诱入；设法引出
 导致；引起；把…一直带领到"
lean on,"na. 靠在；倚赖；据险(固守)
 依靠；依赖；倚靠"
lean towards,"un. 倾向:
 倾向于；朝…倾斜；有……的倾向"
learn about,"v. 得知关于；学习关于
 了解；学习有关…知识；学得"
leave behind,"na. 遗留；留下；追过；留在后头
 超过；落后；丢弃"
legitimate purpose,找不到解释
legitimate right, 合法权利；正当权利；合法的权利
let alone,"na. 任随；更不用说；放任；莫说…(连)
 更别提；更不必说；不管"
let in,"na. 放入；嵌入；陷入…；欺骗
 放…进来；让…进来；放进"
let off,"na. 放(枪,花炮等)；说出(俏皮话等)；宽恕
 免除；放过；放出"
level off,"na. 弄平；达到同一水准；(物价等)稳定；(飞机降落前)水平飞行
 达到平衡；平整；趋向平稳"
lie in,"na. 存在于；(分娩后)坐月子
 位于；睡懒觉；躺在"
linger on,"na. 同“linger ”
 流连忘返；苟延残喘；继续逗留"
live off,"na. 住在…之外；以…为生
 靠…生活；靠……供养；依赖…生活"
live with,"v. 和…住在一起；和…同居；和…妥协；容忍
 忍受；接受；与……住在一起"
log in,"na. 进入电脑工作系统；“log on”的变体
 登录；登入；登陆"
look back,"na. 回头看；回顾；追想 (to；upon)；(对事业等)不起劲
 回忆；追忆；向后看"
look back on,"v. 回顾
 回忆；回顾过去；回首"
lump together,"na. 总计
 把…混为一谈；合在一起；合并"
make a complaint, 抱怨；投诉；提出投诉
make an effort,"na. 努力作出
 作出努力；做出努力；尽一番努力"
make every effort,"na. 力求；费尽心血
 尽一切努力；尽所有的努力；尽全力"
make certain,"na. 保证
 弄清楚；弄确实；确定"
make compromises,妥协
make no difference,"un. 在意；没关系；没有差别；无动于衷
 没有影响；没有区别；没影响"
make nothing of,"na. 轻视；满不在乎；认为不在话下
 不以为意；不当一回事；不了解"
make sense,"na. (话等)有意义；合理；有道理；讲得通
 言之有理；使…有意义；好理解"
make sure of,"na. 弄明白；将…拿到手；叮嘱明白；查明无误
 弄清楚；尽力做到；一定要"
make sure that,"查明, 弄确实, 弄清楚, 保证, 设法一定做到, 务必, 如此安排"
make up,"na. 弥补；起草；定；签订
 组成；化妆；编造"
mass transport system,找不到解释
massive attention,找不到解释
medical practitioner, 医生；执业医师；开业医生
meet with,"na. 碰见；遭遇；偶然发现；达到
 遇见；遇到；碰到"
minimum wage,"n. （法定的）最低工资
 保底工资；法定最工资；基本工资"
minority language,少数民族语言
monetary policy,"un. 金融政策
 货币政策；贷币政策；独立自主的货币政策"
move away, 离开; 搬到别处去住; 改变（见解）; 挪开
move forward,"na. 前进
 向前发展；向前移动；向前进"
move up,"na. 提上
 上移；向上移动；提升"
negative effect,"n. 消极作用
 负磁力效应；负面影响；负效应"
negative influence, 消极作用；负面影响；负影响
neglect of, 疏忽；对…的疏忽
no doubt,"na. 无疑地；很可能
 毫无疑问；必定；不要怀疑合唱团"
no matter how,"na. 不管怎样
 无论怎样；无论怎么样；不管如何"
no matter what,"na. 不管怎什么
 无论如何；无论什么；不管什么"
no matter when,"na. 不管怎什么时候
 无论什么时候；无论何时；不管什么时候"
no more than,"na. 不过是；仅仅
 至多；只是；只不过"
nothing but,"na. 不外；的确
 只有；只不过；只是"
now and then, 偶尔；时而；不时
obstacle to, 纪念碑；障碍；的障碍
occur to, 想到；被想起；被想到
of no account,"na. 不重要的
 无价值的；毫不重要；无足轻重"
on average, 平均；平均起来；通常
on the average,"na. 平均；一般说来
 平均起来；按平均值；平均而言"
on an average,"na. 平均；一般说来
 平均起来；平均而言；按平均"
on behalf of,"na. 替；为…的利益
 代表；代表某人；以…名义"
on hand,"na. 现有；出席；在近处
 在手边；在场；在手头"
on paper,"na. 纸上；统计上；理论上
 以书面形式；在纸上；在名义上"
on short notice,"na. 忽然；急忙；“at/on short notice”的变体
 一接到通知就；在很短的时间内；临时通知"
on the contrary,"na. 反之
 正相反；相反地；相反的"
on the road,"na. 在旅行中；(剧团等)在巡回演出中
 在路上；在旅途中；浪荡世代"
on the side,"na. 顺便；作为副业；略略添上
 作为兼职；暗地里；作为兼职或副业"
on the spot,"na. 当场；立刻；用现货；(人)准备妥当
 在现场；在场；马上"
on the surface,"na. 表面上
 外表上；在表面上；表面上的"
on the whole,"na. 整体上说
 总的来说；大体上；基本上"
once for all,"na. 只此一次；断然
 一劳永逸地；永远地；彻底地"
once and for all,"ph. 一劳永逸地
 最后一次；彻底地；只此一次"
only if ...,找不到解释
original purpose,找不到解释
originate from,"v. 起源于；发源于
 来源于；来自；起源於"
other than,"na. 与…不同；除了
 不同于；除…之外；而不是"
out of hand,"na. 即时；脱手；告终；难对付
 无法控制；失去控制；失控"
out of style,"na. 没有样子；“in/out of style”的变体
 过时的；不时髦；不时髦的"
over time,"conj. 随着时间的过去
 三十拉警报；随着时间的推移；久而久之"
owe to,"v. 由于；把…归功于
 应该把…归功于；欠；因为"
package deal,"un. 一揽子交易
 一揽子交易中的条款；一揽子工程；一揽子计划"
part and parcel of sth.,找不到解释
part with,"na. 跟…分别；解雇；卖掉(东西)
 放弃；割舍；辞退"
pass away,"na. 消失；Vi. 经过；去；终止
 去世；逝世；过世"
pass on,"na. “pass away”的变体；递；传达；通过
 传递；传授；把…传给别人"
patriotism ideology,找不到解释
pave the way for,"na. 为…铺平道路；使…容易到来
 为…创造条件；为…做好准备；为…铺路"
persist in,"v. 坚持
 固执；坚持不懈；坚持不懈，执意"
pick up,"v. 拾起；探出；重新开始
 捡起；拿起；学会"
pin down,"na. 强迫(人)承认条约；用…束缚住；阻止；牵制
 确定；压制；使受约束"
play a role in,"v. 起作用于
 在……中起作用；在……扮演一个角色；在……中扮演角色"
play with,"na. 玩弄(火等)；以…自娱
 玩耍；和……一起玩；和…玩"
plough through,"un. 破浪航行
 费劲地阅读；吃力地钻研，艰难地通过；费力的阅读"
point of view,"n. 观点；态度；意见；看法
 视角；视点；角度"
point out,"na. 指出
 指明；说明；指示"
pose a challenge, 提出某种挑战；提出挑战
pose a threat to, 对…有一种威胁；对……构成威胁；对……造成威胁
pour into, 不断地流进; 注入; 灌注; 倾注
pour out,"v. 倾吐；诉说
 涌出；倾诉；倾倒"
prejudice against, 偏重；对……的偏见；对……偏见
preparation for, 准备；为…做的准备；为…做准备
primary language, 主语言；主要语言；主要语言文字种类
prior to,"adj. 前于
 此前；在…之前；先于"
publicly traded companies,找不到解释
pursuit of,找不到解释
push aside,"v. 推开
 把…推到一边；拨开；扒开"
push away,"na. 推开
 推球；开始助跑；是推开"
put aside,"na. “set aside”的变体
 储蓄；撇开；放在一边"
put down to, 归因于；说…因而起；归因为
put forward,"na. 提出(计划,意见等)；建议；促进；推举(候补人等)
 提前；推荐；表提出"
put sth. into effect,找不到解释
bring sth. into effect,找不到解释
put to use,"na. 用
 利用；使用；运用"
racial discrimination,"n. 种族歧视
 种族被歧视；反种族歧视；种施歧视"
radical viewpoint,找不到解释
raise suspicion,找不到解释
range from A to B,找不到解释
rare bird, 珍禽；珍稀鸟类；奇异珍贵的宝物
rather than,"na. 而不
 而不是；宁愿；与其"
ready for, 准备好干某事; 准备供（某人、事）用的; 准备应付; 对付
reckon as,"被认作…, 被看作…"
reckon for,"v. 认为；看做
 对…负责；说明理由；考虑到"
reckon to be,找不到解释
recruit volunteers,找不到解释
refer to,"v. 查阅；提到
 参考；涉及；谈到"
refer to ... as,"v. 提交；归类；称谓
 把…称作；把…当作；称为"
reflect on,"v. 考虑；回想
 反省；思考；仔细考虑"
regardless of,"prep. 不管；不顾；不理会
 不论；无论；不注意"
respond to,"v. 响应
 对…反应；回答；对…作出反应"
rest on,"na. 被支持在…上；(目光等)停留在…上
 依靠；依赖；被搁在"
rest upon,"na. 被支持在…上；(目光等)停留在…上
 依赖；依靠；依赖于"
restore one's bearings,找不到解释
result in,"na. 终于(失败)
 导致；结果是；造成"
retreat from,"v. 放弃；撤退
 从退出；从……退却；避开"
return to,"v. 回到；返回；还给；降到
 返回到；恢复；回来"
root in, 扎根于；来源于；起因于
root ... in,找不到解释
run dry,"na. 干涸；(奶,水等)不出；在干燥的情况下操作；(乳牛)不产奶
 流干；枯竭；干枯"
run for,"na. 去叫(…)；做…的候选人
 竞选；让…竞选；竞选职位"
run out,"na. 耗尽；用光；过有效期；失效
 用完；用尽；到期"
run over,"v. 轧过；碾过；演练；排练
 辗过；溢出；浏览"
rush through,"v. 匆匆完成
 匆忙做完；快速通过；匆忙通过"
saturate ... with,找不到解释
scale back,"na. 相应缩减
 按比例缩减；减少；缩小"
scale down,"na. (按比例)缩减；分频；“scale back”的变体
 按比例缩小；缩小比例；按比例减少"
see to,"na. 注意；留心；当心；检查
 负责；照料；留意"
send out,"na. “send forth”的变体
 发出；派遣；发送"
serve as,"v. 用作；充当
 作为；担任；当作"
set off,"na. 分；分割；划开；区划
 出发；动身；引起"
severe criticism,找不到解释
sharp criticism,找不到解释
show off,"na. 卖弄；自以为是；趾高气扬；炫耀
 出风头；摆谱儿；使显眼"
show up,"na. 显眼；揭发；嘲笑；露面
 出现；出席；揭露"
shut up,"na. 关住；监禁；密封；停止
 闭嘴；住口；关闭"
side with,"v. 援助；偏袒
 支持；一边，支持；站在…一边"
single currency, 单一货币；统一货币；这里指欧元
single out,"v. 挑选出；精选出
 挑出；是选出，挑出的意思；脱颖而出"
sink in,"un. 晕倒；西斜；渗入；打进心坎
 被理解；被了解；被完全理解"
skilled at,adj.精通...的
slacken off,"un. 松劲
 萧条；懈怠；松懈"
snatch at,"v. 抓住
 抓取；设法抓住；抢取"
soak up,"v. 吸取
 吸收；摄取；吸收摄取"
social conflict, 社会冲突；社会矛盾；社群冲突
social environment,"na. 社会环境
 社交环境；社会和文化环境；社会的环境"
speculate about,"v. 思考
 猜测；推测；思索某事"
speculate on,"v. 思考
 思索；考虑；推测"
speed up,"na. 加快(机器等的)速度；使加紧做
 加速；加快速度；增加速度"
spell out,"na. 详细说明；正式拼写
 讲清楚；清楚地说明；拼出"
splash out, 挥霍；大肆挥霍；随意花钱
spread over,"na. (根据特殊需要而作的)部分工时调整
 遍布；传遍；遍布在"
stand for,"na. 忍耐；忍受；主张；拥护
 代表；象征；代替"
start with,"v. 以…开始
 以……开始；从…开始；首先"
stay away from,"un. 退避三舍；回避；不要到…去；停止和…交往
 远离；与……保持距离；离…远点"
step up,"v. 加紧；走上前；登上；增加
 舞出我人生；提高；舞出真我"
stick to,"na. 忠于
 坚持；粘住；遵守"
stick with, 坚持；继续支持；坚持做
straight up,"un. 真的
 不加冰块的；净饮；快快说清楚"
stumble on,"un. 踌躇地转着；碰上
 偶然发现；无意中发现；绊倒"
stumble upon,"un. 踌躇地转着；碰上
 偶然发现；偶然找到；被卷入"
stumble across,"un. 踌躇地转着；偶然发现
 无意中发现"
subject to,"v. 处于…中；使服从
 受制于；以……为条件；以……为准"
subscribe to,"v. 同意；赞成；订阅；定期捐款
 订购；认购；赞同"
substitute for,"v. 取代；替代
 代替；替换；的替代物"
suffer from, 患（某种病），受（某种病痛）折磨; 因…而受罚; 闹; 罹
survival of the fittest,"un. 最适者生存；适应生存
 优胜劣汰；适者生存法则；物竞天择"
survival rate,"n. 成活率
 生存率；存活率；留任率"
swear to,"na. “swear”的变体
 断言；发誓；保证某事"
take advantage of,"na. 乘；利用；欺骗；引诱(女人)
 占便宜；充分利用；对……加以利用"
take effect,"na. 有效验；生效
 起作用；见效；奏效"
take in,"na. 加以考虑；访问；收进；收容
 欺骗；吸收；接受"
take into account,"na. 考虑
 把…考虑进去；考虑到；顾及"
take into consideration,"v. 顾及
 考虑到；把……考虑进去；予以考虑"
take its toll, 造成损失；造成伤亡；伤害某人
take on,"na. 担任(工作等)；较量；装(某种样子)；呈现(形势)
 承担；雇用；雇佣"
take on oneself, 主动承担；把归咎自己；把归咎自己擅自
take upon oneself,"na. 负担；毅然
 承担；大胆；亲自负起某项责任"
take over,"na. 接管；继承
 接收；接任；接替"
take pains,"na. 费苦心；尽力
 煞费苦心；下苦功；操心"
take part in,"na. 参加；贡献
 参与；参加活动；参与…活动"
take root,"na. “strike root”的变体
 生根；扎根；生根，扎根"
take to,"na. 嗜好；开始；参加；逃入
 喜欢；从事；喜爱"
take turns,"na. 替换
 轮流；轮流换班；轮流做某事"
take up,"na. 拿起；举起；拾起；给搭(火车等)
 占据；从事；开始"
take a nap,"na. 睡午觉；打一个瞌睡
 小睡一下；打盹；打个盹"
get a nap,找不到解释
have a nap,"na. 睡午觉；打一个瞌睡
 打个盹；小睡；打盹"
take ... to heart,"v. 非常关心
 认真；认真关注；对…耿耿于怀"
lay ... to heart,找不到解释
that is,"na. 即；用于纠正之前说过的内容
 也就是说；那是；那就是说"
i.e.,"adv. 也就是
abbr. （拉丁）即（id est）"
the local culture,找不到解释
the prime objective,找不到解释
there and then,"na. “then and there”的变体
 当时当地；当场；在当时当地"
think highly of,"na. 尊重；评价极高
 看重；器重；高度评价"
think poorly of,"na. 不佩服
 低估；不放在眼里；轻视"
think of ... as,找不到解释
time zone,"n. 时区
 选择时区；时间区域；时区管理"
to begin with,"na. 首先；本来
 第一；一开始；起初"
to start with,"na. 首先
 第一；作为开始；一开始"
touch on,"na. 说到
 涉及；提及；谈及"
treat to, 款待；招待；请客
tune in,"na. 调谐；收听；开始
 收看；调入；调准"
tune in to sth.,找不到解释
turn around,"na. 转身；使向好的方向转变
 回转；转过身；转过来"
turn back,"na. 同“turn down ”
 折回；往回走；翻回到"
turn off,"v. 关掉
 关上；关闭；解雇"
turn out,v. （以某种方式）发生；最后是；结果是 （尤指天气突然）变得（晴好） 原来是；结果发现 出席;参加;前去观看关掉，熄灭（电灯、煤气等） 出席;参加;前去观看生产；制造 （尤指把某人从其长期居住处）撵走，赶出，逐出 翻出；倒出 出席；参加；前去观看
turn the corner,"na. 转弯；度过危机；情形好转；拐过街角
 渡过难关；转危为安；拐弯"
view ... as ...,找不到解释
virtual currency, 虚拟货币；虚拟货币发行；虚拟流通
vote for,"na. 赞成；建议
 投票赞成；选举；投票选举"
warm up,"na. 加热；变暖；热中起来；作准备动作
 热身；暖身；热身运动"
watch over,"na. 监视；留心；看护
 看守；照看；照管"
win over,"na. 争取过来
 把…争取过来；战胜；战胜对方"
wish for,"v. 希望；想要
 愿望；希望得到；盼望"
with respect to,"na. 考虑到
 关于；至于；有关"
with regard to,"na. 关于；对于；为了答复；“in/with regard to”的变体
 至于；就…而言；至于，就"
in regard to,"na. “in regard of”的变体
 关于；至于；对于"
work up,"na. 刺激；煽动；刻苦完成；展开(故事的情节)
 激发；激起；逐步引起"
zeal for,"v. 热心于
 热衷；对……热心；热忱"
absurd,"n. 荒诞；荒诞作品
adj. 荒谬的；可笑的"
obscure,"adj. 昏暗的，朦胧的；晦涩的，不清楚的；隐蔽的；不著名的，无名的
vt. 使…模糊不清，掩盖；隐藏；使难理解
n. 某种模糊的或不清楚的东西"
obsolete,"adj. 废弃的；老式的
n. 废词；陈腐的人
vt. 淘汰；废弃"
accept,"vi. 承认；同意；承兑
vt. 接受；承认；承担；承兑；容纳"
admit,"vi. 承认；容许
vt. 承认；准许进入；可容纳"
admire,"vt. 钦佩；赞美
vi. 钦佩；称赞"
acquaint,vt. 使熟悉；使认识
account,"n. 账户；解释；账目，账单；理由；描述
vt. 认为；把…视为
vi. 解释；导致；报账"
amount,"n. 数量；总额，总数
vi. 总计，合计；相当于；共计；产生…结果"
alternate,"n. 替换物
adj. 交替的；轮流的
vt. 使交替；使轮流
vi. 交替；轮流"
alternative,"n. 二中择一；供替代的选择
adj. 供选择的；选择性的；交替的"
altitude,n. 高地；高度； 顶垂线；（等级和地位等的）高级；海拔
latitude,n. 纬度；界限；活动范围
attitude,n. 态度；看法；意见；姿势
gratitude,n. 感谢（的心情）；感激
apprehension,n. 理解；恐惧；逮捕；忧惧
comprehension,n. 理解；包含
arise,vi. 出现；上升；起立
raise,"n. 高地；上升；加薪
vt. 提高；筹集；养育；升起
vi. 上升"
rise,"n. 上升；高地；增加；出现
vt. 使…飞起；使…浮上水面
vi. 上升；增强；起立；高耸"
assumption,n. 假定；设想；担任；采取
presumption,n. 放肆，傲慢；推测
consumption,n. 消费；消耗；肺痨
resumption,n. 恢复；重新开始；取回；重获；恢复硬币支付
avenue,n. 大街；林荫大道；(达到某物的)途径，手段，方法，渠道
revenue,n. 税收，国家的收入；收益
barely,adv. 仅仅，勉强；几乎不；公开地；贫乏地
rarely,adv. 很少地；难得；罕有地
capability,n. 才能，能力；性能，容量
capacity,n. 能力；容量；资格，地位；生产力
captive,"n. 俘虏；迷恋者
adj. 被俘虏的；被迷住的"
captivate,vt. 迷住，迷惑
capture,"n. 捕获；战利品，俘虏
vt. 俘获；夺得；捕捉，拍摄,录制"
classic,"n. 名著；经典著作；大艺术家
adj. 经典的；古典的，传统的；最优秀的"
classical,"n. 古典音乐
adj. 古典的；经典的；传统的；第一流的"
conflict,"n. 冲突，矛盾；斗争；争执
vi. 冲突，抵触；争执；战斗"
confrontation,n. 对抗；面对；对质
contract,"n. 合同；婚约
vt. 感染；订约；使缩短
vi. 收缩；感染；订约"
contrast,"n. 对比；差别；对照物
vt. 使对比；使与…对照
vi. 对比；形成对照"
contact,"n. 接触，联系
vt. 使接触，联系
vi. 使接触，联系"
consequently,adv. 因此；结果；所以
frequently,adv. 频繁地，经常地；时常，屡次
dash,"n. 破折号；冲撞
vi. 猛冲；撞击
vt. 使…破灭；猛撞；泼溅"
rash,"n.  皮疹；突然大量出现的事物
adj. 轻率的；鲁莽的；不顾后果的"
rush,"n. 冲进；匆促；急流；灯心草
adj. 急需的
vt. 使冲；突袭；匆忙地做；飞跃
vi. 冲；奔；闯；赶紧；涌现"
deliberate,"adj. 故意的；深思熟虑的；从容的
vt. 仔细考虑；商议"
delicate,adj. 微妙的；精美的，雅致的；柔和的；易碎的；纤弱的；清淡可口的
dedicate,vt. 致力；献身；题献
descend,"vi. 下降；下去；下来；遗传；屈尊
vt. 下去；沿…向下"
decline,"n. 下降；衰退；斜面
vt. 谢绝；婉拒
vi. 下降；衰落；谢绝"
deteriorate,"vi. 恶化，变坏
vt. 恶化"
depress,vt. 压抑；使沮丧；使萧条
destruction,n. 破坏，毁灭；摧毁
reduction,n. 减少；下降；缩小；还原反应
discard,"n. 抛弃；被丢弃的东西或人
vt. 抛弃；放弃；丢弃
vi. 放弃"
discern,"vt. 识别；领悟，认识
vi. 看清楚，辨别"
disperse,"vt. 分散；使散开；传播
adj. 分散的
vi. 分散"
disregard,"n. 忽视；不尊重
vt. 忽视；不理；漠视；不顾"
distinct,adj. 明显的；独特的；清楚的；有区别的
distinctive,adj. 有特色的，与众不同的
disturbance,n. 干扰；骚乱；忧虑
disharmony,n. 不一致；不调和；不融洽
efficiency,n. 效率；效能；功效
proficiency,n. 精通，熟练
emigrate,"vi. 移居；移居外国
vt. 移民"
immigrate,"vi. 移入
vt. 使移居入境"
migrate,"vi. 移动；随季节而移居；移往
vt. 使移居；使移植"
entrepreneur,n. 企业家；承包人；主办者
enterprise,n. 企业；事业；进取心；事业心
especially,adv. 特别；尤其；格外
specially,adv. 特别地；专门地
exceedingly,adv. 非常；极其；极度地；极端
excessively,adv. 过分地；极度
extensively,adv. 广阔地；广大地
exclusively,adv. 唯一地；专有地；排外地
exclusion,n. 排除；排斥；驱逐；被排除在外的事物
exception,n. 例外；异议
experience,"n. 经验；经历；体验
vt. 经验；经历；体验"
experiment,"n. 实验，试验；尝试
vi. 尝试；进行实验"
flash,"n. 闪光，闪现；一瞬间
adj. 闪光的，火速的
vt. 使闪光；反射
vi. 闪光，闪现；反射"
flare,"n. 加剧，恶化；底部展开；（鼻孔）张开的意思；闪光，闪耀；耀斑；爆发；照明弹
vi. 闪耀，闪光；燃烧；突然发怒
vt. 使闪耀；使张开；用发光信号发出；使外倾"
flush,"n. 激动，洋溢；面红；萌芽；旺盛；奔流
adj. 大量的；齐平的；丰足的，洋溢的；挥霍的
vt. 使齐平；发红，使发亮；用水冲洗；使激动
vi. 发红，脸红；奔涌；被冲洗"
historic,adj. 有历史意义的；历史上著名的
historical,adj. 历史的；史学的；基于史实的
illegal,"n. 非法移民，非法劳工
adj.  非法的；违法的；违反规则的"
illogical,adj. 不合逻辑的；不合常理的
imaginary,adj. 虚构的，假想的；想像的；虚数的
imaginative,adj. 富于想象的；有创造力的
imaginable,adj. 可能的；可想像的
impractical,adj. 不切实际的，不现实的；不能实行的
impracticable,adj. 行不通的；不能实行的
incompatible,"n. 互不相容的人或事物
adj. 不相容的；矛盾的；不能同时成立的"
incredible,adj. 难以置信的，惊人的
indefinite,adj. 不确定的；无限的；模糊的
indispensable,"n. 不可缺少之物；必不可少的人
adj. 不可缺少的；绝对必要的；责无旁贷的"
independently,adv. 独立地；自立地
individually,adv. 个别地，单独地
irrespectively,adv. 无关地
irregularly,adv. 不规则地；不整齐地
institute,"n. 学会，协会；学院
vt. 开始（调查）；制定；创立；提起（诉讼）"
institution,n. 制度；建立；（社会或宗教等）公共机构；习俗
instrument,n. 仪器；工具；乐器；手段；器械
intention,n. 意图；目的；意向；愈合
instinct,"n. 本能，直觉；天性
adj. 充满着的"
integrity,n. 完整；正直；诚实；廉正
intensity,n. 强度；强烈； 亮度；紧张
interference,n. 干扰，冲突；干涉
interruption,n. 中断；干扰；中断之事
intervention,n. 介入；调停；妨碍
interaction,"n. 相互作用； 交互作用
n. 互动"
intranet,n. 内联网；企业内部网
internet,n. 因特网
justify,"vi. 证明合法；整理版面
vt. 证明…是正当的；替…辩护"
testify,"vi. 作证；证明
vt. 证明，证实；作证"
verify,vt. 核实；查证
rectify,vt. 改正；精馏；整流
lose,"vt. 浪费；使沉溺于；使迷路；遗失；错过
vi. 失败；受损失"
loose,"adj. 宽松的；散漫的；不牢固的；不精确的
vt. 释放；开船；放枪
vi. 变松；开火
adv. 松散地
n. 放纵；放任；发射"
note,"n. 笔记；音符；票据；注解；纸币；便笺；照会；调子
vt. 注意；记录；注解"
notice,"n. 通知，布告；注意；公告
vt. 通知；注意到；留心
vi. 引起注意"
oppose,"vt. 反对；对抗，抗争
vi. 反对"
propose,"vi. 建议；求婚；打算
vt. 建议；打算，计划；求婚"
purpose,"n. 目的；用途；意志
vt. 决心；企图；打算"
overturn,"vt. 推翻；倾覆；破坏
vi. 推翻；倾覆
n. 倾覆；周转；破灭"
overtake,"vt. 赶上；压倒；突然来袭
vi. 超车"
principle,n. 原理，原则；主义，道义；本质，本义；根源，源泉
principal,"adj. 主要的；资本的
n. 首长；校长；资本；当事人"
proceed,"vi. 开始；继续进行；发生；行进
n. 收入，获利"
precede,"vt. 领先，在…之前；优于，高于
vi. 领先，在前面"
proportion,"n. 比例，占比；部分；面积；均衡
vt. 使成比例；使均衡；分摊"
percentage,n. 百分比；百分率，百分数
publicity,n. 宣传，宣扬；公开；广告；注意
popularity,n. 普及，流行；名气；受大众欢迎
peculiarity,n. 特性；特质；怪癖；奇特
penalty,n. 罚款，罚金；处罚
rate,"n. 比率，率；速度；价格；等级
vt. 认为；估价；责骂
vi. 责骂；被评价"
ratio,n. 比率，比例
recipient,"n. 容器，接受者；容纳者
adj. 容易接受的，感受性强的"
recipe,n. 食谱； 处方；秘诀；烹饪法
render,"n. 打底；交纳；粉刷
vt. 致使；提出；实施；着色；以…回报
vi. 给予补偿"
reckon,"vi. 估计；计算；猜想，料想
vt. 测算，估计；认为；计算"
revolt,"n. 反抗；叛乱；反感
vt. 使反感；使恶心
vi. 反抗；反叛；反感，厌恶"
revolve,"n. 旋转；循环；旋转舞台
vt. 使…旋转；使…循环；反复考虑
vi. 旋转；循环出现；反复考虑"
sentimental,adj. 伤感的；多愁善感的；感情用事的；寓有情感的
sensitive,"adj. 敏感的；感觉的； 灵敏的；感光的；易受伤害的；易受影响的
n. 敏感的人；有灵异能力的人"
similarly,adv. 同样地；类似于
simultaneously,adv. 同时地
stationary,"n. 不动的人；驻军
adj. 固定的；静止的；定居的；常备军的"
stationery,n. 文具；信纸
transaction,n. 交易；事务；办理；会报，学报
transmission,n. 传动装置， 变速器；传递；传送；播送
transformation,n.  转化；转换；改革；变形
transition,n. 过渡；转变； 转换；变调
simultaneously,adv. 同时地
spontaneously,adv. 自发地；自然地；不由自主地
solution,n. 解决方案；溶液；溶解；解答
conclusion,n. 结论；结局；推论
decision,n. 决定，决心；决议
determination,n. 决心；果断；测定
prospect,"n. 前途；预期；景色
vt. 勘探，勘察
vi. 勘探，找矿"
prediction,n. 预报；预言
prosperity,n. 繁荣，成功
amble,"n. （马的）缓行步态；漫步
vi. （马）缓行；从容漫步"
ample,adj. 丰富的；足够的；宽敞的
trample,"n. 蹂躏；践踏声
vi. 践踏；蔑视，伤害；脚步沉重地走
vt. 践踏；蔑视，伤害"
acid,"n. 酸；<俚>迷幻药
adj. 酸的；讽刺的；刻薄的"
acrid,adj. 辛辣的；苦的；刻薄的
arid,adj. 干旱的；不毛的， 荒芜的
avid,adj. 渴望的，贪婪的；热心的
avoid,vt. 避免；避开，躲避；消除
ax,"n. 斧头
vt. 削减；用斧修整；解雇"
axis,n. 轴；轴线；轴心国
bouquet,n. 花束；酒香
banquet,"n. 宴会，盛宴；宴请，款待
vt. 宴请，设宴款待
vi. 参加宴会"
cliff,n. 悬崖；绝壁
bluff,"n. 吓唬；绝壁；断崖
vi. 吓唬
adj. 直率的；陡峭的
vt. 吓唬；愚弄"
chart,"n. 图表；海图；图纸；排行榜
vt. 绘制…的图表；在海图上标出；详细计划；记录；记述；跟踪（进展或发展"
charter,"n. 宪章；执照；特许状
vt. 特许；包租；发给特许执照"
consult,"vi. 请教；商议；当顾问
vt. 查阅；商量；向…请教"
result,"n. 结果；成绩；答案；比赛结果
vi. 结果；导致；产生"
assault,"n. 攻击；袭击
vt. 攻击；袭击
vi. 袭击；动武"
discreet,adj. 谨慎的；小心的
discrete,"n. 分立元件；独立部件
adj. 离散的，不连续的"
conclusion,n. 结论；结局；推论
exclusion,n. 排除；排斥；驱逐；被排除在外的事物
expulsion,n. 驱逐；开除
consistent,adj. 始终如一的，一致的；坚持的
consistency,n.  一致性；稠度；相容性
bizarre,adj. 奇异的（指态度，容貌，款式等）
blizzard,"n. 暴风雪，大风雪；大打击
vi. 下暴风雪"
abroad,"n. 海外；异国
adj. 往国外的
adv. 在国外；到海外"
aboard,"prep. 在…上
adv. 在飞机上； 在船上；在火车上"
breach,"n. 违背，违反；缺口
vt. 违反，破坏；打破"
bleach,"n. 漂白剂
vt. 使漂白，使变白
vi. 变白，漂白"
bump,"n. 肿块，隆起物；撞击
vi. 碰撞，撞击；颠簸而行
vt. 碰，撞；颠簸
adv. 突然地，猛烈地"
dump,"n. 垃圾场；仓库；无秩序地累积
vt. 倾倒；倾卸；丢下，卸下；摆脱，扔弃；倾销
vi. 倒垃圾；突然跌倒或落下；卸货；转嫁（责任等）"
damp,"n. 潮湿，湿气
adj. 潮湿的
vt. 使潮湿；使阻尼；使沮丧，抑制
vi. 减幅，阻尼；变潮湿"
dumb,adj. 哑的，无说话能力的；不说话的，无声音的
cathedral,n. 大教堂
chapel,"n. 小礼拜堂，小教堂；礼拜
adj. 非国教的"
claim,"n. 要求；声称；索赔；断言；值得
vt. 要求；声称；需要；认领
vi. 提出要求"
clamor,"n. 喧闹，叫嚷；大声的要求
vt. 喧嚷着说出
vi. 喧嚷，发喧嚣声；持续地喊声"
clap,"n. 鼓掌；拍手声
vt. 拍手，鼓掌；轻轻拍打某人
vi. 鼓掌，拍手；啪地关上"
slap,"n. 掴；侮辱；掌击；拍打声
vt. 拍击；侮辱；掌击；掴…的耳光
vi. 掴；拍击
adv. 直接地；猛然地；恰好"
comparative,"n. 比较级；对手
adj. 比较的；相当的"
compatible,adj. 兼容的；能共处的；可并立的
complement,"n. 补语；余角；补足物
vt. 补足，补助"
compliment,"n. 恭维；称赞；问候；致意；道贺
vt. 恭维；称赞"
supplement,"vt. 增补，补充
n. 增补，补充；补充物；增刊，副刊"
implement,"n. 工具，器具；手段
vt. 实施，执行；实现，使生效"
component,"n. 成分；组件； 元件
adj. 组成的，构成的"
opponent,"n. 对手；反对者；敌手
adj. 对立的；敌对的"
comprehensive,"n. 综合学校；专业综合测验
adj. 综合的；广泛的；有理解力的"
comprehensible,adj. 可理解的
comprise,vt. 包含；由…组成
compromise,"n. 妥协，和解；折衷
vt. 妥协；危害
vi. 妥协；让步"
conclusive,adj. 决定性的；最后的；确实的；确定性的
inclusive,adj. 包括的，包含的
inconclusive,adj. 不确定的；非决定性的；无结果的
define,vt. 定义；使明确；规定
confine,"n. 界限，边界;约束；限制
vt. 限制；禁闭"
considerate,adj. 体贴的；体谅的；考虑周到的
considerable,adj. 相当大的；重要的，值得考虑的
instant,"n. 瞬间；立即；片刻
adj. 立即的；紧急的；紧迫的"
constant,"n.  常数；恒量
adj. 不变的；恒定的；经常的"
intention,n. 意图；目的；意向；愈合
contention,n. 争论，争辩；争夺；论点
specific,"n. 特性；细节；特效药
adj. 特殊的，特定的；明确的；详细的； 具有特效的"
special,"n. 特使，特派人员；特刊；特色菜；专车；特价商品
adj. 特别的；专门的，专用的"
particular,"n. 详细说明；个别项目
adj. 特别的；详细的；独有的；挑剔的"
peculiar,"n. 特权；特有财产
adj. 特殊的；独特的；奇怪的；罕见的"
proficient,"n. 精通；专家，能手
adj. 熟练的，精通的"
efficient,adj. 有效率的；有能力的；生效的
sufficient,adj. 足够的；充分的
expansive,adj. 广阔的；扩张的；豪爽的
expensive,adj. 昂贵的；花钱的
extensive,adj. 广泛的；大量的；广阔的
intensive,"n. 加强器
adj. 加强的；集中的；透彻的；加强语气的"
exposure,n. 暴露；曝光；揭露；陈列
extension,n. 延长；延期；扩大；伸展；电话分机
expansion,n. 膨胀；阐述；扩张物
instinct,"n. 本能，直觉；天性
adj. 充满着的"
extinct,"adj. 灭绝的，绝种的；熄灭的
vt. 使熄灭"
distinct,adj. 明显的；独特的；清楚的；有区别的
strip,"n. 带；条状；脱衣舞
vt. 剥夺；剥去；脱去衣服
vi. 脱去衣服"
stripe,"n. 条纹，斑纹；种类
vt. 加条纹于…"
strap,"n. 带；皮带；磨刀皮带；鞭打
vt. 用带捆绑；用皮条抽打；约束
vi. 精力旺盛地工作；受束缚"
sustain,vt. 维持；支撑，承担；忍受；供养；证实
attain,"n. 成就
vt. 达到，实现；获得；到达
vi. 达到；获得；到达"
retain,vt. 保持；雇；记住
genuine,adj. 真实的，真正的；诚恳的
genius,n. 天才，天赋；精神
acquire,vt. 获得；取得；学到；捕获
require,vt. 需要；要求；命令
inquire,"vi. 询问；查究；询价
vt. 询问；查究；问明"
crack,"n. 裂缝；声变；噼啪声
adj. 最好的；高明的
vi. 破裂；爆裂
vt. 使破裂；打开；变声"
crush,"n. 粉碎；迷恋；压榨；拥挤的人群
vt. 压碎；弄皱，变形；使…挤入
vi. 挤；被压碎"
crash,"n. 撞碎；坠毁；破产；轰隆声；睡觉
vi. 摔碎；坠落；发出隆隆声；(金融企业等)破产
vt. 打碎；使坠毁、撞坏；擅自闯入"
clash,"n. 冲突，不协调；碰撞声，铿锵声
vt. 使碰撞作声
vi. 冲突，抵触；砰地相碰撞，发出铿锵声"
craft,"n. 工艺；手艺；太空船
vt. 精巧地制作"
ensure,vt. 保证，确保；使安全
insure,"vt. 确保，保证；给…保险
vi. 确保；投保"
assure,vt. 保证；担保；使确信；弄清楚
secure,"vt. 保护；弄到；招致；缚住
adj. 安全的；无虑的；有把握的；稳当的
vi. 获得安全；船抛锚；停止工作"
command,"n. 指挥，控制；命令；司令部
vt. 命令，指挥；控制；远望
vi. 命令，指挥；控制"
demand,"n.  需求；要求；需要
vt. 要求；需要；查询
vi. 需要；请求；查问"
receive,"vt. 收到；接待；接纳
vi. 接收"
conceive,"vi. 怀孕；设想；考虑
vt. 怀孕；构思；以为；持有"
deceive,v. 欺骗；行骗
perceive,"vt. 察觉，感觉；理解；认知
vi. 感到，感知；认识到"
descent,"n. 下降；血统；袭击
vt. 除去…的气味；使…失去香味"
decent,adj. 正派的；得体的；相当好的
desert,"n. 沙漠；荒原；应得的赏罚
vt. 遗弃；放弃；逃跑
adj. 沙漠的；荒凉的；不毛的
vi. 遗弃；开小差；逃掉"
deserve,"vi. 应受，应得
vt. 应受，应得"
device,n. 装置；策略；图案
devise,"n. 遗赠
vt. 设计；想出；发明；图谋；遗赠给"
ethnic,adj. 种族的；人种的
ethics,n. 伦理学；伦理观；道德标准
adverse,adj. 不利的；相反的；敌对的（名词adverseness，副词adversely）
averse,adj. 反对的；不愿意的
proponent,n. 支持者；建议者；提出认证遗嘱者
component,"n. 成分；组件； 元件
adj. 组成的，构成的"
original,"n. 原件；原作；原物；原型
adj. 原始的；最初的；独创的；新颖的"
aboriginal,"n. 土著居民；土生生物
adj. 土著的；原始的"
compel,vt. 强迫，迫使；强使发生
dispel,vt. 驱散，驱逐；消除（烦恼等）
impel,vt. 推动；驱使；激励
repel,vt. 击退；抵制；使厌恶；使不愉快
consist,vi. 由…组成；在于；符合
persist,"vi. 存留，坚持；持续，固执
vt. 坚持说，反复说"
subsist,"vi. 存在；维持生活
vt. 供养"
immure,vt. 把…嵌在墙上；监禁，禁闭
immune,"n. 免疫者；免除者
adj. 免疫的；免于……的，免除的"
constitute,vt. 组成，构成；建立；任命
institute,"n. 学会，协会；学院
vt. 开始（调查）；制定；创立；提起（诉讼）"
substitute,"n. 代用品；代替者
vi. 替代
vt. 代替"
recipient,"n. 容器，接受者；容纳者
adj. 容易接受的，感受性强的"
incipient,adj. 初期的；初始的；起初的；发端的
accede,vi. 加入；同意；就任
concede,"vi. 让步
vt. 承认；退让；给予，容许"
recede,"vi. 后退；减弱
vt. 撤回"
precede,"vt. 领先，在…之前；优于，高于
vi. 领先，在前面"
concord,n. 和谐；和睦；一致；协调
accord,"n. 符合；一致；协议；自愿
vt. 使一致；给予
vi. 符合；一致"
compact,"n. 合同，契约；小粉盒
adj. 紧凑的，紧密的；简洁的
vt. 使简洁；使紧密结合"
impact,"vi. 影响；撞击；冲突；压紧（on，upon，with）
n. 影响；效果；碰撞；冲击力
vt. 挤入，压紧；撞击；对…产生影响"
invoke,vt. 调用；祈求；引起；恳求
evoke,vt. 引起，唤起；博得
provoke,vt. 驱使；激怒；煽动；惹起
revoke,"n. 有牌不跟
vt. 撤回，取消；废除
vi. 有牌不跟"
resolute,adj. 坚决的；果断的
dissolute,adj. 放荡的；风流的
subsequent,adj. 后来的，随后的
consequent,"n. 结果
adj. 随之发生的；作为结果的"
confess,"vi. 承认；坦白；忏悔；供认
vt. 承认；坦白；忏悔；供认"
profess,"vt. 自称；公开表示；宣称信奉；正式准予加入
vi. 声称；承认；当教授"
process,"n. 过程，进行；方法，步骤；作用；程序；推移
adj. 经过特殊加工（或处理）的
vt. 处理；加工
vi. 列队前进"
blend,"n. 混合；掺合物
vi. 混合；协调
vt. 混合"
bland,"adj. 乏味的；温和的；冷漠的
vt. 使…变得淡而无味；除掉…的特性
vi. 变得平淡无奇；丧失特性"
concept,n. 观念，概念
precept,n. 规则；格言；训诫；命令
conclusive,adj. 决定性的；最后的；确实的；确定性的
inclusive,adj. 包括的，包含的
flicker,"n. 闪烁；闪光；电影
vi. 闪烁；摇曳；颤动；扑动翅膀；假装昏倒
vt. 使闪烁；使摇曳"
fickle,adj. 浮躁的；易变的；变幻无常的
confer,"vt. 授予；给予
vi. 协商"
infer,"vi. 推断；作出推论
vt. 推断；推论"
commence,v. 开始；着手；<英>获得学位
commerce,n. 贸易；商业；商务
infinite,"n. 无限； 无穷大；无限的东西（如空间，时间）
adj. 无限的，无穷的；无数的；极大的"
affinity,n. 密切关系；吸引力；姻亲关系；类同
contact,"n. 接触，联系
vt. 使接触，联系
vi. 使接触，联系"
intact,adj. 完整的；原封不动的；未受损伤的
conflict,"n. 冲突，矛盾；斗争；争执
vi. 冲突，抵触；争执；战斗"
inflict,vt. 造成；使遭受（损伤、痛苦等）；给予（打击等）
abject,adj. 卑鄙的；可怜的；不幸的；（境况）凄惨的，绝望的
reject,"n. 被弃之物或人；次品
vt. 拒绝；排斥；抵制；丢弃"
eject,vt. 喷射；驱逐，逐出
deject,"adj. 沮丧的；气馁的
vt. 使…沮丧；使…灰心"
inject,vt. 注入；注射
object,"n. 目标；物体；客体；宾语
vt. 提出…作为反对的理由
vi. 反对；拒绝"
presume,"vi. 相信；擅自行为
vt. 假定；推测；擅自；意味着"
assume,"vt. 僭取；篡夺；夺取；擅用；侵占
vi. 假定；设想；承担；采取"
consume,"vt. 消耗，消费；使…着迷；挥霍
vi. 耗尽，毁灭；耗尽生命"
expire,"vi. 期满；终止；死亡；呼气
vt. 呼出（空气）"
aspire,vi. 渴望；立志；追求
perspire,"vt. 使流汗；分泌出
vi. 流汗；分泌；渗出"
litter,"n. 垃圾；轿，担架；一窝（动物的幼崽）；凌乱
vt. 乱丢；给…垫褥草；把…弄得乱七八糟
vi. 产仔；乱扔废弃物"
glitter,"vi. 闪光；闪烁
n. 闪光；灿烂"
philosophy,n. 哲学；哲理；人生观
psychology,n. 心理学；心理状态
philology,n. 文献学；语言学
dispute,"n. 辩论；争吵
vt. 辩论；怀疑；阻止；抗拒
vi. 争论"
disrepute,n. 不光彩，坏名声
drift,"n. 漂流，漂移；趋势；漂流物
vi. 漂流，漂移；漂泊
vt. 使…漂流；使…受风吹积"
draft,"n. 汇票；草稿；选派；（尤指房间、烟囱、炉子等供暖系统中的）（小股）气流
vt. 起草；制定；征募
vi. 拟稿；绘样；作草图
adj. 初步画出或（写出）的；（设计、草图、提纲或版本）正在起草中的，草拟的；以草稿形式的；草图的"
elicit,vt. 抽出，引出；引起
implicit,adj. 含蓄的；暗示的；盲从的
explicit,adj. 明确的；清楚的；直率的；详述的
ellipse,n.  椭圆形， 椭圆
eclipse,"n. 日蚀，月蚀；黯然失色
vt. 使黯然失色；形成蚀"
emergence,n. 出现，浮现；发生；露头
emergency,"n. 紧急情况；突发事件；非常时刻
adj. 紧急的；备用的"
eminent,adj. 杰出的；有名的；明显的
prominent,adj. 突出的，显著的；杰出的；卓越的
preeminent,adj. 卓越的；超群的
depreciate,"vi. 贬值；轻视；贬低
vt. 使贬值；贬低；轻视"
appreciate,"vi. 增值；涨价
vt. 欣赏；感激；领会；鉴别"
predict,"vi. 作出预言；作预料，作预报
vt. 预报，预言；预知"
addict,"n. 有瘾的人；入迷的人
vt. 使沉溺；使上瘾"
contradict,"vt. 反驳；否定；与…矛盾；与…抵触
vi. 反驳；否认；发生矛盾"
indict,vt. 控告，起诉； 揭发
contribute,"vt. 贡献，出力；投稿；捐献
vi. 贡献，出力；投稿；捐献
"
attribute,"n. 属性；特质
vt. 归属；把…归于"
distribute,vt. 分配；散布；分开；把…分类
educe,vt. 引出；演绎；使显出
induce,vt. 诱导；引起；引诱；感应
deduce,vt. 推论，推断；演绎出
seduce,vt. 引诱；诱惑；诱奸；怂恿
attempt,"n. 企图，试图；攻击
vt. 企图，试图；尝试"
contempt,n. 轻视，蔑视；耻辱
contemplate,"vt. 沉思；注视；思忖；预期
vi. 冥思苦想；深思熟虑"
contemporary,"n. 同时代的人；同时期的东西
adj. 当代的；同时代的；属于同一时期的"
numb,"vt. 使麻木；使发愣；使失去感觉
adj. 麻木的；发愣的"
benumb,vt. 使迟钝；使麻木；使失去感觉
compress,"vt. 压缩，压紧；精简
vi. 受压缩小"
oppress,vt. 压迫，压抑；使……烦恼；使……感到沉重
suppress,vt. 抑制；镇压；废止
depress,vt. 压抑；使沮丧；使萧条
deficiency,n. 缺陷，缺点；缺乏；不足的数额
sufficiency,n. 足量，充足；自满
devoid,adj. 缺乏的；全无的
avoid,vt. 避免；避开，躲避；消除
respect,"n. 尊敬，尊重；方面；敬意
vt. 尊敬，尊重；遵守"
aspect,n. 方面；方向；形势；外貌
reptile,"n. 爬行动物；卑鄙的人
adj. 爬虫类的；卑鄙的"
retail,"n. 零售
adj. 零售的
vt. 零售；转述
adv. 以零售方式
vi. 零售"
detail,"n. 细节，详情
vt. 详述；选派
vi. 画详图"
reward,"n.  报酬；报答；酬谢
vt.  奖励；奖赏"
award,"n. 奖品；判决
vt. 授予；判定"
rift,"n. 裂缝；不和； 裂口
vt. 使断裂；使分开
vi. 裂开"
drift,"n. 漂流，漂移；趋势；漂流物
vi. 漂流，漂移；漂泊
vt. 使…漂流；使…受风吹积"
roam,"n. 漫步，漫游；流浪
vt. 在…漫步，漫游；在…流浪
vi. 漫游，漫步；流浪"
foam,"n. 泡沫；水沫；灭火泡沫
vt. 使起泡沫；使成泡沫状物
vi. 起泡沫；吐白沫；起着泡沫流动"
rip,"n. 裂口，裂缝
vi. 裂开，被撕裂
vt. 撕；锯"
ripe,"adj. 熟的，成熟的；时机成熟的
vt. 搜查；调查
vi. 进行搜查"
rag,"n. 破布；碎屑
vt. 戏弄；责骂
vi. 变破碎；穿着讲究"
rug,n. 小地毯；毛皮地毯；男子假发
scar,"n. 创伤；伤痕
vt. 伤害；给留下伤痕
vi. 结疤；痊愈"
scarce,"adj. 缺乏的，不足的；稀有的
adv. 仅仅；几乎不；几乎没有"
scare,"n. 恐慌；惊吓；惊恐
vt. 惊吓；把…吓跑
adj. （美）骇人的
vi. 受惊"
scarlet,"n. 猩红色；红衣；绯红色；鲜红色布
adj. 深红的；鲜红色的；罪孽深重的；淫荡的"
scrap,"n. 碎片；残余物；打架；少量
vt. 废弃；使解体；拆毁
adj. 废弃的；零碎的
vi. 吵架"
scrape,"n. 刮掉；擦痕；困境；刮擦声
vt. 刮；擦伤；挖成
vi. 刮掉；刮出刺耳声"
scrip,n. 纸条；纸片；便条；临时凭证
script,"n. 脚本；手迹；书写用的字母
vt. 把…改编为剧本
vi. 写电影脚本"
sandal,n. 凉鞋；檀香；檀香木；便鞋
saddle,"n. 鞍，鞍状物；车座；拖具
vt. 承受；使负担；装以马鞍
vi. 跨上马鞍"
section,"n. 截面；部分；部门；地区；章节
vt. 把…分段；将…切片；对…进行划分
vi. 被切割成片；被分成部分"
session,n. 会议；（法庭的）开庭；（议会等的）开会；学期；讲习会
slender,adj. 细长的；苗条的；微薄的
slander,"n. 诽谤；中伤
vt. 诽谤；造谣中伤"
sore,"n. 溃疡，痛处；恨事，伤心事
adj. 疼痛的，痛心的；剧烈的，极度的；恼火的，发怒的；厉害的，迫切的"
sour,"n. 酸味；苦事
adj. 酸的；发酵的；刺耳的；酸臭的；讨厌的
vt. 使变酸；使失望
vi. 发酵；变酸；厌烦"
soar,"n. 高飞；高涨
vi. 高飞；高耸；往上飞舞"
spin,"n. 旋转；疾驰
vi. 旋转；纺纱；吐丝；晕眩
vt. 使旋转；纺纱；编造；结网"
spine,n. 脊柱，脊椎；刺；书脊
stain,"n. 污点；瑕疵；着色剂
vt. 沾污；败坏；给…着色
vi. 污染；被沾污；被染污"
sustain,vt. 维持；支撑，承担；忍受；供养；证实
staple,"n. 主要产品；订书钉；主题；主食
adj. 主要的，大宗生产的；常用的；纺织纤维的
vt. 把…分级；钉住"
stable,"n. 马厩；牛棚
adj. 稳定的；牢固的；坚定的
vt. 赶入马房
vi. 被关在马厩"
affect,"n. 情感；引起感情的因素
vt. 影响；感染；感动；假装
vi. 倾向；喜欢"
effect,"n. 影响；效果；作用
vt. 产生；达到目的"
adapt,"vi. 适应
vt. 使适应；改编"
adopt,"vi. 采取；过继
vt. 采取；接受；收养；正式通过"
adept,"n. 内行；能手
adj. 熟练的；擅长…的"
angel,"n. 天使；守护神；善人
vt. 出钱支持"
angle,"n. 角度，角，方面
vi. 钓鱼；谋取"
dairy,"n. 奶制品；乳牛；制酪场；乳品店；牛奶及乳品业
adj. 乳品的；牛奶的；牛奶制的；产乳的"
diary,n. 日志，日记；日记簿
contend,"vi. 竞争；奋斗；斗争；争论
vt. 主张；为...斗争"
content,"n. 内容，目录；满足；容量
adj. 满意的
vt. 使满足"
context,n. 环境；上下文；来龙去脉
contest,"n. 竞赛；争夺；争论
vt. 争辩；质疑
vi. 竞争；争辩"
dessert,n. 餐后甜点；甜点心
desert,"n. 沙漠；荒原；应得的赏罚
vt. 遗弃；放弃；逃跑
adj. 沙漠的；荒凉的；不毛的
vi. 遗弃；开小差；逃掉"
dissert,vi. 论述；写论文；讨论；作学术讲演
pat,"n. 轻拍；小块；轻拍声
adj. 恰好的；熟练的；合适的
vt. 轻拍
adv. 恰好；熟记地
vi. 轻拍"
tap,"n. 水龙头；轻打
vt. 轻敲；轻打；装上嘴子
vi. 轻拍；轻击；轻叩
vt. 采用，利用"
slap,"n. 掴；侮辱；掌击；拍打声
vt. 拍击；侮辱；掌击；掴…的耳光
vi. 掴；拍击
adv. 直接地；猛然地；恰好"
rap,"n. 轻敲
vi. 敲击；交谈
vt. 抢走；轻敲；敲击致使；使着迷"
sweet,"n. 糖果；乐趣；芳香；宝贝
adj. 甜的；悦耳的；芳香的；亲切的
（俚）酷毙了"
sweat,"n. 汗；水珠；焦急；苦差使
vt. 使出汗；流出；使干苦活；剥削；藉出汗减轻；焦急地期待
vi. 出汗；辛苦工作；懊恼；结水珠"
later,"adv. 后来；稍后；随后
adj. 更迟的；更后的"
latter,adj. 后者的；近来的；后面的；较后的
latest,"adv. 最迟地；最后地
n. 最新的事物
adj. 最新的，最近的；最迟的，最后的"
lately,adv. 近来，不久前
costume,"n. 服装，装束；戏装，剧装
vt. 给…穿上服装"
custom,"n. 习惯，惯例；风俗；海关，关税；经常光顾；（经常性的）顾客
adj. （衣服等）定做的，定制的"
aural,adj. 听觉的；耳的；气味的；先兆的
oral,"n. 口试
adj. 口头的，口述的"
altar,n. 祭坛；圣坛；圣餐台
alter,"vt. 改变，更改
vi. 改变；修改"
assent,"n. 同意；赞成
vi. 同意；赞成"
ascent,n. 上升；上坡路；登高
accent,"n. 口音；重音；强调；特点；重音符号
vt. 强调；重读；带…口音讲话"
champion,"n. 冠军；拥护者；战士
adj. 优胜的；第一流的
vt. 支持；拥护"
champagne,n. 香槟酒；香槟酒色
campaign,"n. 运动；活动；战役
vi. 作战；参加竞选；参加活动"
baron,n. 男爵；大亨；巨头
barren,"n. 荒地
adj. 贫瘠的；不生育的；无益的；沉闷无趣的；空洞的"
barn,"n. 谷仓；畜棚；车库；靶（核反应截面单位）
vt. 把…贮存入仓"
beam,"n. 横梁；光线；电波；船宽； 秤杆
vt. 发送；以梁支撑；用…照射；流露
vi. 照射；堆满笑容"
bean,"n. 豆；嘴峰；毫无价值的东西
vt. 击…的头部"
pray,"vi. 祈祷；请；恳求
vt. 祈祷；恳求；央求"
prey,"n. 捕食；牺牲者；被捕食的动物
vi. 捕食；掠夺；折磨"
chore,n. 家庭杂务；日常的零星事务；讨厌的或累人的工作
chord,n. 弦；和弦；香水的基调
cord,"n. 绳索；束缚
vt. 用绳子捆绑"
council,n. 委员会；会议；理事会；地方议会；顾问班子
counsel,"n. 法律顾问；忠告；商议；讨论；决策
vt. 建议；劝告
vi. 商讨；提出忠告"
consul,n. 领事；（古罗马的）两执政官之一
crow,"n.  乌鸦；鸡鸣；撬棍
vi. 啼叫；报晓"
crown,"n. 王冠；花冠；王权；顶点
vt. 加冕；居…之顶；表彰；使圆满完成"
clown,"n. 小丑；乡下人；粗鲁笨拙的人
vi. 扮小丑；装傻"
dose,"n. 剂量；一剂，一服
vt. 给药；给…服药
vi. 服药"
doze,"n. 瞌睡
vi. 打瞌睡；假寐
vt. 打瞌睡度过"
excess,"n. 超过，超额；过度，过量；无节制
adj. 额外的，过量的；附加的"
exceed,"vt. 超过；胜过
vi. 超过其他"
excel,"vt. 超过；擅长
vi. (在某方面)胜过(或超过)别人"
mortal,"adj. 凡人的；致死的；终有一死的；不共戴天的
n. 人类，凡人"
metal,"n. 金属；合金
vt. 以金属覆盖
adj. 金属制的"
mental,"adj. 精神的；脑力的；疯的
n. 精神病患者"
medal,n. 勋章，奖章；纪念章
model,"n. 模型；典型；模范；模特儿；样式
vt. 模拟；塑造；模仿
vi. 做模型；做模特儿
adj. 模范的；作模型用的"
meddle,vi. 管闲事，干预他人之事
drought,n. 干旱；缺乏
draught,"n. 气流；汇票；草稿（等于draft）
vt. 起草；征兵；选派（等于draft）
adj. 汲出的；拖拉的（等于draft）"
except,"conj. 除了；要不是
prep. 除…之外
vt. 不计；把…除外
vi. 反对"
expect,"vi. 期待；预期
vt. 期望；指望；认为；预料"
accept,"vi. 承认；同意；承兑
vt. 接受；承认；承担；承兑；容纳"
excerpt,"n. 摘录，引用
vt. 引用，摘录
vi. 摘录，引用"
exempt,"n. 免税者；被免除义务者
adj. 被免除的；被豁免的
vt. 免除；豁免"
floor,"n. 地板，地面；楼层；基底；议员席
vt. 铺地板；打倒，击倒；（被困难）难倒"
flour,"n. 面粉；粉状物质
vt. 撒粉于；把…磨成粉"
incident,"n. 事件，事变；插曲
adj.  入射的；附带的；易发生的，伴随而来的"
accident,n. 事故；意外； 意外事件；机遇
inspiration,n. 灵感；鼓舞；吸气；妙计
aspiration,n. 渴望；抱负；送气；吸气；吸引术
patent,"n. 专利权；执照；专利品
adj. 专利的；新奇的；显然的
vt. 授予专利；取得…的专利权"
potent,adj. 有效的；强有力的，有权势的；有说服力的
potential,"n. 潜能；可能性； 电势
adj. 潜在的；可能的；势的"
protest,"n. 抗议
adj. 表示抗议的；抗议性的
vt. 抗议；断言
vi. 抗议；断言"
protect,vt. 保护，防卫；警戒
revenge,"n. 报复；复仇
vt. 报复；替…报仇；洗雪
vi. 报仇；雪耻"
avenge,"vt. 替…报仇
vi. 报复，报仇"
expand,"vt. 扩张；使膨胀；详述
vi. 发展；张开，展开"
expend,vt. 花费；消耗；用光；耗尽
extend,"vt. 延伸；扩大；推广；伸出；给予；使竭尽全力；对…估价
vi. 延伸；扩大；伸展；使疏开"
through,"prep. 通过；穿过；凭借
adj. 直达的；过境的；完结的
adv. 彻底；从头至尾"
thorough,adj. 彻底的；十分的；周密的
although,conj. 尽管；虽然；但是；然而
purpose,"n. 目的；用途；意志
vt. 决心；企图；打算"
suppose,"conj. 假使…结果会怎样
vt. 假设；认为；让（虚拟语气）；推想
vi. 猜想；料想"
propose,"vi. 建议；求婚；打算
vt. 建议；打算，计划；求婚"
expect,"vi. 期待；预期
vt. 期望；指望；认为；预料"
inspect,"vt. 检查；视察；检阅
vi. 进行检查；进行视察"
suspect,"n. 嫌疑犯
adj. 可疑的；不可信的
vi. 怀疑；猜想
vt. 怀疑；猜想"
glide,"vi. 滑翔；滑行；悄悄地走；消逝
vt. 使滑行；使滑动
n. 滑翔；滑行；滑移；滑音"
slide,"n. 滑动；幻灯片；滑梯；雪崩
vt. 滑动；使滑动；悄悄地迅速放置
vi. 滑动；滑落；不知不觉陷入"
slip,"n. 滑，滑倒；片，纸片；错误；下跌；事故
abbr. 串行线路接口协议，是旧式的协议（Serial Line Interface Protocol）
adj. 滑动的；有活结的；活络的
vt. 使滑动；滑过；摆脱；塞入；闪开
vi. 滑动；滑倒；犯错；失足；减退"
steal,"n. 偷窃；便宜货；偷垒；断球
vt. 剽窃；偷偷地做；偷窃
vi. 窃取；偷偷地行动；偷垒"
steel,"n. 钢铁；钢制品；坚固
adj. 钢制的；钢铁业的；坚强的
vt. 钢化；使冷酷"
strive,vi. 努力；奋斗；抗争
stride,"n. 大步；步幅；进展
vt. 跨过；大踏步走过；跨坐在…
vi. 跨；跨过；大步行走"
allusion,n. 暗示；提及
illusion,n. 幻觉，错觉；错误的观念或信仰
delusion,n. 迷惑，欺骗；错觉；幻想
elusion,n. 逃避；回避
prospect,"n. 前途；预期；景色
vt. 勘探，勘察
vi. 勘探，找矿"
perspective,"n. 观点；远景；透视图
adj. 透视的"
amend,"vt. 修改；改善，改进
vi. 改正，改善；改过自新"
emend,vt. 修订；改进
casual,"n. 便装；临时工人；待命士兵
adj. 随便的；非正式的；临时的；偶然的"
causal,"n. 表示原因的连词
adj. 因果关系的；有原因的"
personnel,"n. 人事部门；全体人员
adj. 人员的；有关人事的"
personal,"n. 人事消息栏；人称代名词
adj. 个人的；身体的；亲自的"
statute,n.  法规；法令；条例
stature,n. 身高，身材；（精神、道德等的）高度
statue,"n. 雕像，塑像
vt. 以雕像装饰"
status,n. 地位；状态；情形；重要身份
widow,"n. 寡妇；孀妇
vt. 使成寡妇"
window,n. 窗；窗口；窗户
definite,adj. 一定的；确切的
infinite,"n. 无限； 无穷大；无限的东西（如空间，时间）
adj. 无限的，无穷的；无数的；极大的"
grim,adj. 冷酷的；糟糕的；残忍的
grime,"n. 尘垢；污点；煤尘
vt. 使污秽；使…弄脏"
recent,adj. 最近的；近代的
resent,vt. 怨恨；愤恨；厌恶
phrase,"n. 短语, 习语, 措辞, 乐句
vt. 措词, 将(乐曲)分成乐句"
phase,"n. 月相
n. （月亮的）盈亏
n. 时期"
vision,"n. 视力；美景；眼力；幻象；想象力；幻视（漫威漫画旗下超级英雄）
vt. 想象；显现；梦见"
version,n. 版本；译文；倒转术
gasp,"n. 喘气
vi. 喘气；喘息；渴望
vt. 气喘吁吁地说；喘着气说话"
grasp,"n. 抓住；理解；控制
vi. 抓
vt. 抓住；领会"
idle,"adj. 闲置的；懒惰的；停顿的
vt. 虚度；使空转
vi. 无所事事；虚度；空转"
idol,n. 偶像，崇拜物；幻象；谬论
lapse,n. (一时的) 走神，判断错误
elapse,"n. 流逝；时间的过去
vi. 消逝；时间过去"
eclipse,"n. 日蚀，月蚀；黯然失色
vt. 使黯然失色；形成蚀"
rude,adj. 粗鲁的；无礼的；狂暴的；未开化的
crude,"n. 原油；天然的物质
adj. 粗糙的；天然的，未加工的；粗鲁的"
source,n. 来源；水源；原始资料
sauce,"n. 酱油；沙司；调味汁
vt. 使增加趣味；给…调味"
saucer,n. 茶托，浅碟；浅碟形物；眼睛
resource,n. 资源，财力；办法；智谋
recourse,n. 求援，求助； 追索权；依赖；救生索
stripe,"n. 条纹，斑纹；种类
vt. 加条纹于…"
strip,"n. 带；条状；脱衣舞
vt. 剥夺；剥去；脱去衣服
vi. 脱去衣服"
trip,"n. 旅行；绊倒；差错
vt. 绊倒；使犯错
vi. 绊倒；远足；犯错误；轻快地走"
vocation,n. 职业；天职；天命；神召
vacation,"n. 假期；（房屋）搬出
vi. 休假，度假"
avocation,n. 副业；业余爱好；嗜好
evocation,n. 招魂；唤起；唤出
revocation,n. 取消；撤回；废除
area,n. 区域，地区；面积；范围
era,n. 时代；年代；纪元
resemble,vt. 类似，像
assemble,"vt. 集合，聚集；装配；收集
vi. 集合，聚集"
ensemble,"n. 全体；总效果；全套服装；全套家具；合奏组
adv. 同时"
assume,"vt. 僭取；篡夺；夺取；擅用；侵占
vi. 假定；设想；承担；采取"
resume,"n. 摘要； 履历，简历
vi. 重新开始，继续
vt. 重新开始，继续；恢复，重新占用"
attain,"n. 成就
vt. 达到，实现；获得；到达
vi. 达到；获得；到达"
obtain,"vi. 获得；流行
vt. 获得"
abstain,vi. 自制；放弃；避免
baggage,n. 行李； 辎重（军队的）
luggage,n. 行李；皮箱
badge,"n. 徽章；证章；标记
vt. 授给…徽章"
bandage,"n. 绷带
vt. 用绷带包扎"
blade,n. 叶片；刀片，刀锋；剑
bald,"adj. 秃顶的；光秃的；单调的；无装饰的
vi. 变秃"
bold,adj. 大胆的，英勇的；黑体的；厚颜无耻的；险峻的
bloom,"n. 花；青春；旺盛
vt. 使开花；使茂盛
vi. 开花；茂盛"
blossom,"n. 花；开花期；兴旺期；花开的状态
vi. 开花；兴旺；发展成"
bosom,"n. 胸；胸怀；中间；胸襟；内心；乳房；内部
adj. 知心的；亲密的
vt. 怀抱；把…藏在心中"
blush,"n. 脸红；红色；羞愧
vt. 红著脸表示；使成红色
vi. 脸红；感到惭愧"
flush,"n. 激动，洋溢；面红；萌芽；旺盛；奔流
adj. 大量的；齐平的；丰足的，洋溢的；挥霍的
vt. 使齐平；发红，使发亮；用水冲洗；使激动
vi. 发红，脸红；奔涌；被冲洗"
bride,n. 新娘；姑娘，女朋友
bribe,"n. 贿赂
vt. 贿赂，收买
vi. 行贿"
growl,"n. 咆哮声；吠声；不平
vt. 咆哮；（雷电，炮等）轰鸣
vi. 咆哮着说"
howl,"n. 嗥叫；怒号；嚎哭
vt. 狂喊着说；对…吼叫
vi. 咆哮；怒吼；狂吠"
dime,n. 一角硬币
dim,"n. 笨蛋，傻子
adj. 暗淡的，昏暗的；模糊的，看不清的；悲观的，怀疑的
vt. 使暗淡，使失去光泽；使变模糊
vi. 变模糊，变暗淡"
dizzy,"adj. 晕眩的；使人头晕的；昏乱的；心不在焉的；愚蠢的
vt. 使头晕眼花；使混乱；使茫然"
dazzle,"n. 耀眼的光；灿烂
vt. 使……目眩；使……眼花
vi. 眼花缭乱；炫耀"
brown,"n. 褐色，棕色
adj. 棕色的，褐色的；太阳晒黑的
vt. 使变成褐色
vi. 变成褐色"
brow,n. 眉，眉毛；额；表情
blow,"n. 吹；打击；殴打
vt. 风吹
vi. 风吹；喘气"
bullet,"n. 子弹；只选某党全部候选人的投票；豆子
vi. 射出；迅速行进"
bulletin,"n. 公告，公报
vt. 公布，公告"
carton,"n. 纸板箱；靶心白点
vt. 用盒包装
vi. 制作纸箱"
cartoon,"n. 卡通片， 动画片；连环漫画
vt. 为…画漫画
vi. 画漫画"
chivalry,n. 骑士精神（复数chivalries）；骑士制度
cavalry,n. 骑兵；装甲兵；装甲部队
collar,"n. 衣领；颈圈
vt. 抓住；给…上领子；给…套上颈圈"
cellar,"n. 地窖；酒窖；地下室
vt. 把…藏入地窖"
vanish,"n. 弱化音
vi. 消失；突然不见；成为零
vt. 使不见，使消失"
evanish,vi. 消失，消灭
intrude,"vi. 闯入；侵入；侵扰
vt. 把…强加；把…硬挤"
extrude,"vt. 挤出，压出；使突出；逐出
vi. 突出，喷出"
detrude,vt. 推出；扔掉；逐出
contort,"vt. 扭曲；曲解
vi. 扭曲"
distort,"vt. 扭曲；使失真；曲解
vi. 扭曲；变形"
retort,"n. 反驳，顶嘴；曲颈瓶
vi. 反驳，回嘴
vt. 反驳，反击"
eminent,adj. 杰出的；有名的；明显的
imminent,adj. 即将来临的；迫近的
decline,"n. 下降；衰退；斜面
vt. 谢绝；婉拒
vi. 下降；衰落；谢绝"
recline,"vt. 使躺下；使斜倚
vi. 靠；依赖；斜倚"
incline,"n. 倾斜；斜面；斜坡
vt. 使倾斜；使倾向于
vi. 倾斜；倾向；易于"
acclaim,"n. 欢呼，喝彩；称赞
vt. 称赞；为…喝彩，向…欢呼
vi. 欢呼，喝彩"
exclaim,"vt. 大声说出
vi. 呼喊，惊叫；大声叫嚷"
declaim,"vt. 演讲；慷慨激昂地发表
vi. 慷慨陈词；演讲；朗读"
proclaim,vt. 宣告，公布；声明；表明；赞扬
reclaim,"n. 改造，感化；再生胶
vt. 开拓；回收再利用；改造某人，使某人悔改
vi. 抗议，喊叫"
expel,vt. 驱逐；开除
repel,vt. 击退；抵制；使厌恶；使不愉快
impel,vt. 推动；驱使；激励
dispel,vt. 驱散，驱逐；消除（烦恼等）
wench,"n. 少妇；乡下姑娘
vi. 通奸"
wrench,"n. 扳手，扳钳；扭伤；痛苦；歪曲；猛扭
vt. 扭伤；猛扭；曲解；折磨
vi. 扭伤；猛扭；猛绞"
confidant,n. 知己；密友
confident,adj. 自信的；确信的
dreg,n. 渣滓；沉淀物
drag,"n. 拖；拖累
vi. 拖曳；缓慢而吃力地行进
vt. 拖累；拖拉；缓慢而吃力地行进"
specie,n. 硬币；铸币
species,"n.  物种；种类
adj. 物种上的"
suite,n. （一套）家具；套房；组曲；（一批）随员，随从
suit,"n. 诉讼；恳求；套装，西装；一套外衣
vt. 适合；使适应
vi. 合适；相称"
ascribe,vt. 归因于；归咎于
benevolent,adj. 仁慈的；慈善的；亲切的
broker,"n. 经纪人，掮客
vt. 以中间人等身分安排...
vi. 作为权力经纪人进行谈判"
buffer,"n.  缓冲区；缓冲器， 减震器
vt. 缓冲"
choir,"n. 唱诗班；合唱队；舞蹈队
vt. 合唱
vi. 合唱"
chunk,n. 大块；矮胖的人或物
custody,n. 保管；监护；拘留；抚养权
decree,"n. 法令；判决
vt. 命令；颁布；注定；判决
vi. 注定；发布命令"
discharge,"n. 排放；卸货；解雇
vt. 解雇；卸下；放出；免除
vi. 排放；卸货；流出"
eradicate,vt. 根除，根绝；消灭
hybrid,"n. 杂种，混血儿；混合物
adj. 混合的；杂种的"
landscape,"n. 风景；风景画；景色；山水画；乡村风景画；地形；（文件的）横向打印格式
vt. 对…做景观美化，给…做园林美化；从事庭园设计
vi. 美化（环境等），使景色宜人；从事景观美化工作，做庭园设计师"
pottery,n. 陶器；陶器厂；陶器制造术
predator,n.  捕食者； 食肉动物；掠夺者
strand,"n. 线；串；海滨
vt. 使搁浅；使陷于困境；弄断；使落后
vi. 搁浅"
mediate,"vi. 调解；斡旋；居中
vt. 调停；传达
adj. 间接的；居间的"
neutron,n.  中子
shilling,n. 先令
traitor,n. 叛徒；卖国贼；背信弃义的人
treason,n.  叛国罪；不忠
vowel,"n. 元音；母音
adj. 元音的"
zebra,"n.  斑马
adj. 有斑纹的"
