a bit,"na. 有点儿
 一点儿；稍微；有一点"
a body of,"adj. 一批
det. 一团
 大量；一片"
a case in point,"na. 范例
 恰当的例子；一个恰当的例子；例证"
a chance of lifetime,找不到解释
a once-in-a-life-time opportunity,找不到解释
a copy of,"det. 一份
 一本；口语中经常使用；一个什么复印或拷贝"
a couple of,"det. 一对
 几个；两个；两三个"
a fraction of,"det. 一小部分
 一部分；片断；零点几"
a handful of,"det. 一把；一小撮；少数
 少量的；少数的；少数几位"
a host of,"det. 很多
 大量；许多；一大群"
a large number of,"adj. 极多；许多
 大量的；很多；表示大量的"
a large quantity of,"adj. 大量
 大量的；单数名词；单数动词"
a matter of,"na. 大约；…左右；…的问题
 几的事；是个…问题，事关；关于……的问题"
a multitude of,"na. 许多
 大量；众多的；大批的"
a number of,"na. 若干；=numbers of 许多的
 一些；大量的；很多"
a passing fad,找不到解释
a range of,"det. 一大片；一排
 一系列；一些；一系列的"
a sea of,"det. 一片；大量
 茫茫一片；大量的；无限的"
a sequence of, 一系列的；一连串；一个…的序列
a series of,"na. 一系列；许多
 一连串；一连串的；一系列的"
a string of,"det. 一串；一系列
 一连串；串子；一连串的"
a sum of,找不到解释
a swarm of,"det. 一大群；一大堆
 一群；蜂拥而至的；蜂拥"
a ton of, 许多；大量的
a variety of,"det. 种种；形形色色
 各种各样的；多种多样的；多种的"
a wide range of,"un. 许多
 广泛的；范围广泛的；很大的范围"
a majority of, 大部分；大多数；大多数的
the majority of,"adj. 大多数
 大部分；大多数的；的大多数"
abandon oneself to,"na. 恣意
 陷入；沉湎于；沉溺于"
abide by,"na. 坚持；服从
 遵守；信守；遵循"
abound in,"v. 富于
 盛产；充满；富有"
abound with,"v. 充满
 富于；盛产；富於"
above all,"na. 最主要的；最重要的是
 首先；尤其是；特别是"
absence of mind,"na. 心不在焉
 走神；心不在焉的；注意力不集中"
access to, 接近；进入；通向…的入口
accomplish one's purpose,找不到解释
accord with,"na. 和…一致
 符合；和...一致；与…符合"
according to,"prep. 根据；按照；据（…所说）；按（…所报道）
 依照；根据…所说；依据"
account for,"na. 证明；由于；说明(银钱等的)用途；打死
 解释；占；说明…的原因"
accountable for, 为某事负责；责任；终究要担负责任
accuse sb. of,"un. 控告
 指责；指控；因某事控告某人"
accustom ... to,找不到解释
acquaint ... with,"na. 把(事实)告知(某人)
 认识；使熟悉；熟知"
across the globe,找不到解释
around the globe, 全球；世界各地；环球旅行
act on,"na. “Act upon”的变体
 按照…而行动；对…起作用；按照…行动"
adapt to,"na. 使(自己行动)配合(同伴)
 适应；适应，适合；使适应"
adapt oneself to,"na. 适应(环境)
 使自己适应；使自己适应或习惯于；使自己适应于"
adapt ... for,找不到解释
add to,"na. 增加
 增添；增进；添加"
add up to,"na. 总计共达；总之就是
 合计达；合计为；意味着"
addict oneself to,"na. 一心在
 沉溺于；醉心于；热中于"
adhere to,"v. 坚持；依附
 遵守；附着；粘着"
adjust to,"v. 适应
 调整；调节；调整以适应"
against all odds, 再看我一眼；危情；冲破禁忌
against all the odds, 意思是冲破重重阻力；尽管有极大的困难；尽管困难重重
agitate for,"na. 倡导(改革)
 鼓动；煽动；鼓吹"
agree upon,"un. 赞成；达成协议的；商妥
 意见一致；对…取得一致意见；商定"
agree on,"na. 对…意见一致
 同意；对……取得一致意见；商定"
agree with,"na. 适合；赞同；与…一致
 同意；与...一致；同意某人"
ahead of,"prep. （时间、空间）在…前面；早于；领先
 先于；在……的前面；优于"
ahead of schedule,"na. 比预定时间早
 提前；提前完成计划；进度提前"
aim at,"v. 目的在于
 瞄准；针对；旨在"
all at once,"na. 忽然；突然
 同时；一下子；突然地"
all but,"na. 几乎跟…一样
 差一点；除了…都；差不多"
all in all,"na. 全部；完全；第一
 总的说来；总而言之；总的来说"
all manner of,"na. 各色各样的(人,东西等等)
 各种各样的；形形色色的；各式各样的"
all night long,"na. 整夜；一夜
 整晚；一整夜；风骚俏佳人"
all over again,"adv. 重新
 再一次；再一遍；重新再来"
all over,"adj. 满
n. 全花织物
 到处；遍及；结束"
all round,"na. 周围；四面八方
 处处；到处；周遍"
all sorts of,"na. 一切种类的；种种
 各种各样的；各种不同的；适合各种各样的"
all the same,"na. 依然；“all/just the same”的变体
 仍然；还是；尽管如此"
all the time,"na. 始终；老是
 一直；总是；无时无刻"
allow for,"v. 考虑到
 顾及；估计到；体谅"
allow of,"v. 容许
 容得；容许有……的可能；容许有…可能"
ally with,"un. 使…与…联盟；使…与…联姻
 结盟；使结盟；联合"
along with,"na. 与…一道；以外
 与……一起；伴随；和…一起"
alternate between, 时而…时而；在两种状态中交替变化
amount to,"v. 合计
 总计；等于；共计"
amuse sb. by doing sth.,找不到解释
an average of, 平均是；平均有；的平均数
answer for,"na. 负…的责任；负责(受处分)；代(被问人)回答
 对…负责；保证；为…负责"
anything but,"na. 决不是；除…外什么都
 除…以外任何事；一点也不；绝不"
apart from,"prep. 除了…外（都）；要不是；除了…外（还）；此外
 除……之外；除...外；除去"
appeal to,"v. 求助于；引起N
 呼吁；吸引；上诉"
apply for,"v. 寻求；申请
 提出申请；申请…职位；请求"
apply oneself to,"na. 专心(做事)
 致力于；专心从事；专心于"
apply to,"v. 应用于
 适用；适用于；应用到"
approach to,"v. 接近；近似于
 的方法；办法；途径"
approve of,"na. 赞成
 赞同；同意；赞赏，同意"
approximate to,"adj. 接近；约计
 近似；近于；与…接近"
argue for,"na. 为…作争辩
 赞成；支持；主张"
argue against,"na. 反对…
 据理反对；争辩；为反对…而辩论"
argue with,"un. 争论
 与……争论；争吵；争辩"
arise from,"v. 从…而得的
 由…引起；起因于；由…产生"
around the corner,"na. (=  round the corner)在拐角那里
 在拐角处；即将来临；即将到来"
around the clock,"na. 夜以继日地
 昼夜不停地；昼夜不断地；全天候"
round the clock,"na. 昼夜不停；整天整夜；昼夜不停地
 夜以继日的；日夜不停地；连续一整天"
arrange for,"na. 约(会面时间)
 安排；准备；为…作安排"
as a matter of fact,"na. 事实上；事实是
 实际上；其实；实际情况"
as a result,"adv. 结果
 因此；结果是；作为结果"
as a rule,"na. 照例
 通常；一般说来；一般来说"
as far as,"na. 远到；就；尽；至于
 远至；直到；就…而言"
so far as,"na. 就…而论；尽…说；只就…说
 就…而言；就...而论；就...说"
as follows,"na. 如下；以下
 如下所述；如下所示；如次"
as for,"na. 至于
 关于；就…而言；对于"
as good as,"na. 见 good 条
 和…几乎一样；和……一样好；几乎等于"
as if,"na. 彷佛；活像
 好像；仿佛；似乎"
as though,"na. 好像；见 well 条
 仿佛；好象；似乎"
as long as,"conj. 只要
 长达；如果；既然"
so long as,"na. 只要；“as/so long as”的变体
 如果；表示只要；只要…就"
as regards,"na. 至于；提到
 关于；至于……关于；就…来说"
as to,"na. 至于；说到
 关于；如此……以便；关于至于"
as usual,"adv. 照常；照例
 像往常一样；像平常一样；和往常一样"
as well as,"na. 和…一样；…不用说
 也；既…又；和...一样"
as far as ... be concerned,找不到解释
so far as ... be concerned,找不到解释
ascribe ... to,"v. 把…归于
 归因于；归咎于；归功于"
aside from,"na. 暂置不论；加之；除…外
 除...外；除…之外；除了"
ask around,"v. 到处问问
 到处打听；四处打听；四处询问"
ask ... over,找不到解释
ask ... round,"ask round
邀请(某人)来家(常指短时间的)：
We asked her round for dinner on the weekend.
我们在周末请她到家里来吃饭。
(多方)打听，询问:
If you're looking for a good nurse,you'd better ask round the neighbourhood.
你要找个好保姆，最好向邻居多打听一下。"
assert oneself,"na. 坚持自己的权利；表现自己
 显示自己的权威；坚持自己的权力；维护自己"
assign to,"un. 指定(时间、地点)；提出(理由等)；分配；分给…用
 指派；选派；分配给"
associate ... with,"v. 与…联系
 结交；联合；交往"
assure sb. of sth.,找不到解释
at best,"na. 充其量也不过
 至多；最多；最好也只是"
at the best,"na. 充其量也不过
 至多；最多"
at most,"na. 至多
 最多；不超过；顶多"
at the most,"na. 至多
 最多；充其量；不超过"
at worst,"adv. 无论怎样坏
 在最坏的情况下；最差的；就最不利的一方面看"
at the worst,"un. 无论怎样坏；在最坏的情况下
 在最坏情况下；最糟；坏达"
at a loss,"na. 无办法；(猎犬)失去猎物嗅迹；亏本地
 不知所措；困惑；茫然"
at a premium,"na. (股票)以超过票面以上的价格；非常需要
 按溢价计算；溢价发行；按升水价格计算"
at a standstill,"adv. 陷于停顿
 停滞不前；处于停顿状态；停顿着"
at all costs,"na. 无论如何
 不惜任何代价；不惜一切代价；不惜代价"
at all events,"na. 无论怎样；总之
 无论如何；不管怎样；不管怎样，无论如何"
at any rate,"na. 无论如何；至少；总而言之
 不管怎样；反正；总之"
at birth, 在出生时；刚出生；生下来时
at ease,"na. 自由自在；=stand at ease.
 稍息；安逸；舒适"
at every turn,"na. 在每一个关键时刻；在每一个角落；到处；老是
 事事；每次；经常"
at fault,"adv. 困惑；不知所措
 有错；有毛病；有责任"
at first glance,"adv. 初看起来
 乍一看；乍看之下；乍看起来"
at first sight,"na. 乍看；一见就；乍看起来
 乍一看；初看起来；真情难舍"
at hand,"na. 在手边；即将到来
 在附近；眼前；近在手边"
at hazard,"na. 在危急中；胡乱地
 随便地；在危机中；在危险中"
at intervals,"na. 时时；处处；偶尔
 不时；每隔一会儿；每隔一段时间"
at issue,"na. 不相容；在争论中；待裁决的
 争议中的；待解决的；争论中的"
at large,"na. 随便；拉杂地
 逍遥法外；在逃；未被捕获的"
at least,"na. 至少
 最低限度；起码；最少"
at leisure,"na. 在闲暇中；从容不迫地；失业
 有空；有空，闲暇时；从容地"
at length,"na. 最后；充分地
 详细地；终于；终于，最终"
at liberty,"na. 随意；(人,东西)闲着
 自由；有权；自由地"
at no time,"na. 从来没有
 决不；在任何时候都不；从不"
at odds,"un. 对弱方的让步；胜负的可能性；不相称；不和
 争执；不一致；有矛盾"
at odds with,"adj. 相抗争于
 与…不一致；与…不和；差异"
at once,"na. 立刻；同时
 马上；立即；即刻"
at one time,"na. 同时；曾经
 一度；过去一度；以前曾经"
at one's convenience,"na. 顺便；得便时
 自便；任凭；乘便"
at one's disposal,"na. 随某人自由
 由某人随意支配；由某人支配；由某人做主"
at one's expense,"prep.自费,牺牲别人的利益"
at one's wits' end,"na. 智穷才尽；不知所措
 一筹莫展；束手无策；毫无办法"
at present,"na. 目前
 现在；当今；眼下"
at random,"na. 碰运气地；无目标地
 随便地；随机地；随意地"
at risk,"un. 担风险
 有危险；在危险中；处于危险中"
at sea,"na. 在海上；不知所措
 海上巡航；海上巡游；茫然"
at stake,"na. 被赌着；在危险中；利害攸关
 利害攸关；危如累卵；在危急关头"
at the cost of,"na. 以…为牺牲
 以…为代价；以…代价；以之为代价"
at the expense of,"na. 以…为代价；由…出钱；牺牲…
 以…为牺牲；在损害…情况下；在损害……的情况下"
at the height of, 在……顶点；在的高峰；在…最鼎盛时期
at the mercy of,"na. 完全受…支配
 在…支配下；完全受...支配；任由…摆布"
at the moment,"na. “for the moment”的变体
 此刻；现在；目前"
at the outset,"na. 在开头时
 在开始时；从一开始；开始的时候"
at the prospect of,"un. 期待
 一想到；期待着"
at the rate of,"na. 按…的比例；以…的速度
 以……速度或比率；以…的速率；按…之速度"
at the risk of,"na. 冒着…的危险
 冒险；冒……的风险；冒着…风险"
at the start,"na. 开始
 开始时；当初；起初"
at the thought of,"na. 一想到
 一想起；一想到…就；当……想到"
at the time of, 在……的时候；在…的时间；之际
at the time that,prep.在...时候
at the very least,"na. 一点
 至少；起码；最低限度"
at times,"na. 时时
 有时；有时候；时常"
at will,"na. 任意；随意
 随心所欲；任意地；随意地"
at work,"na. 做着；在工作；起着作用；运转中
 在上班；起作用；在起作用"
at the rear of,prep.在...的后面
in the rear of,"na. 在…的后方
 在..之后"
attach importance to,"na. 重视；把重点放在
 十分重视；认为重要；着重于"
attach oneself to,"na. 属于；依恋
 依附；加入；参加"
attend to,"na. 照料(工作)
 照顾；注意；处理"
attitude toward, 对…的态度；意见；对于···的态度
attitude towards,"un. 对…态度
 对…的态度；科技态度；看法"
attract one's attention,找不到解释
attribute ... to,"na. 认为(成功)是(努力)的结果
 归因于；把…归因于；归咎于"
avail oneself of,"na. 利用时机
 趁；乘势；使自己充分利用"
available for, 可用于；适用范围；适用于某物
away from,"离开,远离,脱离,不在"
back and forth,"na. 来回地
 反复地；往返；前后"
back away,"v. 后退；退让；退缩
 逐渐后退；为了让出地方而后退；由于害怕而后退"
back down,"na. 打退堂鼓；放弃权利等
 让步；放弃原主张；取消前言"
back off,"na. 退避；后退
 滚开；放弃；让步"
back out,"na. 打退堂鼓；食言；退出；后退
 取消；收回；扭出"
back up,"na. 支持；堵塞；抢救后方；把(文件等备份)
 倒退；后退；援助"
bang against,"na. 砰地撞上
 碰在...上"
bang into,"v. 碰上
 撞上；撞着某物；撞入"
bank on sb.,找不到解释
bank on sth.,找不到解释
bargain for, 为购买（某物）讨价还价; 料到，考虑到（某情况）; 预料
bargain on, 依靠; 信赖; 料到; 考虑到（某情况）
base on,"v. 根据
 基于；以……为基础；以…为根据"
be in the mood for sth.,找不到解释
be in the mood to do sth.,找不到解释
be not in the mood for sth.,找不到解释
be not in the mood to do sth.,找不到解释
be about to,"na. 准备
 即将；正打算；将要"
be absent from,"na. 不在(家)；缺(工)
 缺席；缺课；缺勤"
be absorbed in,"na. 全神贯注在…；热衷于
 全神贯注于；专心于；一心从事"
be abundant in,丰富的，富裕的
be accused of, 被指控；被指责，谴责；被控诉，控告
be accustomed to,"na. 惯于(苦干,早起)
 习惯于；习惯於；习以为常"
be adapted to,"v. 适合于；适应
 适合做某事；使适合；使…适合于"
be addicted to,"na. 嗜好
 沉溺于；对……上瘾；沉迷于"
be adequate for,适合
be adjacent to,"与…毗邻,靠近…."
be advisable to do,找不到解释
be alien from,与…相异
be alien to,找不到解释
be annoyed with,"v. 因…烦恼
 被某人烦扰；使烦恼；被…烦扰"
be applicable to,"v. 适用于；能应用
 应用于；适应于；适当的"
be ashamed of,"na. 以为…是耻辱
 对…感到羞愧；惭愧；以…为羞耻"
be associated with,"v. 与…联系
 与……有关；与……有关系；相联系"
be attached to,"na. 爱上；隶属于
 附属于；依恋；爱慕"
be aware of,"na. 知道
 意识到；觉察；了解"
be away from, 远离；离开；从……离开
be beneficial to,"v. 有益于
 对…有益；有利于；对…有利"
be better off,"na. 情况更好；更加富有；处境较好
 更富有；境况好起来；境况富裕"
be biased against,"na. 对…抱有偏见
 对……有偏见"
be blind to,"na. 不明
 对…是盲目的；不了解；对……视而不见"
be bound to,"v. 一定要；决心
 必定；注定；一定会"
be bound up with,"na. 与…有密切联系；与…结合在一起；和…有密切关系
 与...有密切联系；与…有密切关系；相关"
be capable of,"v. 能够承担
 有能力；有能力干；有能力做"
be cautious about,找不到解释
be certain of,"v. 确信；深信
 肯定；有把握；一定"
be characterized by,"na. 有…的(显著)特点
 以…为特征；的特点在于；典型代表了"
be comparable with,"v. 可比于
 与…可比较的；没有哪；把…与…比较"
be comparable to, 比得上；和…相当；犹如
be compatible with,"v. 与…兼容
 与……兼容的；相容；一致"
be composed of,"na. 由…组成
 由…构成；由…组成的；强调由什么成分所构成"
be concerned about,"na. 关心；挂念
 担心；对…关心；关注"
be concerned with,"na. 干与；关怀
 关心；与…有关；参与"
be confident in, 对…有信心；对……充满信心；信任
be confident of,"na. 对(成功)满怀信心
 对……有信心；确信；对某物自信"
be conscious of,"na. 意识到
 察觉；知道；觉察"
be consistent with,"v. 与…一致
 符合；与----相符；和…一致"
be content with,"na. 以…为满足
 对…满意；满足于；对……满足"
be contrary to,"v. 不同于
 与…相反；违反；反对"
be critical of, 批评的；爱挑毛病的；对……持批评态度
be crucial to, 对……至关重要；决定性的；重要的
be curious about,"na. 对(某事物)感到好奇
 对……感到好奇；对…好奇；对某事好奇"
be deemed as, 被视为
be deficient in,缺乏，欠缺…，在…方面有所不足
be dependent on,"na. 依靠
 依赖；依赖于；取决于"
be dependent upon,依靠(他人供给吃、住、钱等)，依赖；随…而定；依…而转移
be deprived of,"na. 失却
 被剥夺；剥夺某人的；丧失"
be designed to do,找不到解释
be dissatisfied with,"na. 不满于
 对……不满；对……不满意"
be dissatisfied at,vt.对...不潢
be distinct from,"v. 与…有差别
 与…不同；与…截然不同；和…截然不同的"
be divided into, 被分成；被分为；被划分为
be doomed to, 注定；注定要；注定注定要
be doubtful about,对…感到怀疑
be eager to do, 渴望做某事；急于做某事；急欲
be easy of access,"vt.容易接近,容易得到,容易进入"
be eligible for, 有资格；对•••有资格；合格的
be enthusiastic about, 热衷于；对…热情；对……怀着热情
be entitled to, 有权；有资格；有权做
be envious of,"v. 嫉妒
 羡慕；妒忌；非常羡慕"
be equal to,"na. 等于；胜任；赶得上；忍耐得住
 与……相等；相当；能胜任"
be equivalent to,"na. 等于；相当于
 等价于；等效；与…相当"
be essential to,"v. 对…必不可少
 对…不可缺少；必不可少的；非常重要的"
be exhausted from,找不到解释
be exposed to, 暴露于；面临；暴露在
be faced with,"v. 面临
 面对；面临着；遇到"
be familiar to,"v. 熟悉
 为…所熟悉；对……熟悉；为…熟悉"
be familiar with,"na. 精通；同…相好
 熟悉；对…熟悉；对…而熟悉"
be fascinated by, 被…所吸引；迷醉；对…着迷
be fearful of, 担心；惧怕；害怕
be filled with, 充满；装满；充满着
be fit to, 适合
be good for,"na. 值…
 对…有好处；对……有益；对…有作用"
be grounded in, 以……为根据；以……为基础
be happy with, 对……感到满意；对…满意；高兴
be identical to, 与…相同；一致；同……一模一样
be identical with,"v. 与…相同
 与……一致；和…相同；和完全相同"
be immersed in,"v. 沉浸在；埋头于
 沉浸于；陷入；全身心投入"
be immune from,找不到解释
be immune to,"对...有免疫力, 可避免..., 不受...的影响"
be implicit in,找不到解释
be inclined to do, 倾向于做某事；喜欢做；表示强烈的意愿
be inclusive of,包括…
be independent of,"na. 独立于…之外的；与…无关的
 与……无关；脱离……而独立；独立于……之外"
be indispensable to, 对…必不可少；至关重要的；对……必不可少的
be indispensable for,找不到解释
be indicative of, 表明；暗示；表示
be indifferent to,"na. 对…不关心
 不在乎；对…漠不关心；对……感到无所谓"
be indignant at, 对某事感到愤慨；都某事感到愤慨
be indignant with,对…感到愤慨
be inferior to, 劣于；不如；低于
be innocent of, 无罪的；无辜的；清白的
be instrumental in, 在某方面起到关键作用；在某方面起作用
be intent on,"v. 对…一心一意
 对某事专心致志；决心要做；专心于"
be involved in,"na. 被包入；被卷入漩涡
 参与；涉及；介入"
be irrelevant to, 不切题；与…不相干；与…不相关
be irrespective of,找不到解释
be isolated from, 绝缘；自…被分离出来
be jealous of,"v. 妒忌
 嫉妒；妒嫉；忌妒"
be junior to, 年龄小于；比……年轻；比…年少
be keen on,"na. 喜爱
 渴望；喜欢；热衷于"
be keen to do,想做
be known as,"na. 通称
 被称为；被称作；被认为是"
be known for,"un. 公认；闻名；以…著称
 因…而出名；因为…而出名；以……著称"
be lack of,找不到解释
be liable for, 对…应负责任的；对…负责；有责任
be liable to,"该受(罚), 应遵守..., 有...的倾向, 易于..."
be loyal to,"v. 忠实于
 对……忠诚；忠于；忠诚于"
be married to,"un. 给…证婚；嫁给…
 与……结婚；和…结婚；与某人结婚"
be meant to, 有意要；应该是；打算
be nervous about,找不到解释
be objective about,找不到解释
be obliged to,"na. 感谢；不得已而…
 不得不；被迫做；有义务"
be obsessed with,"un. 昼夜萦绕在…心头；被…缠住；埋头研究
 沉迷于；痴迷于；对…着迷"
be open to,"na. 易受；易接受；对…开着门
 对……开放；易于接受；向---开放"
be opposed to,"v. 反对；与…相对
 她不反对必要的改变；强烈地反对；反对老师的观点"
be optimistic about, 对……乐观；对…很乐观；对于…感到乐观
be partial to,"na. 偏爱
 偏袒；袒护；左右袒"
be peculiar to,"v. 限于
 是……所特有的；相关词组；特别的"
be popular with,"na. 受…欢迎
 受…的欢迎；受…欢迎的；受到……的欢迎"
be prepared for,"na. 准备着
 对……做好准备；为……做好准备；准备好做"
be proficient in,"v. 精通
 熟练…；熟练掌握；技术熟练"
be prone to,"v. 易于…的
 倾向于；容易；有…的倾向"
be proud of,"na. 以…自豪
 为…自豪；骄傲；以……为骄傲"
be puzzled about,找不到解释
be relevant to,"v. 有关
 与…有关；和……相关；与……相关"
be reluctant to do,找不到解释
be remarkable for, 以…而著称；在某方面显著；很突出
be resistant to, 抵抗的；抗拒；有抵抗力的
be responsible for,"v. 负责；担负
 对…负责；为…负责；对……负责任"
be rigorous with,找不到解释
be satisfied with,"v. 满足于
 对……感到满意；对……满意；对……表示满意或满足"
be scheduled for,"订于…,定于…"
be secondary to,找不到解释
be sensitive to,"na. 对…敏感
 对…敏感的；对……感到敏感；易感受"
be sick of,"v. 讨厌
 厌恶；对…感到厌倦；对…厌倦"
be skeptical of,找不到解释
be skeptical about,找不到解释
be skillful in, 善于；在…方面熟练；精于
be skillful at, 技术熟练；熟悉；擅长于
be soft on,"爱上
钟情于
对......温柔"
be stubborn about,找不到解释
be stuck in, 陷入；陷进；陷于
be stuck with, 无法摆脱；遇到困难无法进行下去；解脱不了
be subject to,"un. 给；降伏；受…支配；受…影响
 受支配；服从；应受"
be suitable for,"v. 合适
 适合于；对……合适；对…适合"
be suited for,适合…
be suited to, 适合于；适宜；合适
be superior to,"na. 比…好；超然于
 优于；比……优越；胜过"
be supposed to,"na. …(在职务上)要；不许
 应该；被认为；被期望"
be sure of,"na. 确信
 对……有把握；确定；深信"
be susceptible of,能…的;容许的
be susceptible to,"na. 对…敏感
 易受影响的；容易受到；易患"
be suspicious of,"v. 怀疑
 对某事或某人持怀疑的态度；对…有疑心；对…怀疑的"
be tempted to do,找不到解释
be terrified at,"na. 给…吓一跳
 被……吓一跳；受到…的恐吓；被…吓了一跳"
be terrified with,"na. 给…吓一跳
 被惊吓"
be tired of,"v. 厌烦；厌倦
 对…厌倦；对……厌烦；讨厌"
be to blame,"na. 该负责
 该受责备；应该负责；应受责备"
be tolerant of,"na. 对…能容忍
 对…容忍；对……的容忍；对……宽容"
be typical of,"v. 代表；象征
 是…的特点；典型的；有代表性的"
be unaware of, 不知道；没有意识到；没意识到
be unfamiliar with, 不熟悉；对…不了解或不熟悉
be up to,"un. 面对；在干；居心
 胜任；该由…负责；应由"
be used to do,找不到解释
be weary of, 对…感到厌倦；厌烦；厌烦的
be willing to do,"na. 乐意进行
 愿意做某事；乐意做某事；心甘情愿做"
be unwilling to do,找不到解释
be worse off,"na. 经济情况更不好；情况恶化；更加贫困
 处境较坏；情况更差；处境更糟"
be worth doing,值得做……
be worthy of, 值得；配得上；对得起
be fed up,"v. 减轻；低估；极其厌倦
 吃得过饱；对…极厌倦；因多而厌烦"
be fed up with,"na. 吃…吃得过饱；厌倦
 厌烦；受够了；讨厌"
get fed up,找不到解释
get fed up with,找不到解释
be in shape, 身体好
get in shape, 健身；恢复体型；保持身材
be on a diet, 节食；节食减肥；正在节食
go on a diet, 节食；实行节食；减肥
bear up,"na. 支持；咬紧牙关坚持；驶向下风
 拥护；鼓起勇气；振作"
bear ... a spite,找不到解释
owe ... a spite,找不到解释
beat around the bush,"na. 转弯抹角
 绕圈子；拐弯抹角；旁敲侧击"
beat about the bush,"na. 旁敲侧击；拨打草丛搜索猎物；旁敲侧击的刺探人意
 拐弯抹角；绕圈子；转弯抹角"
beat ... to the punch, 先发制人；捷足先登；抢得先机
because of,"na. 因
 因为；由于；由于，因为"
before long,"na. 不久；不(需很)久
 不久以后；很快；不久之后"
behave oneself, 规规矩矩；守规矩；有礼貌
behind one's back, 背后；在某人之背后；背着某人
behind schedule,"na. 比预定时间晚
 晚点；误点；落后于预定计划"
behind the scenes,"na. 知道内幕；秘密地
 幕后花絮；在幕后；在后台"
believe in,"v. 相信
 信任；信仰；信奉"
belong to,"v. 属于；附属
 归于；归属；属於"
bend over backwards,"矫枉过正, 拼命"
bend over backwards to do,找不到解释
benefit from,"v. 从…得到好处
 受益于；从……中受益；从…中获益"
benefit by,"v. 得益于
 受益；从……得到好处；从…中获得好处"
beside the point,"na. 达到目的；说服别人
 离题；不切正题；无关紧要"
between jobs, 失业；待业中；工作之间
beyond question,"na. 毫无疑问；一定
 无可争辩；毋庸置疑；难以置疑"
beyond all question,"na. 毫无疑问；一定
 无可争辩；毫无疑问的"
beyond description,"na. “beyond expression”的变体
 难以形容；无法形容；无法描述"
beyond dispute,"na. 无争论余地；的确；无疑
 无可争议；不容争议的；不容争议的，无可争议"
beyond expression,"na. 形容不出；无法表达
 无法形容；说不出的；无法用语言来形容"
beyond one's comprehension, 不可理解
beyond words,"un. 明理人不用细说；难以形容
 无法用语言表达；难以言表；无法用言语表达"
bid for,"na. 投标求包(工程)；出价竞买(某物)；争取得到(拥护等)
 申办；许诺获支持；为……而竞标或争夺"
bid up,"un. 哄抬(价格)；追逐；买；抬高
 竞出高价；哄抬抬高出价数；哄抬价钱"
blame sb. for sth.,找不到解释
blast off,"na. (使)(火箭等)发火起飞
 升空；发射；发射升空"
blunder about,v. 瞎闯；乱撞
blunder around, 碌碌
blunder on,"na. 无意中发现
 碰见；偶然碰见；一错再错"
blunder upon,"na. 无意中发现
 偶然碰上；偶然碰见；偶然发现某事"
boast about,"na. 夸耀
 自夸；吹嘘；吹牛"
boast of,"na. 夸耀
 自夸；吹嘘；吹牛"
boil down to,"na. (被)归结起来是…；(审判等到最后)表明
 归结为；简化为，归结为；归根到底"
boot up,"un. 启动；自举；引导；使系统开始工作
 开机；开机后；起动"
bounce back,"na. 很快挽回(颓势,败局)
 反弹；卷土重来；迅速恢复活力"
bound for,"adj. 驶往…的
 开往；飞往；开往……的"
branch off,"na. (道路等)分叉
 岔开；分支；分出来"
branch out,"na. (树)发枝；(话等)横生枝节；(事业等)扩大规模
 拓展业务；长出枝条；扩大活动范围"
break a promise,"na. 违反诺言；不守诺言；违约
 违背诺言；失信；食言"
break away,"v. 逃脱；突然离开；突然离去；挣脱
 脱离；逃跑；摆脱"
break away from,"v. 脱离；离开；断绝与…的关系
 摆脱；从…脱离；脱离等"
break down,"v. 分解；抛锚；分析；划分
 损坏；出故障；瓦解"
break in,"na. 闯入；插嘴；驯(马)；训练(人)
 打断；强行进入；插话"
break into,"na. 闯进；拦(别人话头)；侵占(别人时间等)；突然…起来
 闯入；破门而入；强行进入"
break off,"v. 断绝；摘；把…折断；使脱落
 中断；突然停止；打断"
break out,"na. 起；(战争等)突发；(囚犯等)逃脱；起(锚)
 爆发；突然发生；逃出"
break the back of,"na. 办完(某事)的极困难部分；毁坏；伤其要害；克服某事最艰巨的部分
 完成主要的或最艰难的部分；完成某事的最艰难部分；完成最困难的部分"
break through,"na. 突破(点)；(科技等的)重大发现；关键问题的解决
 突围；冲破；冲垮"
break up,"v. 拆散；打碎；剖割(兽体等)；破坏
 分手；结束；分解"
brighten up,"na. 同“brighten ”
 发亮；照亮；变得明亮起来"
brim with, 洋溢；洋溢着；充满着
brim over with,"na. (精神等)饱满；(才华等)横溢；漫出
 充满；满溢；有丰富的"
bring about,"na. 造成；带来；(使船)回转
 引起；导致；产生"
bring back,"na. 送回；使恢复；使回忆起
 拿回来；带回；带回来"
bring down,"na. 降低；击落；削减；使落下
 打倒；使下降；使倒下"
bring forth,"na. 提出；生
 产生；使产生；发表"
bring forward,"na. 提出(计划等)；提示；提前；公开
 提议；把…提前；将…提前"
bring in,"na. 生产；生(利)；收获(农作物等)；挣得(报酬等)
 引进；带来；引入"
bring out,"na. 公布；说出；出版；上演
 生产；阐明；说明"
bring sth. into sth.,找不到解释
bring to,"na. 使恢复知觉；使停船
 使复苏；使苏醒；加进"
bring up,"na. 抚养；教导；教育；在…长大
 培养；提出；养育"
bring into effect,"na. 使生效；使起作用；实行
 实现；实施；贯彻"
carry into effect,"na. 使生效；使起作用；实行
 实现；施行；实施"
put into effect,"na. 实行
 生效；实施；使生效"
bring ... into practice,找不到解释
put ... into practice,"na. 实行
 实施；付诸实施；落实"
brood about,"vt.苦思,沉思"
brood over,"na. 俯视；笼罩
 郁闷地沉思；闷闷不乐；仔细考虑笼罩在……上"
brood on,"un. 郁闷地沉思
 耿耿于怀；念念不忘；计较"
brush aside,"na. 刷去；扫除；无视
 漠视；不顾；置之不理"
brush off,"na. 刷去；打发走；摒弃；逃掉
 拂去；撇开；刷掉"
build on,"na. 依赖；把…建筑于
 以……为基础；建立于；把…建立于"
build up,"na. 同“build”；建立；复兴；集结(部队)
 逐步建立；增进；积累"
bump against,"un. 邂逅相遇；撞
 同本义；撞击；撞到"
bump into,"v. 偶然碰到；邂逅；遇见；(意外)撞到
 撞上；碰见；撞见"
bump along,颠簸而行
bump down, 光杆下行撞击
bundle up,"na. 同“bundle”
 捆扎；赢得比赛；把…捆扎起来"
burn down,"na. 把…烧成平地；(蜡烛等)逐渐烧完；火力减弱
 烧毁；烧光；烧为平地"
burn out,"na. 烧起来；烧光；烧尽；烧断
 烧掉；烧坏；熄灭"
burn up,"na. 烧完；旺起来；使恼怒；发怒
 烧起来；烧尽；烧光"
burst into,"na. 闯进；突然…起来
 闯入；突然发作；突然闯入"
but for,"na. 要不是；除…而外
 如果没有；倘没有；要是没有"
but then,"na. 但是；但是另一方面
 不过；但另一方面；然而"
but then again, 但是一样的是；但在那时；话说回来
butt in,"na. 插手
 插嘴；干涉；打断"
buy off,"na. (用贿赂)收买；用钱疏通；同“buy”
 买通；收买拉拢；行贿"
buy out,"na. 出钱使某人出让地位；买下…的全部产权
 收购全部；买进全部产权或股权；买断"
buy up,"na. 囤积；整批收购；购进(其他公司)
 尽可能买进；全部买进；全部买下"
buzz about, 跑来跑去；闹哄哄地跑来跑去；匆忙而紧张地行动
buzz around," <俚>匆忙而紧张地行动, 乱哄哄地跑来跑去"
by a large margin,找不到解释
by accident,"na. 偶然 (opp. on purpose)
 偶然地；意外；不小心"
by all means,"na. 必定；千方百计；不惜一切；好的
 务必；一定；无论如何"
by analogy,"na. 照此类推
 用类推的方法；用类比的方法；用类推法"
by and large,"na. 总的说来
 大体上；总的来说；基本上"
by chance,"na. 偶然
 碰巧；偶然地；意外地"
by comparison,"na. 比较起来
 相比之下；相比较；通过对比"
by contrast,"un. 相比之下；作对比；与此相反
 对比之下；对比而言；相比而言"
by courtesy of,"na. 由于…好意
 由于…的作用；蒙…的好意，蒙…提供；由于..好意"
by design,"un. 设计；有意的
 故意地；设计的；故意的"
by far,"na. (修饰比较级,最高级,表示数量,程度等)…得多；尤其；更
 到目前为止；非常；最多"
by hand,"na. 用手的；用手递交的；(婴儿)用牛奶抚养的
 用手工；手动；手工的"
by heart, 牢记；凭记忆；熟记
by inference, 根据推理；根据推测；据推论
by means of,"na. 以
 用；依靠；借助于"
by mistake,"na. 因错误
 错误地；错误的；错拿某物"
by nature,"na. 生就；从本性上说
 生来；天生的；生性"
by no means,"na. 决不；并没有
 一点也不；绝不；无论如何决不"
by occasion of, 由于；因为
by reason of,"na. 凭…的理由
 由于；因为；原因"
by sheer chance, 完全处于偶然；纯属偶然地；完全出于偶然
by the book,"na. “by book”的变体
 照章办事；按常规；按规则"
by the end of,"prep. 在…尽头
 到……为止；到……末为止；到……底为止"
by the name of,"na. 名叫…的
 名叫……的；以……之名；这人叫"
by the same token,"adv. 举证
 同样地；由于同样原因；由于同样的原因"
by the time,"na. 到…的时候
 到……时候；直到…时候；到…时候为止"
by the way,"na. 见 way 条
 顺便说一句；顺便问一下；顺便说一下"
by turns,"na. 轮流
 交替；轮流地；轮换地"
by virtue of,"na. 靠
 由于；凭借；因"
by way of,"na. 当做；作出…的样子；经由；以便
 通过…方式；取道；经过"
by leaps and bounds,"na. 飞跃地；连跑带跳地
 突飞猛进地；飞速地；一日千里"
in leaps and bounds,"un. 飞速地；飞跃；真快
 极其迅速的；突飞猛进地；飞跃地"
call about sth.,找不到解释
call sb. about sth.,找不到解释
call at,"na. 访问(某家)；(车船)停靠(某地)
 拜访；拜访某地；拜访地点"
call for,"na. 呼吁；主张；需要；接(某人)
 要求；提倡；号召"
call forth,"na. 唤起
 引起；振作起，鼓起；激发"
call in,"na. 招；叫进；引入；调入
 召来；来访；收回"
call off,"na. 命令停止；丢手；取消(婚约)；点(名)
 放弃；叫走，叫开；转移开"
call on,"na. 号召；指名要(某人)去干(某事)；请求；访问
 拜访；呼吁；拜访某人"
call upon,"na. “call on”的变体；同“call on ”
 号召；拜访；求告"
call up,"na. 传；动员；打电话给；呼唤
 召集；使想起；召唤"
calm down,"na. 平静下来
 镇定下来；冷静；冷静下来"
can't help doing, 禁不住做某事；情不自禁做某事；忍不住做某事
couldn't help doing,找不到解释
cancel out,"v. 相约；相消；抵消
 取消；抵偿；抵销"
care about,"v. 在意
 关心；在乎；担心"
care for,"v. 照顾；关心；喜欢
 照料；关怀；照管"
carry forward,"na. 推进；发扬；结转；使进行
 发扬光大；弘扬；继承"
carry off,"na. 得(奖)；夺去；诱拐；(病)夺去人命
 夺走；携走；拿走"
carry on,"adj. (飞机乘客的行李)可随身携带的
n. (飞机乘客的)随身行李
 继续；继续下去；进行"
carry out,"na. 实行；开展；完成
 执行；实现；贯彻"
carry through,"na. 完成(计划等)；坚持到底
 贯彻；进行；进行到底"
carry ... into effect,找不到解释
bring ... into effect,找不到解释
carve out, 雕刻出…; 用辛勤的劳动创造出…; 剜
carve up, 把（某物）切成块; <贬><非正>瓜分（某物）; 脔割
cash down,"na. 即付
 即期付款；用现金支付；付现"
cash in on,"na. 用…赚钱；利用
 乘机利用；靠…赚钱；趁机利用"
cast about for,"na. 寻觅；搜集；物色；想(方法等)
 搜索；寻找"
cast out,"na. 扔出；赶出；吐出；吵闹
 驱逐；逐出；赶走"
cast light on, 映照；阐明；使明白
cast light upon,阐明;使人理解某事;使某事更为清楚 
shed light on,"na. 阐明；解释；将…弄明白；照亮
 说明；阐明某事；使某事清楚"
shed light upon,阐明;使人理解某事;使某事更为清楚 
throw light on,"na. 弄明白
 阐明；解释；说明"
throw light upon, 阐明，使…清楚
catch fire,"na. 着火
 失火；著火；发火"
catch on,"na. 流行；受欢迎；理解；懂得
 明白；流行起来；变得流行"
catch one's breath,"na. 忍住呼吸；休息一下；紧张起来
 歇口气；喘气；屏息"
catch one's eye,"un. 胡说；引起…的注意
 引人注目；引起某人的注意；引起某人注意"
catch sight of,"na. 看出
 发现；看见；看到"
catch the attention of,引起…的注意
catch up,"na. 与…并驾齐驱 (to with)；扰乱(说话人)
 赶上；追上；跟上"
catch a glimpse of,"na. 瞥见；看一眼
 瞥一眼；瞥见了；匆匆一瞥"
get a glimpse of,"na. 瞥见；看一眼
 瞥见了；窥见；目睹"
cater for,"un. 备办食物:；凑合
 迎合；投合；满足"
cater to,"v. 迎合
 投合；满足某种需要或要求；满足……的需要"
charge sb. with,"na. 托付；使负…的罪名；使受…的责备
 控告；指控；指控…犯有罪"
chase after,"v. 追逐
 追赶；追求；同本义"
check in,"v. 报到；(旅馆)登记
 入住；办理登记手续；签到"
check out,"na. 开支票(提款)；(旅馆)付账后离开；及格；死
 退房；检查；结帐"
check up,"na. 检查；试验(工作的效率,精确程度等)
 核对；体检；检验"
check up on,"na. “check on”的变体
 检查；核对；校对"
check with,"na. 与…相符合
 与...相符合；与…一致；商议"
cheer for,"un. 给加油
 为……喝彩；为……欢呼；为……而欢呼"
cheer up,"v. 鼓舞；振作一点
 振作起来；高兴起来；使高兴起来"
chew on,"un. 咀嚼；深思
 考虑；细想；仔细考虑"
chew over,"na. “chew upon”的变体
 仔细考虑；仔细商量；深思，细想"
civil servant,"n. 公务员；政府官员
 文职人员；文官；行政能力倾向测试是公务员"
claim for,"v. 要求
 索取；索赔；提出…原因的索赔"
clamp down,"v. 严厉打击；强制执行；严禁；施压
 取缔；施加压力；对……施压"
clamp down on, 压制，取缔
clean up,"na. 收拾干净；改正；赚厚利
 打扫；打扫干净；清除"
clear away,"na. 扫除；砍去；(雾等)消散
 收拾；把…清除掉；去掉"
clear off,"na. 理清(工作等)；清算；卖掉；撵走
 清除；消散；摆脱"
clear out,"na. 清空；腾空；清理；匆忙离开
 清除；清仓甩卖；扫出"
clear up,"na. 整顿；说明；(天气)转晴
 放晴；整理；清理"
click on, 点击；用鼠标点击；单击
cling to,"v. 依附；坚持
 墨守；紧紧抓住；附着"
close down,"v. 关闭；关门；倒闭；歇业
 停业；查封；封闭"
close in,"na. 迫近；(白天)渐短
 包围；逼近；围拢"
close up,"na. 靠紧；(伤)愈合；密闭；结束
 关闭；特写；靠近"
cluster around, 聚集在；簇拥上来；集中发生
cluster together,(使)集中; (使)成群
coincide with,"v. 与…一致
 与……相符；不谋而合；符合"
collaborate with,"v. 私通
 勾结；通敌；与敌人合作"
collide with,"v. 碰撞
 冲突；互撞；抵触"
combine with,"na. 和…结合；与…化合
 与…结合；联合；与…混合"
come across,"na. 尽(义务)；发现；碰见；(穿过…)来到
 遇见；偶然遇见；碰到"
come along,"na. 进步；同意；一道来；请过来
 出现；进展；快点"
come apart,"na. (精神)错乱；分开了
 崩溃；破裂；瓦解"
come around,"na. 赶上；达到；袭击
 苏醒；顺便过来；拜访"
come round,"na. 苏醒；(生气的人)消除怒气；(病后)复原；(从某处)转来
 到来；再来；回心转意"
come at,"v. 得到；达到
 袭击；攻击；求得"
come away,"na. 脱掉
 离开；脱落；脱离"
come away from, 某物脱离了另外一个物体；空手而回
come back,"na. 回来；想起来；复原；归
 恢复；回来吧；回想起来"
come between,"na. 介入…之间；离间
 介入……之间；在…中间；妨碍"
come by,"na. 到手；通过附近；拜访
 得到；获得；看望"
come close to,"v. 差一点
 接近；几乎；将近"
come down to,"v. 降至；归结起来；变为；归结为
 可归结为；到达；归根结底"
come down with,"na. 生病；得(病)
 病倒；染上；患"
come down,"na. 败落；退步；(飞机的)下降
 下来；病倒；降落"
come in contact with,"na. 和…接触；碰见
 与…取得联系；接触到；同…接触"
come in for,"na. 来取；接受；受到(处分等)
 领取；得到；遭到"
come into existence,"na. 产生；成立
 开始存在；形成；出现"
come into use,"na. (某物)开始被使用
 开始使用；投入使用；开始投入使用"
come off,"na. 同“come across”；(人)走了；(扣子,齿,发)脱落
 成功；实现；举行"
come on,"na. (演员)出台；进行(很好)；(暴风雨等)起；(病,苦痛等)加深
 来吧；加油；快点"
come out with,"na. 发表；讲出；泄露(秘密)；展出
 说出；公布；供应"
come out,"na. 出来
 出现；出柜；现身"
come over,"na. 渡过来；(从敌方)过来；变挂；欺骗
 顺便来访；从远方来；走过来"
come through,"na. 胜利；脱险；支付；捐献
 经历；成功；安然度过"
come to blows,"na. 互相打起来；开战
 开始互殴；动手打起来；动手互殴"
come to grief,"na. 失败；受伤；受欺负；出毛病
 遭难；吃亏；无由之灾"
come to one's senses,"na. 恢复理性；恢复知觉；苏醒过来；醒悟过来
 恢复理智；不再做傻事；固定用法恢复知觉"
come to the fore,"na. 发作；惹人注意
 涌现出来；站到前面，涌现，出现；进入前列"
come to the point,"na. 说正题
 有话直说；说到要点；谈主要问题"
come to,"na. 总计为；结果是；苏醒；把船朝着风头
 达到；来到；恢复知觉"
come true,"na. (预言等)成事实；实现；(作物)不变种地发芽生长
 成为现实；成为事实；变成现实"
come up against,"na. 遭到(反对)；与…矛盾
 碰到；遇到；与...矛盾"
come up to,"na. 到达；不亚于；不负(期待)
 达到；符合；达到，符合"
come up with,"na. 想出(一个主意或计划)；提出；提供；筹措
 赶上；找到；想出某事"
come up,"na. 走近；上升；抬头；(暴风雨等)起
 上来；出现；发生"
come with, 伴随…发生；与……一起供给；与……一起来
come to a halt,"na. 停止
 停顿；停住；陷入停顿"
bring to a halt,na. 使停止
come into effect,"na. 开始实施
 生效；开始生效；开始实行"
go into effect,"v. 生效
 施行；实施；开始生效"
come into operation,"na. 开始工作；生效
 开始运转；施行；开工"
go into operation,"na. 开始运转；生效
 开始工作；开工；投入生产"
comment about,找不到解释
comment on,"v. 评论
 对…评论；对…发表评论；对……的评论"
commit oneself to,"na. 委身于
 专心致志于；使自己承担；致力于"
commit suicide,"na. 自杀；自尽
 寻短见；自裁；自杀身亡"
communicate with,"v. 联络
 与…交流；和…交流；沟通"
compare with,"na. 和…比较
 与…相比；与…相比较；与…比较"
compare ... to,找不到解释
compel sb. to do,找不到解释
compensate for,"v. 补偿；抵偿
 赔偿；弥补；补偿损失"
compete against,"v. 竞争
 展开竞争；与……竞争；与某人竞争"
compete with,"v. 竞争
 与……竞争；与…抗争；高下"
compete in,"v. 竞争
 参加比赛；在某方面竞争；参加……的比赛"
compete with,"v. 竞争
 与……竞争；与…抗争；高下"
complete with,"un. 配上
 连同；包括；配有"
comply with,"v. 遵守
 遵从；依从；服从"
compose oneself to do,找不到解释
conceal sth. from sb.,找不到解释
conceive of,"na. 想出(计划)
 设想；想象；构想"
concern oneself about,"vt.关心,挂念"
concern oneself with,"na. 从事
 参与；关注；关心"
conclude from, 相信某事物；从··推断出；从···中得出结论
conclude with,"v. 结束
 用……结束某事；以…为结束；中止"
confer ... on sb.,找不到解释
confer ... upon sb.,找不到解释
confess to sth.,找不到解释
confess to doing sth.,找不到解释
confide in,"v. 信任；吐露秘密
 对…讲真心话；依赖；向……吐露秘密"
conform to,"na. 遵照；顺应；遵守
 符合；遵从；适合，符合"
conform with,"v. 符合
 合乎；与一致；与某事物相符或相一致"
confuse ... with,找不到解释
consent to,"v. 同意；赞成
 同意某事；应允；赞同意义的词组"
consist of,"v. 由…合成
 由……组成；由…构成；包括"
be consumed with,"na. (因嫉妒,热病,野心)而憔悴
 被…吞噬；消费；如果是"
contribute to,"na. 捐助；给…投稿；捐(款)给；投寄(一篇论文)给(某杂志)
 有助于；促成；贡献"
convert ... into,找不到解释
convert ... to,找不到解释
convert to,"na. 使(某人)改信(某教,尤指改信基督教)
 转换到；转换为；转换至"
convert sb. to,找不到解释
convince sb. of,"na. 使(人)承认
 确信；使确信；使信服"
cook up,"v. 伪造
 虚构；编造；捏造"
cool off,"na. 变凉；使…冷静；(销量,价钱等)下降
 平静下来；冷却；冷静下来"
cooperate with sb.,找不到解释
cooperate with sb. in doing,找不到解释
cope with,"v. 对付；应付
 处理；应对；解决"
correlate with, 找出一一对应的关系；与…相关；使相互关联
correspond to,"v. 符合
 相当于；相应；对应"
count ... in,"na. 算入
 把…计算在内；把……算入；算上"
count on,"na. 指望；预料到；期望
 依靠；依赖；期待"
count up,"v. 数到；数完
 共计；算出…的总数；把…加起来"
couple ... with,找不到解释
cover up,"na. 包庇(某人)；为某人打掩护；蒙盖；隐蔽
 掩盖；掩饰；掩饰，掩盖"
crack up,"na. 夸奖；吹捧某人；(人,身体等)疲惫不堪；(飞机)坠毁
 撞坏；崩溃；撞毁"
crash down,"v. 下坠
 哗啦一声倒下；猛然倒下；朝下猛撞"
crash into,"v. 撞入
 撞上；撞到……上；撞向"
credit ... to,"na. 把(某数)记入(某人)账户的贷方；把(成功)归(某人)
 把…归功于；增光的人；把…归于"
cross out,"na. 取消
 删去；划掉；删除"
cry out for,"v. 急需
 迫切需要；哭着要；叫喊要某物"
cut across,"na. 对直穿过；同“cut”
 抄近路；抄近路穿过；走捷径"
cut away,"na. 切开；乱砍；逃走
 砍掉；切掉；切除"
cut back,"na. 缩减；修剪(树枝等)；回叙往事
 削减；减少；消减"
cut corners,"na. 走捷径
 抄近路；超近路；偷工减料"
cut down,"na. 砍倒；削减；减价；夺去…活动力
 减少；缩短；降低"
cut in,"na. 突然插入；(汽车)超车；抢去别人的舞伴；在电话里窃听
 插嘴；插嘴，打断；超车抢挡"
cut into,"na. 插入话头；多嘴；打断(话头)突然加入
 侵犯；切成；削减"
cut out,"na. 割掉；除去；剪下；开辟
 停止；删除；切掉"
cut off,"na. 削除；截止；截断(退路等)；割下来
 切断；断绝；切掉"
cut short,"na. 打断(讲话)；使停止；缩减；从简
 中断；突然停止；缩短"
damp down, 使（某物表面）润湿; 使（兴趣、热情等）降低; 衰减; 减少
dash off,"na. 飞出；急忙离开；一气写成(文章等)
 匆忙完成；迅速写；迅速完成"
date back to,"na. 回溯至
 追溯到；始于；可追溯到"
deal with,"na. 办理；对待；与…交涉；与…交易
 处理；对付；应付"
decide on,"na. 决心
 决定；选定；决定某事"
declare oneself,"na. 表明态度
 发表意见；显露身分；表明自己的立场或意向"
decorate with,"v. 装饰以
 以…来装饰；用…装饰；以…装饰"
dedicate oneself to,"na. 致力于
 献身于；专心致力于；赋予自己"
deep down, 本质上; 实际上; 事实上; 在内心深处
defend ... from,找不到解释
depend on,"v. 依靠
 依赖；取决于；视……而定"
deprive ... of,"un. 剥夺
 剥夺某人的；使失去；使丧失"
derive from,"v. 来自；起源于
 衍生；由来；来源于"
descend from,"na. 是…的后裔
 从……下来；传下来；起源于"
descend on,"na. 袭击；突然访问
 突然袭击；突然到来；突然大批来访"
descend to,"v. 降低身份；屈就；沦落
 下降；传给；转而提到"
despair of,"v. 放弃希望
 绝望；对…绝望；丧失……信心"
detach from,"v. 分离自
 使分开；拆卸；拆下"
deviate from,"v. 越轨；违背
 偏离；背离；背离，偏离"
devote oneself to,"na. 专心从事(研究)；一味贪玩
 献身于；致力于；致力于，献身于"
die away,vt. 减弱，消失；渐熄；风，声音渐弱，渐息；（树木等）渐渐凋零，枯萎（根未死）；假死
die down,"na. 殉国
 平息；变弱；渐渐消失"
die of,"na. 因…而死
 死于；因……而死；因……病而死"
die from,"na. 因伤致死
 死于；由于…而死；因某事而死"
die off,"na. 一个一个死去；顺次枯死
 相继死去；相继死亡；一个个死掉"
die out,"na. 死绝
 灭绝；消失；逐渐消失"
differentiate between,"un. 区分
 分辨…和；要能区分"
dig down,"na. 挖倒；掏腰包
 挖下去；挖去；掘倒"
dig up,"na. 查出；找到；开垦(荒地等)；采掘(山芋等)
 挖出；掘起；发现"
dip into,"na. 舀出；取出；看一看；探究
 浏览；浸一浸；翻阅一下"
disapprove of,"v. 不赞成
 不赞同；不同意；反对"
discourage sb. from doing,找不到解释
discriminate against,"na. 歧视
 排斥；不一样对待；某些人歧视"
discriminate between,"v. 区别于
 辨别；区分；对类同人或物加以区别"
dish out,"na. 上(菜)；分配(饭菜等)；托出；提供
 分发；盛于盘中；给予"
dispense with,"na. 省；免除；没有也行；豁免
 无需；没有...也行；省掉"
dispose of,"na. 安排；解决；办妥；杀掉
 处理；除掉；处置"
dispute with, 争执；争论；跟…争执
distinguish between,"v. 分清
 区分；区别；辨别"
distinguish ... from,找不到解释
distract ... from,找不到解释
do a bunk, <俚>逃之夭夭，溜之大吉
do away with,"na. 废除；干掉
 去掉；除去；消灭"
do justice to,"na. 公平评判；公平对待；逼真；大吃
 公正地评判；公正地对待；公平地对待"
do the trick,"na. 达到目的
 达到理想的结果；做成功；获得成功"
do up,"v. 修缮；收拾
 系；打扮；包扎"
do with,"na. 对付；忍耐；与…相处
 处理；处置；需要"
do without,"na. 无需
 没有…也行；不用；将就"
do one's utmost,"na. 尽所有力量
 竭力；尽最大努力；尽全力"
try one's utmost, 竭力尽全力; 竭尽心力
double up,"na. 折；捏起(拳头)；(旅客等)同住一室；弯着身子
 把…折起来；对折；把…折叠起来"
down with,"na. 拿下；打倒
 把…拿下；放下；狂热的"
doze off,"v. 打瞌睡
 打盹；打盹儿；打磕睡"
dozens of,"adj. 许多
 几十；几十个；很多"
drain away,"v. 流掉；外流
 渐渐枯竭；流尽；流走"
drag down,"na. 挣工资；赚(钱)
 拖垮；向下拖；把人拖垮"
drag on,"na. 迁延；使拖延；拉长(声调等)；挨过
 拖长；延长；拖拖拉拉"
drag out,"na. “drag on”的变体
 拖延；延长；拖出"
draw one's attention to,找不到解释
draw in,"na. 拉入；引入；收(网等)；收回(借款等)
 引诱；到站；紧缩开支"
draw on,"na. 穿；依赖；靠；吸收
 利用；戴上；动用"
draw oneself up,"na. 立直；高视阔步
 挺直身体；控制自己；正色"
draw out,"na. 抽出；拔出；掏出；提出
 拉长；取出；拉出"
draw up,"na. 写出；正容；整(队)；拉起(鱼网等)
 起草；草拟；停住"
dream up,"na. 凭空想出；凭空捏造出
 虚构；创造；梦想"
dress up,"na. 乔装；装扮；为…打扮；盛装打扮
 穿上盛装；装饰；精心打扮"
drive away,"v. 赶走
 开走；把车开走；离开"
drive one's point home,"宣扬某人的观点
阐明某人的观点"
drive out,"v. 逐出；乘车出去
 驱逐；赶出去；驱赶"
drop by,"na. 随便访问一下
 顺便拜访；顺道拜访；非正式访问"
drop in,"(使)落进；(使)往里坍塌：
偶然(或顺便)走访(或访问)(on)；逐渐进入：
(有选择地)加入；愿意(或决心)参加：
放下(吊幕)，吊装布景："
drop off,"na. 同“drop”；睡着；(客)(一一)散去；衰落
 减少；减弱；下车"
drop out,"na. 退出；(因不满传统制度而)退出正常社会；落出；隐退
 退学；辍学；掉落"
drown out,"na. (洪水)把(人)赶跑；把(另一声音)压倒
 压过；盖过；常比喻声音被盖过"
drum up,"na. 招揽(顾客等)；招募(新兵等)；鼓励；激起
 招徕；竭力争取；鼓动"
dry out, （使）变干， （使）干涸; <非正>（使）戒（酒、毒等）; 晾干
due to,"un. 由于；预定；因为；亏
 应归于；由於；由…引起"
dwell on,"na. 细想详述仔细研究强调；拖长(发音)仔细打量；减慢
 详细讲述；凝思；老是想着"
dwell upon,"na. 细想详述仔细研究强调；盯着看；减慢
 深思；仔细想，深思；详细讲述"
early on,"adj. 不久之前
 前一阵子；在早期；继续下去"
earn one's living, 谋生；营生；挣钱维持生计
easy game, 爱是；容易捕获的猎物；易捕获的猎物
eat one's words,"na. 食言；收回自己说过的话；为自己说过的话道歉
 收回前言；承认说错话；承认错误"
eat up,"na. 吃完；消耗；沉迷于；很快走完(距离)
 吃光；吞灭；吃掉"
ebb and flow,"na. 消长；潮涨退；盛衰
 退潮；潮起潮落；潮的涨落"
economic recession,"un. 经济衰退
 经济萧条；经济不景气；经济萧条期"
effect on, 对…的作用；影响；的作用，影响
elaborate on,"v. 详细说明
 阐明；详细谈论；详述"
elbow sb. out of the way,找不到解释
eliminate from, 从…中消除；从……排除；去除
embark on,"un. 着手
 从事；开始；开始着手做某事"
embark upon,"un. 登
 开始；开始，从事，着手；开始工作"
emerge from,"v. 从…里露出
 出现；暴露；曾经一度遭到"
end up doing,"结果是(做)..., 以(做)...而告终, 结果变成..., 最后发展为..."
end up with,"na. 以…而告终
 以…而结束；以…结束；以……告终"
endow ... with,找不到解释
engage in,"na. 从事；参加
 参与；从事于；忙于"
enroll in,"v. 登记
 报名参加；参加；加入"
enter into,"na. 入；动手；参加；缔结(协约等)
 进入；开始；开始从事"
entitle sb. to,"un. 有资格
 给……权利；赋予…做；拥有…的权利"
envision ... as,找不到解释
equip ... with,找不到解释
err on the side of, 宁失之；在…做过了头；过分表现
even as,"na. 正如；正在…时
 正当；恰恰在…的时候；正当…的时候"
even if,"na. 即使…也
 纵然；就算；甚至"
even though,"na. “even if”的变体
 即使；尽管；虽然"
even now,"na. 甚至现在还；恰恰现在
 即使在现在；尽管这样；即使现在"
even then,"na. 甚至那时候都
 即使那样；连…都；尽管那样"
even so,"na. 即使如此；确是那样；正是那样
 虽然如此；尽管如此；即使这样"
ever since,"na. 从…以来
 从那时起；自从；此后一直"
ever so,"na. 非常；大大；“ever so/ever such ”的变体
 极其；即使如此；很"
every bit,"na. 全部；由任何一点看；完全
 每一点；完全一样"
every now and then,"na. 间或
 偶尔；有时；不时地"
every other,"na. 每隔；所有其他；每隔一；其他的…都
 每隔一个的；每隔一个地；其他的...都"
excel in,"v. 拿手于
 高强；擅长；在……方面很擅长"
except for,"na. 只有
 除了；除…之外；除了……之外"
exchange ... for,找不到解释
exclude from, 把…排斥于…之外；把……排除在外；同上但是使用档案
exempt from,"v. 使…免除
 豁免；免除的；免予"
exert oneself to do,找不到解释
exist in,"na. 存在于…中
 存在于...中；存在……中；存在于……之中"
explain away,"na. 巧辩过去
 把…解释过去；解释掉；辩解"
expose ... to,"un. 暴露于
 接触；使易受；使受"
extend from ... to,找不到解释
extract from,"un. 榨出(汁等)；提取:；拔取；拔出
 从…拔出；从…中提取；文件的摘录"
face to face,"na. 面对面
 面对面地；结构长度；面对面的"
face up to,"na. 大胆面向；正面对付；同“face”
 勇敢地面对某事；大胆面对；勇敢地对付"
fade away,"n. 逐渐消失
 褪色；消逝；逐渐凋谢"
fail to,"v. 未能；使…失望
 不能；没有；没能做成"
fall back on,"na. 撤退到…线；求助于
 转而依靠；依赖；借助于"
fall behind,"na. 落后；跟不上；落下；拖欠
 落在后面；落后于；掉队"
fall for,"v. 爱慕(某人)；赞赏(某事)；上当；受骗
 爱上；爱上，迷恋；信以为真"
fall in love,"v. 坠入情网
 坠入爱河；相爱；爱上"
fall in love with,"na. 爱上
 爱上某人；与……相爱；爱上某物"
fall in with,"na. “meet with”的变体
 与……一致；同意；符合"
fall into,"na. 开始；分解(成几部分)；陷入(网等)中；变成
 落入；分成；陷于"
fall off,"na. 下降；(从马上)掉下来；扫兴颓丧；离开
 跌落；减少；衰退"
fall on,"na. 开始(行动)；袭击；适逢；忽然看出来
 落到；落在……上面；叠印"
fall upon,"na. 开始(行动)；进攻；(节日)正当；忽然看出来
 适逢；落在；开始行动"
fall out,"v. 吵架；争执；闹僵；分手
 争吵；脱落；闹翻"
fall prey to, 被困：陷入困境，有遭受迫害、毁灭或侵袭的危险
fall short,"na. “come short”的变体
 不足；达不到；缺乏"
fall short of,"na. “come short”的变体；“fall short”的变体
 达不到；缺乏；不符合"
fall through,"na. 失败
 落空；成为泡影；告吹"
feed back,"adj. 反馈的
 回声效果的反馈率；回馈；回授"
feed into,"un. 注入；进入
 流入；提供原料；送入，装进"
feedback on, 反馈
feel the pinch, 感到手头拮据；会说手头拮据；感到经济拮据
fend off,"na. 挡开；避开(灾祸等)
 挡回；抵御；垫开"
fetch up,"na. 到达；拿出；引起；收回
 呕吐；弥补；产生"
fight down,"na. 打败
 克服；压服；镇压"
fight for,"v. 争取
 为…而战；为……而斗争；为…而战斗"
fight off, 在战斗中击败（某人）; 竭力摆脱; 辟
figure out,"na. 估计；解决；了解；确定
 想出；算出；计算出"
file for, 申请；提起诉讼；提出申请
fill in,"na. 填充；填写；同“fill”
 填满；填入；过门"
fill out,"na. 填写(表格等)；变胖；长胖；胖起来
 填表；填好；填充"
fill up,"na. 同“fill”
 装满；填补；填满"
find fault with,"na. 吹毛求疵；找…的岔子
 挑剔；找岔子；挑毛病"
finish off,"na. 同“finish”；完成；用完；吃完
 结束；吃光；喝完"
finish up,"na. 完成；吃光；用尽；同“finish”
 结束；彻底完成；完成结束"
first of all,"na. 第一
 首先；首要；是首先的意思"
fish for,"v. 间接探听；搜寻
 捞取；捕捞；同本义"
fit in, 有地方容纳; 有时间从事（某事）; 有时间接待（某人）; 相处融洽
fix on, 把…固定住; 把…集中在…上; 确定; 选定
flag up, 举旗
flare up,"na. 同“flare”；突然烧起来；突然发怒；忽然喧噪起来
 发火；勃然大怒；动怒"
flash back to, 闪回；倒叙
flatter oneself,"un. 自以为
 自鸣得意；自夸；自以为是"
flesh out,"na. 充实；使…具体化
 使有血有肉；使之更充实并具体化；充实完整"
flick through,"un. 浏览
 漫不经心地翻阅；突然地伸出；快速翻阅某物"
flush with, 齐平的；同高的；羞愧
focus on, 致力于; 使聚焦于; 对（某事或做某事）予以注意; 把…作为兴趣中心
for purpose of, 为了；为了什么原因；为…的目的
for the purpose of,"na. 为…
 为了…目的；为……目的；为了……的目的"
for an instant,"na. 一瞬间
 片刻；只是一个瞬间；一时"
for fear of,"na. 因为怕；唯恐
 以免；害怕；以防"
for fear that,"na. 生怕
 以免；唯恐；惟恐"
for good,"na. 永久地
 永远；一劳永逸地；永远地"
for good and all,"na. 永久地
 永远；一劳永逸地"
for instance,"na. 例如
 比如；举例说；举例来说"
for example,"na. 例如
 举例；比如；比如说"
for long,"na. 长久 longs and shorts 1. 诗. 2. 长短砌合
 很久；很长时间；长久地"
for one thing,"na. 第一；原因之一是
 首先；一则；一方面"
for short,"na. 简称
 缩写；简称某人；把……简称为"
for sure,"adv. 确实
 肯定地；确切地；毫无疑问"
for the moment,"na. “for this moment”的变体
 暂时；目前；现在"
for the most part,"na. 在极大程度上；就绝大部分而言；多半；基本上
 大多；大多数情况下；在大多数情况下"
for the sake of,"adv. 为了…起见
 为了…的利益；为了…的目的；为了…的缘故"
for the time being,"na. 暂时；一时；临时；在目前
 暂且；眼下；now暂且，就现在来说"
foul up,"na. 搞坏；同“foul”
 搞糟；搞砸；弄糟"
free of charge,"na. 免费
 不收费；免费的；无偿"
free ... from,"na. 无…的
 不受…影响的；免于；没有"
frighten away,"v. 吓走
 吓跑；吓走例句"
from now on,"na. 从今以后
 从现在起；从现在开始；今后"
from then on,"na. 从那时起
 从那以后；从那时开始；从此以后"
from today on, 从今天开始；从今天起；从今日起
from scratch,"adj. 从零开始的；白手起家的
 从头开始；从头做起；从无到有"
from the bottom up,"na. 从一开始；彻底地
 自下而上；从下到上；由下而上"
from of spite,找不到解释
out of spite, 为泄恨；出于恶意；为出气
fulfill one's pledge,找不到解释
function as,"n. 起…的作用
 起……的作用；起…作用；具有……的功能"
furnish sth.,找不到解释
furnish sth. to sb.,找不到解释
gain ground, 前进;  有进展;  越来越为人们所接受; 逼近
gain momentum, 势头增大；深入发展；发展加快
gather momentum, 不断兴起
gain control over,找不到解释
get control over,vt.控制
have control over,"un. 掌握；控制
 对…加以控制；对……控制；控制住"
gain an advantage over,"胜过,优于"
have an advantage over,"na. 胜过
 优于；比……有优势；比…处于有利地位"
gamble away,"na. 乱花；赌输掉
 赌掉；输光；滥用"
gang up,"na. 成群结队；勾结起来；集合
 聚集；朋比为奸；通同"
gather up,"na. 收集；总括(事件)；蜷缩(手,脚等)；集中力量
 收集起；拾起；概括"
generate from,找不到解释
get about,"na. 走动；旅行；(消息等)传开；忙于工作
 参加社会活动；流传；徘徊"
get across,"na. 使了解；使通过；使人了解；与(人)冲突
 讲清楚；说明；使被理解"
get ahead,"na. 获得成功；前进
 进步；超过；走在前面"
get along,"na. 过日子；生活；团结；进步
 相处；进展；过活"
get around to,"v. 找时间做
 开始考虑；抽时间做；抽出时间来做"
get round to,"v. 找时间做
 腾出时间来做；花时间和精力去做；开始考虑"
get around,"na. 回避(事实)；往来；避开(法律等)；智胜(某人)
 走动；规避；四处走动"
get round,"na. 使敌对各方坐下谈判；同“get around ”
 传开；说服；消息传开"
get at,"na. 抓住；了解；到达；拿得到
 够得着；意指；接近"
get away,"na. 逃脱；出发；把…送出
 离开；逃离；逃跑"
get by,"na. 走过；勉强混过去
 通过；过得去；勉强生存"
get cracking,"na. 立即行动
 开始做；快点；开始工作"
get down,"na. 开始认真对待；落下；下车；写下
 下来；从…下来；降下"
get down to,"v. 认真对待
 开始；着手；着手做"
get hold of,"v. 抓住；捉住
 掌握；得到；拿到"
get in the way,"na. 妨碍
 挡道；碍事；挡路"
get in,"na. 进入；收(庄稼)；收集(税收,捐款等)；插入
 到达；收割；进站"
get insight into,找不到解释
get into the habit of,"na. 养成某种习惯
 养成……的习惯；染上…的习惯；养成习惯"
get into,"na. 进入；穿上；成癖；陷于
 陷入；卷入；养成"
get sb. nowhere,找不到解释
get off,"na. 下车；脱下(衣服等)；脱(衣)；下(马)
 下来；动身；离开"
get on one's nerves,"na. 刺激神经；使人不安；惹恼人
 令人不安；使某人生气；使人精神紧张"
get on with,"na. 同“get along ”
 继续干；与…相处；继续做"
get out of,"na. 逐渐放弃(恶习)；避免；由…出来；拔出
 逃避；摆脱；离开"
get over,"na. 同“get across”
 克服；恢复；越过"
get rid of,"na. 除掉；摆脱；撵走
 除去；去掉；处理掉"
get stuck in, 开始起劲地做某事; <俚>全神贯注吃饭或工作，使劲干
get the best of,"na. 获胜；胜过
 战胜；打败；从中得到最大益处"
get the better of,"na. 胜过
 克服；打败；占上风"
get the jump on,"na. 抢在…之前行动
 抢在...之前行动；抢先；抢在…前面行动"
get through,"na. 花光；了结；(使)通过(议案)；及格
 到达；度过；接通"
get together,"na. 聚集；集合；汇齐；积累
 聚会；相聚；联欢"
get up,"na. 起床；起身；站起来；叫…起床
 起立；打扮；安排"
get ... by heart, 记住；背诵
learn ... by heart,"na. 记住；熟记
 背诵；牢记；背熟"
give away,"na. 赠送；分发；放弃；露马脚
 泄露；出卖；分送"
give back,"na. 归还；返回；往后站；凹陷
 恢复；送还；后退"
give birth to, 生（孩子），生育; 引起，产生; 娩出; 娩
give in,"na. 让步；屈服；投降；上交
 交上；认输；放弃"
give off,"na. 发散(水蒸气等)
 发出；放出；释放"
give oneself away,"na. 露马脚
 现原形；泄露；露出马脚"
give oneself up,"na. 决心；断念；专心于；投降
 自首；投案；投案自首"
give out,"na. 发表；放出；分发
 发出；用完；用尽"
give place to,"na. 让位于
 让位给；被…所代替；被...代替"
give priority to,"na. 把优先权让给…
 为主；优先考虑；认为优先"
give rein to,"na. 让马自由走；使…自由发挥；给…自由
 使...自由发挥；放任；纵容"
give rise to,"na. 惹起
 引起；导致；使发生"
give sb. access to,找不到解释
give sb. an account of,找不到解释
give shape to,"na. 给与一定的形状；弄成一个样子；使…成形；修整
 使成形；使具体化；使形成"
give vent to,"na. 发泄
 吐露；发出；宣泄"
give way to,"v. 让步；退却
 让位于；给…让路；给…让路，对…让步"
glare at,"v. 怒目而视
 怒视；向人瞪眼；瞪着"
gleam with,表露某种情感
go about,"na. 走来走去；着手(工作)；(谣言等)流传；掉转船头
 从事；着手做；忙于"
go after,"na. 追求
 追逐；追赶；寻找"
go against,"na. 违背；不利于
 反对；违反；不顺心"
go ahead,"na. 取得进展
 继续；前进；干吧"
go all out,"abbr. (=go all-out)全力以赴
 鼓足干劲；不遗余力；不惜一切代价"
go along with,"na. 陪…一起去；赞同
 陪伴；同意；附合"
go along,"na. 前进
 进行；沿着……一直走；同意"
go around,"na. 扑过去；兴冲冲开始干
 足够分配；重飞；复飞"
go round,"na. 绕着走；迂回着走；运行；(食物等)人人分到
 顺便去；绕道走；足够分配"
go back on,"na. “Go back from”的变体
 违背；食言；背弃"
go back to,"v. 追溯到
 回到；返回到；追溯至"
go by,"na. 走过；以…为根据(作判断)；顺道访问；受…所控制
 过去；经过；依照"
go down,"na. 下去；(飞机)坠落；继续到  (风,浪等)平静下来；消退
 下降；下沉；下降，降低"
go downhill, 每况愈下; 走下坡路; 恶化; 衰落
go for,"na. 去喊；拥护；被认为；袭击
 适用于；为……去；支持"
go in for,"na. 赞成；寻求；参加
 从事；追求；爱好"
go in,"na. 进入；放得进；参加；(纸牌赌博中)开价
 进去；参加比赛；入内"
go into action,"na. 开始行动；投入战斗
 行动起来；出马"
go into detail,"na. 逐一细说
 详述；详细描述；详细叙述"
go into details,"na. 详述
 逐一细说；详细说明；详细叙述"
go into,"na. 进入；(门等)通着；加入；参与
 调查；从事；研究"
go off,"na. 进行得 (well； badly)；(话等)冒出
 爆炸；离开；离去"
go on strike,"na. 实行罢工
 举行罢工；进行罢工；罢工行动"
go over,"na. 仔细查看；仔细搜查；排练；重温
 复习；检查；仔细检查"
go the round,传播
go the round of,"传遍,走遍"
go the rounds,"na. 巡回；传遍
 满天飞；传开；逐一访问"
go the rounds of,找不到解释
go through with,"v. 完成；做到底
 把…进行到底；做完；将……进行到底"
go through,"na. 认真检查；仔细地搜；(提案或法案)通过；被批准
 经历；经受；仔细检查"
go to extremes,"na. 走极端
 走向极端；无所不用其极；采取极端措施"
go to pieces,"na. “fall to pieces”的变体
 崩溃；瓦解；崩溃，瓦解"
go to war with,找不到解释
go under,"na. 沉没；没落；失败；屈服
 破产；倒闭；死"
go up,"na. 上升；上城市去；腾贵；烧起来
 上涨；增长；上去"
go with,"na. 同…一致；跟…谈恋爱；带有；领会
 伴随；与…相配；跟…相配"
go without,"na. 缺少；没有…而忍受过去
 没有…也行；不享受；无需，没有…也行"
go wrong,"na. 走错路；失败
 出毛病；出错；发生故障"
grab at,"na. 抓住不放
 抓取；设法抓住；夺得"
grieve for, 哀悼；缅怀；感到痛苦
grieve over,"v. 追念
 悼念；对…感到伤心；哀悼"
grind away," 把…碾成粉末; 磨损, 用坏…; 苦干; 反复不断地干"
grind at,找不到解释
grind out,"na. 碾成；单调地演奏手摇风琴；苦吟(诗句)
 刺耳地说出，单调地奏出；机械地做出；生拼硬凑地写出"
grope for,"v. 摸索；探索
 探寻；在黑暗中"
grope around,= grope about
grow into,"na. “grow in”的变体
 长成；成长为；发展为"
grow on,"na. (感觉,习惯等)加深对…的影响；(书,画等)渐渐把人迷住
 引起……爱好；加深影响；越来越被…喜爱"
grow out of,"na. 抛弃；戒除；长大而穿不上衣服；源出
 产生于；由…产生；长得太高大"
guard against,"v. 防止；加以预防；抵御
 提防；防备；防范"
hand down,"na. 宣布(判决等)；传下来
 把…传下去；传给；传递"
hand in hand,"na. 手拉手；联合
 手牵手；携手；牵阮的手"
hand in,"na. 交进
 上交；交上；递交"
hand on,"na. 依次传递
 把…传下去；传下来；转交"
hand out,"na. 分；拿出来；施舍
 分发；散发；分给"
hand over,"v. 转交；递给；送交(警察或有关当局)处理；移交(权力等)
 交出；让与；交给"
hand round,"na. 顺次传递；分交；传递给每一个人
 传阅；分发；分发给众人"
hang about,"na. 荡来荡去；缠住不放；在附近逗留
 闲荡；徘徊；闲逛"
hang around,"na. 在附近徘徊；踌躇不前
 闲荡；闲逛；逗留"
hang back,"v. 踌躇不前；退缩
 畏缩不前；犹豫；却步"
hang on to,"na. 紧紧握住
 坚持下去；紧紧抓住；保留"
hang on,"v. 坚守；守住；坚持；支撑着
 坚持下去；抓紧不放；等一下"
hang up,"v. 挂断电话；挂机；悬挂；耽搁
 挂起；把…挂起来；挂电话"
happen to,"v. 发生于
 碰巧；偶然；发生在…身上"
harmonize with,"vt.符合于,与...相称"
hate one's guts,对one恨之入骨
have a bearing on,"na. 关系到
 对…有影响；与……有关系；影响到"
have a knowledge of,找不到解释
have an acquaintance with sb.,找不到解释
have an advantage over,"na. 胜过
 优于；比……有优势；比…处于有利地位"
have an effect on,"na. 对…有影响
 对……产生影响；对……产生作用；对……有效果"
have an impact on, 对…有影响；对…起作用，产生效果；对于…有影响
have an influence on, 影响；对…有影响；影响例句
have no effect on,"un. 对…有作用；对…毫无影响；并不影响
 对……没有影响；对什么毫无效果"
have no impact on,找不到解释
have no influence on,找不到解释
have back,"un. 还给:
 要回；收回；拿回"
have confidence in,"信任,信赖 in confidence 秘密地,私下,暗中"
have faith in,"na. 相信
 信任；对……有信心；信仰"
have in mind,"na. 记住；铭记不忘；注意
 考虑到；想到；记得"
have influence on, 对某物施加影响；对……产生影响；有影响
have influence over, 有左右……的力量；有左右他们的力量
have no business, 没有权力或理由做某事；无权；没有理由
have no idea,"un. 心中有数；对…一无所知；感到茫无头绪；不想
 不知道；不清楚；一点不知道"
have nothing to do with,"na. 办完；和…断绝关系；已和…无关
 与……无关；和……毫无关系；与……毫无关系"
have nothing to lose, 不会有任何情况；没什么好损失的；没什么可输的
have on,"v. 戏弄
 穿着；戴着；穿戴"
have one's hands full,"na. 手头事很多
 很忙；忙得不可开交；离不开手儿"
have sympathy for,"对…同情,同情…"
have to do with,"na. 和…有关系
 与…有关；和……有关系；与…有关系"
have trouble with,"v. 同某人发生纠纷
 同…闹纠纷；在……方面有麻烦；有病痛"
have access to,"na. 得接近；得会见；得进入
 使用；有权使用；可以接近"
gain access to,"na. 接近；会见；接通(计算机)
 可以获得；进入；有机会获得"
have an insight into,"v. 看透
 洞察；对……有深入的了解；对…具有洞察力"
give an insight into,vt.深入地了解
head for,"na. 走向
 前往；向…方向前进；朝…方向走去"
heart and soul,"na. 全心全意地
 一心一意；全心全意的；今生惟一"
help oneself,"un. 放荡不羁；实在山穷水尽；自救
 自助；自取所需；自用"
help oneself to,"na. 自由取食；任意占用
 请随便吃点；随便用；自便"
help out,"v. 帮助…摆脱困境；救出；协助
 帮忙；帮助解决困难；帮助克服困难"
help sb. toward,找不到解释
here and there,"na. 到处；零零落落
 各处；处处；这儿那儿"
hinge on,"v. 随…而定；依赖
 取决于；以…为转移；靠…转动"
hinge upon,"v. 随…而定；依赖
 依赖著；决定"
hit on,"na. 忽然想到；偶然发现；无意中发现；搭讪
 想出；献殷勤；偶然想起"
hit upon,"v. 碰巧发现；忽然想出
 偶然想出；偶然发现；突然想到"
hold in check,na. 阻止；制止
hold sth. in check,找不到解释
hold back,"na. 阻止；踌躇；隐瞒；抑制
 退缩；控制；退缩不前"
hold down,"na. 压制；牵制；阻止；压低(物价等)
 抑制；缩减；保有"
hold in contempt, 轻视，认为…不屑一顾; 不齿; 瞧不起; 看不上眼
hold off,"na. 拖延；抵抗(进攻等)；使不接近
 推迟；迟疑；延缓"
hold on to,"na. 赖着不走
 坚持；紧紧抓住；抓住不放"
hold on,"na. 拉住；继续；坚持下去；(打电话时)不挂断
 等一等；坚持住；等一下"
hold one's breath,"na. 屏息
 屏住呼吸；憋住气；屏住气"
hold one's own,"un. 忍耐一下；逐渐成为；打了个平手；比得上
 坚守住；不被打败；支撑住"
hold out,"na. 伸出；提出；维持；制止
 坚持；支持；坚持，不屈服"
hold over,"na. 将…延迟；保存；期满后继续任职；期满后继续占有
 推迟；延期；拖延"
hold sb. to ransom,找不到解释
hold to,"na. “Hold fast”的变体
 坚持；紧握；坚持某个看法"
hold true,"na. “Hold good”的变体
 有效；适用；依然正确"
hold up,"v. 举起；支撑；耽误；抢劫
n. 抢劫；延误；堵车
 阻挡；耽搁；拿起"
hold with,"na. 同意；和…抱同一意见
 赞成；赞同；原谅"
home and abroad,"un. 国内外
 海内外；国内国外；中外"
hook up,"n. 试验线路；联播电台；联合
 接洽妥当；连接；上钩拳"
hope against hope,"na. 妄想
 抱一线希望；抱有一线希望；抱着一线希望"
huddle up against,找不到解释
huddle up to,找不到解释
hunger for,"v. 渴望；渴求
 渴望得到；得到某事物的渴望；亟待"
hunger after, 极需…，渴望得到…
hunt down,"na. 四处搜捕；穷追到底；搜寻；寻找
 追捕到；穷追直至抓获；猎杀"
hush up,"na. 掩盖
 肃静；隐瞒；别出声"
idle around,虚度时光; 在…附近闲逛
idle away,"v. 虚度
 浪费光阴；荒废；虚度年华"
immerse ... in,找不到解释
impact on, 影响；对…冲击，碰撞；对…之影响
impinge on,"v. 影响到；冲击；打击
 侵犯；撞击；紧密接触"
impose on,"v. 强迫；欺骗
 把…强加于；施加影响于；利用"
impose upon,"v. 强迫；欺骗
 强加于；利用"
impress with,"v. 深深打动
 使铭记；因…获得好印象；对……印象深刻"
impress sb. with,"v. 深深打动
 使铭记；因…获得好印象；对……印象深刻"
in face of,"v. 当面对
 纵然，即使；面临；不顾"
in the face of,"na. 不避；不管；在…前面；面临
 面对；在...面前；不顾"
in future, 今后；将来；从今以后
in the future,"adv. 今后
 将来；在将来；在未来"
in light of,"na. 按照；根据；鉴于
 考虑到；把…列入考虑"
in the light of,"na. 按照；以…的模样；当作…
 根据；鉴于；依据"
in a rage,"na. 一怒之下
 在愤怒中；发怒；盛怒"
in a row,"na. 成一排；连续
 连续的；一连串；接连"
in a sense,"na. 在某种意义上；有一点儿
 从某种意义上说；就某种意义来说；就某种意义而言"
in a way,"na. 在某一点上
 在某种程度上；从某种程度上说；在某点"
in abundance,"adv. 充足
 丰富；大量；丰富的"
in accord with,"un. 符合；与…和谐；一致；与…观点一致
 与…一致；和……一致；同……不一致"
in accordance with,"na. 照；与…一致
 按照；根据；依照"
in action, 在行动中；在起作用；行动中的
in addition to,"na. 加之
 除…之外；除了；除…外"
in addition,"na. 加之
 另外；此外；又"
in advance,"na. 预先；在先头
 事先；提前；事前"
in agreement with,"na. 符合…照…
 与…一致；按照；同意"
in all probability,"na. 大概
 很可能；十之八九；多半"
in all,"na. 总计
 总共；一共；总共，合计"
in alliance with,"na. 与…联合
 与…联盟；与……联合；结盟"
in an instant,"na. 立刻
 马上；一会儿；霎时间"
in and out,"na. 迂曲；忽隐忽现
 进进出出；里里外外；进进出出的"
in any case,"na. 无论如何；横竖
 不管怎样；总之；在任何情况下"
in any event,"na. “at all events”的变体
 无论如何；不管怎样；不论怎样"
in any way,"adv. 完全是
 无论如何；以任何方式；在任何方面"
in bad odor,声誉不佳
in bad odor with,名声不好
in black and white,"na. 白纸黑字；书面的
 以书面的形式；黑白分明；白纸黑字的"
in brief,"na. 简单地说
 简言之；简而言之；总之"
in bulk,"na. 大批；不加包装
 散装；不散装的；大量"
in case of,"na. 要是
 万一；假使；如果"
in character,"na. (在)性格上；正合担任；适当
 相称；在性格上；合乎性格"
in character with,"prep.与...相符,适合于"
in charge,"na. 主任
 负责；在…掌管之下；看管"
in charge of,"na. 受托…的
 负责；主管；掌管"
in chorus,"na. 合唱；异口同声地
 齐声；一齐；共同"
in cold blood,"na. 蓄意地(而非出于一时冲动地)；残忍地；冷静地；若无其事地
 冷血；冷血杀手；冷血告白"
in collaboration with,"na. 与…合作；与…勾结
 与...合作；与…勾结在一起；合作机构"
in common,"un. 和…有相通之处；公有
 共同；共有的；共同的"
in comparison with,"na. 和…比起来
 比较；与…比较；与…比较起来"
in confidence,"na. 秘密地
 信任；暗中；推心置腹地"
in conjunction with,"na. 与…共同；连带着
 连同；与...协力；与之伴随的"
in connection with,"prep. 与…相关
 关于；与…有关；和……有关"
in connection to, 关于
in consequence of,"na. 因为…的原故
 由于…的缘故；由于…的结果；由于……原因"
in consequence,"na. 因此
 结果；因而；在…条件下"
in consideration of,"na. 因；以作…的谢礼
 考虑到；由于；鉴于"
in contact with,"prep. 和…联系
 和……联系；接触；与…联系"
in contrast with,"na. 和…成对比；和…大不相同
 与……相比；和…成对照；与……形成对比"
in contrast to,"un. 相形之下；与…相比；与…相反；与…对比
 “与……相比；与。。。相反；与……形成对照"
in control,"na. 由…控制(住)
 在控制之内；管理；孟楠"
in control of,"na. 由…控制(住)
 管理；掌管；掌握"
in danger,"na. 在危险中
 垂危；处于危险中；处于危险之中"
in danger of,"un. 遭逢不测；有…的危险
 有…危险；处于…危险之中；处于……的危险中"
in debt,"un. 背上了债；负债；欠款
 欠债；欠债，欠情；欠著债"
in default of,"na. 因无…
 因缺少；因为没有；因没有"
in depth,"na. 广泛
 深入地；全面深入地；深入的"
in despair,"na. 绝望地
 绝望的；失望；在绝望中"
in detail,"na. 详细
 详细地；详细的；详尽"
in dispute,"na. (在)争论中的
 在争议中；在争论中；处于争议中"
in earnest,"na. 诚挚
 认真地；认真的；诚挚地"
in effect,"na. 实际上；总之；有效
 事实上；生效；正在实行"
in embryo,"na. 未发达的；萌芽时期的；在计划中的
 在酝酿中；在萌芽中；初期"
in essence,"na. 本质上；大体上
 实质上；在本质上；本质上地"
in evidence,"na. 明显的
 显而易见的；显著的，出风头；到场"
in excess of,"na. 超过
 多于；超出；指超过"
in excess,"na. 过度
 过量；过量地；药物依赖性或可能服药过度"
in existence,"na. 现存的；存在的
 播放存在；已存在的；存在着"
in favor of,"na. 赞成；有利于；付与
 支持；赞同；为了支持"
in force,"na. 大举；有效
 有效的；实施中；大批地"
in general,"na. 一般；大体上
 通常；一般来说；一般而言"
in good temper,找不到解释
in half,"na. 成两半
 分成两半；一半；把……切成两半"
in hand,"na. 现有；(工作)正在进行；控制住
 在掌握中；在进行中；在控制中"
in harmony,"un. 和弦；和声；协调一致地
 和谐无间；和谐为本；和谐的"
in harmony with,"un. 协调一致地；跟…调和；和衷共济；与…相合
 与…协调；与……协调一致；和谐"
in haste,"na. 急着；急忙地；仓促地
 匆忙；匆忙地；急速地"
in high spirit,找不到解释
in honor of,"na. 向…表示敬意
 为纪念；为庆祝；为祝贺"
in hot pursuit,"na. 紧追；穷追
 穷追不舍；紧紧追赶；激烈的追求"
in hot water, In hot water的意思并不是“在热水中”，它的确切意思是指某人或某些人遇到非常麻烦的问题了。
in itself,"na. 本身；实质上；“in itself/of itself”的变体
 就其本身而言；本质上；本质上，就其本身而言"
in keeping with,"na. 和…一致
 符合；与……协调；与…一致"
in kind,"na. 用实物；以同样的方法(回敬)；性质上
 以货代款；以实物；实物给付"
in line,"un. 把话说死；排队；循规蹈矩；一列的
 成一直线；一致；排成一行"
in line with,"na. 和…成一直线；和…一致
 符合；按照；跟…一致"
in memory of,"na. 纪念…
 为纪念；为了纪念；以纪念"
in nature,"na. 现在存在；事实上；究竟
 本质上；性质上；实际上"
in need of,"adj. 需要
 急需；缺少；有…的需要"
in no case,"na. 决不
 在任何情况下都不；绝不要；无论如何不"
in no time,"na. 立刻
 马上；很快；立即"
in no way,"na. 决不
 一点也不；绝不；无论如何不"
in one's honor,找不到解释
in one's opinion,"na. 据某人意见
 在……看来；在某人看来；就某人看来"
in one's presence,找不到解释
in one's shoes,穿着鞋子(量身高)
in one's spare time,找不到解释
in one's way,"na. 本来；有特色的
 挡某人的路；妨碍；挡道的"
in the way,"na. 在路上；妨碍
 挡道；挡路；妨碍人的"
in operation,"na. 活动着；运转着；施行着
 在运转；生效；在运行"
in order that,"na. 以便
 为了；以便于；从句"
in order to,"na. 为了；从而；以便
 目的；为了……起见；以求"
in order,"na. 整整齐齐；合规则；情况正常；健康
 按顺序；秩序井然；按次序"
in other words,"na. 换句话说
 换言之；也就是说；也就是"
in part,"na. 一部份地；有几成；在某种程度上
 部分地；一部分；有些部分"
in particular,"na. 特别；一一
 尤其；特别地；特别是"
in perspective,"na. 按照透视画法的；展望中的；正确的
 正确地；观察合理地；符合透视法地"
in place of,"na. 代替
 取代；替代；取代，交换"
in place,"na. 得其所；适当的
 在适当的位置；在合适的位置；适当地"
in practice,"na. 事实上；在实践中；在不断练习中；练习充足
 实际上；在实际中；从实践上看"
in principle,"na. 原则上
 大体上；原则性；在原则上"
in private,"na. 秘密地
 私下；私下地；私下里"
in proportion,"un. 匀称；一分不多；按比例
 成比例；相称；成比例的"
in proportion to,"na. 与…成比例；与…相称；按…的比例(越…越…)
 成比例的；按……的比例；按比例"
in prospect of,"有…希望,…在望"
in public,"na. 公然
 当众；公开地；在公共场合"
in pursuit of,"na. 寻求
 追求；为追求；追赶"
in quest of,"na. 为求…
 寻找；探求；为了寻求"
in question,"adj. 在谈论中
 正在谈论的；正在考虑；正被谈论的"
in reality,"na. 事实上；实在
 实际上；在现实中；其实"
in reply to,"na. 为答复…；作为…的答复
 作为回答；回复；作为对……的回答"
in response to,"na. 应…而
 响应；回答；对…做出反应"
in retrospect, 回顾；回顾过去；回想起来
in return for,"na. 作…的报酬
 作为…的报答；作为对…的回报；作为…的交换"
in return,"na. 作报复；作替换
 作为回报；作为报答；作为交换"
in reverse order,"na. 次序颠倒地
 以相反的顺序；颠倒次序的；逆序"
in ruins, 成为废墟；一片废墟；成废墟
in scale,"na. 按照一定尺度
 相称；依比例；成比例"
in search of,"na. 寻找；去找；追求；为了寻求
 为了寻找；搜索；查究"
in secret,"na. 秘密地；偷偷摸摸地
 秘密的；暗中；私下地"
in sequence,"na. 挨次；顺次；逐一
 按顺序；依次；按先后次序"
in short,"na. 简单地说；总之
 简言之；简而言之；总而言之"
in so far as,"na. 到…的程度；只要；(表示程度,范围)就…
 至于；在…范围内；到...的程度"
in some cases,"na. 有时候
 在某些情况下；在有些情况下；在一些情况下"
in spite of,"na. spite of 不管；无视
 尽管；不顾；虽然"
in step,"na. 齐步；“in/into step”的变体
 合拍；同步；步调一致"
in stock,"na. 有货
 备有；现货；有现货"
in store,"na. 准备着
 贮藏着；必将发生；储藏着"
in succession,adv. 接着，接连地; 连着; 相继不绝; 纷纷
in sum,"na. 总之
 总而言之；大体上；一言以蔽之"
in summary,"adv. 扼要
 总之；总结；总的来说"
in sympathy with,"na. 同情；赞成；跟着
 和...一致；赞同；同意"
in tears,"na. 流着泪
 含泪；在哭着；含着泪"
in terms of,"na. 依…；从…方面；用…特有的字眼
 根据；在...方面；按照"
in that,"na. 因为；以…的理由
 由于；在于；在…方面"
in the air,"na. (计划等)悬着；在空中；(谣言等)流传；无掩护的
 在流行中；在传播中；悬而未决"
in the case of,"na. 论到
 至于；就…来说；就…而言"
in the course of,"na. 在…之中
 在…过程中；在…期间；在…的过程中"
in the dark,"na. 秘密；在暗处；不知
 在黑暗中；蒙在鼓里；一无所知"
in the distance,"na. 在远处；在很远的那边
 在远方；远方的；在远处那边"
in the end,"na. 终于
 最后；最终；结果到头来"
in the event of,"na. 万一在…的时候
 如果发生；倘若；如果发生…万一"
in the face of,"na. 不避；不管；在…前面；面临
 面对；在...面前；不顾"
in the first place,"na. 首先；第一
 起初；原先；第一点"
in the form of,"na. 用…的形式
 以…形式；以……的形式；以某种形式"
in the shape of,"na. 以…的形状；呈…的形状；以…的形式；作为…
 以……的形状；呈...形状；以……形状"
in the front of, 在……的前部；在……的前面；在里面的前面
in the grip of,"un. 控制自己的情绪；被捏在…里；在…控制之下；患了
 受……控制；处于；受…的控制"
in the habit of,"un. 养成习惯；一向；总得；动不动就
 有……的习惯；有…习惯；养成良好的习惯"
in the hand of,找不到解释
in the interest of,"na. 为了…的利益
 对……有利；为了……利益；符合……的利益"
in the last place,adv. 最后
in the least,"adv. 全然
 丝毫；一点；一点儿"
in the long run,"na. 归根到底；“in the long run/term”的变体
 从长远来看；最后；从长远观点看"
in the main,"un. 干线；(水电的)总干线；主桅；就大体而言
 基本上；大体上；总的说来"
in the matter of,"na. 关于…；就…而论
 就而论；在…方面；就…而言"
in the midst of, 在…当中，在…中间；意思是在某一进程之中；正当…的时候
in the neighborhood of,"na. 在…的附近；大约
 在……的附近；左右"
in the past,"na. 在过去
 以往；从前；过往"
in the presence of,"na. 在…之前；面临着…
 在…在场的情况下；在…面前；见证人"
in the process of,"na. 在…的过程中
 在……的过程中；在…过程中；在进程中"
in the red,"n. 负债
 亏损；赤字；欠债"
in the saddle,"na. 骑着马；在职；统辖着
 掌权；使有控制权；处于负责地位"
in the short term, 从短期来说；短期内；从眼前的观点看
in the long term,"na. 从长期看
 从长远角度看；从长远来看；从长远观点来看"
in the vicinity, 在附近；在邻近；在附近地区
in the vicinity of,"na. 在…附近；靠近…的；在…上下；在…左右
 在附近；在邻近；大约"
in the wake of,"na. 在…后接踵而来；在后追随
 仿效；紧跟；随着"
in the way of,"na. 妨碍；在…方面；使能于
 在……方面；关于；至于说"
in the world,"na. 在世界上；究竟
 到底；全世界；长城是世界一大奇迹"
in theory, 理论上；从理论上看；在理论上
in this case,"na. 既然是这样
 在这种情况下；既然这样；如果这样的话"
in this way,"na. 用这个办法
 这样；用这种方法；以这种方式"
in time,"na. 经过一段时间以后；早晚；在恰好的时候；和…合拍
 及时；钟点战；时间规划局"
in tow, 拖着；在一起；陪伴着
in transit,"na. 运输中
 运送中的；过境；在途中"
in truth,"na. of a truth 真正；说实在话
 事实上；实际上；的确"
in tune,"na. 合调；和谐；“in/out of tune”的变体
 协调；合调子；一致"
in tune with, 协调；与…和谐；适合
in turn,"na. 挨次
 依次；轮流；反过来"
in use,"na. 正在用；通行；“in/out of use”的变体
 在使用中；在使用着；在使用着的"
in vain,"na. 无益地；轻慢地
 徒劳；徒然；白白地"
in view of,"na. 鉴于；为要；在…能看见的地方；估计到才
 考虑到；由于；为了"
in view,"na. 看见；放在心里；考虑中的
 被考虑；看得见；在看得见的地方"
in vogue,"adv. 时髦；正在流行
 正时兴；时尚；流行表情"
in the circumstances,"na. 远不及
 在这种情况下；既然如此；既然这样"
under the circumstances,"na. 在这种情形下
 这种情况下；在这种情况下；既然如此"
indulge in,"v. 沉迷于
 沉溺于；沉湎于；尽情享受"
infer from,"v. 推断
 从…推断出；从…中推断；推论"
inflict ... on,"un. 遭受
 使承受负担；使遭受；施加"
inflict ... upon,找不到解释
influence on, 影响；对…的影响；对…有影响
influence with,找不到解释
influence upon,找不到解释
inform sb. of sth.,找不到解释
inform sb. about sth.,找不到解释
inherent in,"adj. 固有
 内在的；固有的；为…所固有的"
inquire into,"na. 调查；探索
 推求；查究；探讨"
insulate from,(使)与…隔绝
inspire sb. with sth.,找不到解释
inspire sth. in sb.,找不到解释
instead of,"prep. 代替；作为…的替换
 而不是；替代；取代"
integrate into, 融入到……中去；成为一体，融入；使并入
integrate with,"v. 结合起来
 使与…结合；结合在一起；与人交往"
intend to do, 打算做某事；想要做；打算去做
interfere in,"v. 干涉
 干预；在某件事上打扰；相关词组"
interfere with,干扰，干涉；妨碍；触动或弄坏；乱动；与……抵触
interpret ... as,找不到解释
invest in,"v. 投资到
 投资于；在…上投资；在…投入"
involve sb. in,找不到解释
isolate ... from,找不到解释
join sb.,找不到解释
join sb. for,找不到解释
joke about,"v. 开…的玩笑
 取笑；拿…开玩笑；开玩笑"
jump the queue,"na. 不按次序排队；企图获得优惠待遇
 插队；加塞；加塞儿"
jump a queue,找不到解释
just about,"na. 正是…附近
 几乎；差不多；正要"
just as,"na. 正像；正在…的时候
 正如；正象；正当…的时候"
keep a hold on,找不到解释
keep a record of,"un. 公开(提倡)；把…记下来
 记录；登记；把……记录下来"
keep an eye on,"v. 密切注意
 照看；留意；密切注视"
keep away from,"v. 远离
 避开；使远离；别靠近"
keep back,"na. 隐瞒；阻止；阻止向前；忍住
 留下；留在后面；保留"
keep company with,"na. 和…常来往；同…结伴
 和…交往；与…交往；与……陪伴"
keep down,"na. 压住；压服；用小活字排印；缩减
 控制；镇压；控制，压制，镇压"
keep from,"na. 避开；禁止；抑制；隐瞒
 阻止；使免于；使…不"
keep in mind,"na. 记在心里；记住；注意
 牢记；紧记；牢记在心"
keep in touch, 保持联系；保持联络；再联系
keep off,"na. 不让接近；不接近
 避开；远离；防止"
keep on,"na. 继续；穿着不脱
 继续不断；穿着...不脱；持续"
keep one's distance,"na. 避开
 保持疏远；不接近；保持一定距离"
keep one's eyes open,"na. 时刻提防；留神监视
 留心看着；保持警惕；留意"
keep one's eyes and ears open,找不到解释
keep one's finger crossed,找不到解释
keep one's head,"na. 不慌不忙
 镇定；保持镇定；保持镇静"
keep one's promise,"na. 遵守诺言；守约
 遵守承诺；信守诺言；坚守诺言"
keep one's word,"na. 守约；履行诺言；说话算话
 守信用；遵守诺言；信守诺言"
keep out of,"v. 置身事外；把…挡在…外
 躲开；置身…之外；使不进入"
keep to,"v. 坚持；固守
 保持；遵守；遵循"
keep track of,"na. 追踪；记录；保持联系；密切注意…的动向
 与…保持联系；跟踪；保持对……的联系"
keep up to date, 使跟上时代；跟上潮流；与时并进
keep up with,"na. 不落后
 跟上；赶上；紧跟"
keep up,"na. 支持；保持；继续；停歇
 维持；坚持；持续"
keep abreast of,"na. 跟着(时代)跑
 了解……的最新情况；跟贴；跟上"
keep abreast with,"na. 跟着(时代)跑
 跟上；不落后于；跟上不落后于"
be abreast of, 使不落后于
be abreast with,(使)保持与…并列; 了解…的最新情况
keep one's temper,"na. 忍气
 别发火；忍住性子；不发脾气"
hold one's temper,捺住性子，忍住气，不使脾气发作
keep pace with,"na. 赶上；保持同步；随着…而增长
 跟…齐步前进；跟上；跟上…的最新发展"
hold pace with,与……同步
kick sth. around,"na. 仗势欺人；到处流浪；经常改变行业；从各个角度考虑
 多考虑一下；虐待；粗暴对待"
kick around,"na. 仗势欺人；到处流浪；经常改变行业；从各个角度考虑
 多考虑一下；虐待；粗暴对待"
kick off,"na. (足球)中线开球；开始(某种活动)；死；踢脱(鞋等)
 开始干某事；启动；踢掉"
kick out,"na. 踢出；解雇；踢足球出界
 逐出；把球踢出界；开除"
kick up,"na. 踢起(灰尘)；引起(骚动)
 激起；扬起；出故障"
kill time,"v. 消磨时间
 打发时间；浪费时间；消磨时光"
knock about,"n. 武打戏的表演；结实的东西；狠斗；流浪汉
adj. 吵闹的；流浪的；(衣服)结实的
 碰撞；漫游；闲逛"
knock around,"na. “knock about”的变体
 漫游；游逛；漂泊沦落"
knock down,"na. 打倒；拆除；拆卸；(拍卖时)敲槌卖出
 撞倒；击倒；击落"
knock off,"na. 敲落；中止(工作)；即席作(诗文等)；减低(价格)
 下班；停工；打落"
knock out,"na. 敲出；敲空；使屈服；使无用
 击倒；击昏；打破"
know backward,找不到解释
know backwards,熟知; 精通
know better,"na. 明白事理(而不致于…)；很明白(而不致于…)
 有头脑；明事理；有不止如此的了解"
know better than,"un. 心中有数；很明白(不能去)…
 明白事理而不至于做；很懂得；明事理而不至于"
know of,"v. 知道有
 听说过；了解；知道为什么"
know about,"v. 知道
 了解；知道关于；知道…的情况"
lag behind,"na. 落后
 滞后；落在后面；落后于"
lash out,"na. 痛批；斥责；痛打；突然袭击
 猛烈抨击；攻击；指控，抨击"
lash out at,"v. 痛打；狠踢
 抨击；掊击；猛烈抨击"
last hurrah,"na. 最后的努力
 最后的狂欢；最后的一次努力图片；最后狂热"
laugh off,"v. 对…一笑置之
 用笑摆脱；笑而不理，表示不当一回事；一笑了之"
launch into, （使）在（水）中漂浮; 使下水; 发射上天; （使）开始从事
lay aside,"na. 保存；放在一边；丢弃；留着
 储蓄；搁置；把…放在一边"
lay claim to,"na. 要求(…是自己的)；自以为是
 主张；声称；认领"
lay down,"v. 躺下；不反抗；屈服；顺从
 放下；制定；规定"
lay off,"na. 辞退；停止；暂停
 解雇；下岗；裁员"
lay out,"n. 布局；设计；规划；安排
 布置；摆开；花费"
lay over,"n. 中途的短暂停留
 覆盖；涂，覆盖；延期"
lay stress on,"na. 强调
 重视；着重于；注重"
lay the foundation for,"na. 给…打下基础
 给...打下基础；给奠定基础；为……奠定基础"
lead the way,"na. 领路
 带路；引路；引路，带路"
lead to,"na. 通向
 导致；引起；通往"
lead up to,"na. 渐渐诱入；设法引出
 导致；引起；把…一直带领到"
leaf through, 迅速翻阅；匆匆翻阅；快速翻阅
lean on,"na. 靠在；倚赖；据险(固守)
 依靠；依赖；倚靠"
learn about,"v. 得知关于；学习关于
 了解；学习有关…知识；学得"
leave alone,"na. 丢下不管；不要管
 不理会；让独自呆着；不干涉"
leave behind,"na. 遗留；留下；追过；留在后头
 超过；落后；丢弃"
leave off,"na. 戒除；不再穿；休假许可
 停止；中断；停下来"
leave out,"na. 遗漏；忽略；(告诉某人)停下来
 省去；省略；不考虑"
leave to one's own devices, 听任…自便；让…自行发展；让某人自已去想办法
let alone,"na. 任随；更不用说；放任；莫说…(连)
 更别提；更不必说；不管"
let down,"na. 使失望；放下；丢面子
 失望沮丧；辜负；松劲"
let go,"v. 放手；解雇；松手；忽视
 展翅高飞；放开；释放"
let in,"na. 放入；嵌入；陷入…；欺骗
 放…进来；让…进来；放进"
let loose,"na. 释放；放任；放走
 放开；放松；放出"
let off,"na. 放(枪,花炮等)；说出(俏皮话等)；宽恕
 免除；放过；放出"
let out,"na. 放宽；打；放出；泄漏
 泄露；发出；放掉"
let rip, （非正式）全力以赴，无拘无束行事，自由自在地行动
let ... slide,"na. 不关心
 对…漫不经心；放过；放任自流"
level off,"na. 弄平；达到同一水准；(物价等)稳定；(飞机降落前)水平飞行
 达到平衡；平整；趋向平稳"
lie in,"na. 存在于；(分娩后)坐月子
 位于；睡懒觉；躺在"
life span,"n. 寿命
 使用寿命；生命期；使用期限"
light up,"na. 点灯；照亮；点香烟；变快活
 点燃；点亮；点火"
line up,"na. 整顿(机械等)；排成一列；使(兵士)排齐；整顿阵容
 排队；整队；排成一行"
linger on,"na. 同“linger ”
 流连忘返；苟延残喘；继续逗留"
listen in, 收听广播节目; 在一旁听人讲话; 监听;  窃听
little by little,"na. “by little and little”的变体
 逐渐地；一点一点地；一点点地"
live by,"na. 靠…为生；住在…附近
 以……为生；靠……为生；靠……生活"
live off,"na. 住在…之外；以…为生
 靠…生活；靠……供养；依赖…生活"
live on,"na. 以…为主食；靠…生活；继续活着；靠［吃］…生活
 以……为主食；靠……为生；以…为食"
live out,"na. 住在外面；活过
 实践；度过；身体力行"
live through,"na. 度过
 经受住；经受过；经历过"
live up to,"na. 量…过日子；实行(主义等)；够得上；达到预期标准
 不辜负；符合；实践"
live with,"v. 和…住在一起；和…同居；和…妥协；容忍
 忍受；接受；与……住在一起"
lock away,"na. 锁起来
 把…锁藏起来；把它锁起来；下锁保管"
log in,"na. 进入电脑工作系统；“log on”的变体
 登录；登入；登陆"
log on,"un. 注册
 登录；登陆；登入"
log out,"v. 退出
 登出；注销；退出系统"
long for,"v. 渴望
 盼望；思慕；思念"
look back on,"v. 回顾
 回忆；回顾过去；回首"
look down on,"v. 轻视；看不起
 瞧不起；蔑视；看不起某人"
look forward to,"na. 盼望
 期待；期望；期盼"
look in on, 1。 顺便拜访; 2。 短暂拜访; 3。 乘便拜访
look into,"na. 窥视；调查；过问
 研究；检查；了解"
look on,"na. 旁观；面向；看做
 观看；看待；观望"
look out for,"v. 照料；寻求；期待；提防
 当心；留心；寻找"
look over,"na. 浏览；检查；察看
 查看；翻阅；调查"
look round,"na. 环顾；仔细考虑；往周围一看；回头看
 察看；掉头看；到处寻找"
look around,"na. 看起来好像；环视
 环顾四周；朝四周看；东张西望"
look through,"na. 浏览；翻查；对…视而不见；看穿
 仔细查看；翻阅；看一遍"
look to,"na. 依赖；注意；照料；倾向…
 指望；照顾；期望"
look up to,"v. 尊敬；另眼看待；向…一举一动看齐
 敬仰；仰望；尊重"
look up,"v. 查找；查阅；探望；看望
 向上看；抬头看；仰望"
loosen up,"na. 宽舒；信口开河；慷慨解囊
 放松；放松一下；放轻松"
lose control of,"na. 失却对…的控制力
 失去对…的控制；失去控制；失控"
lose heart,"na. 沮丧
 失去信心；灰心；丧失勇气"
lose one's head,"na. 被砍头；着慌；被斩首；被搞糊涂
 不知所措；慌乱；惊慌失措"
lose one's nerve, 没勇气；丧失理智；紧张
lose one's temper,"na. 发脾气；发怒
 发火；动怒；生气"
lose one's way,"na. 迷路
 迷失方向；迷途；谁迷路"
lose track of,"na. 忘记
 失去线索；失去联系；失去消息"
lump ... together,找不到解释
major in,"v. 主修
 专修；专攻；以……为专业"
make a bargain with,"和……讨价还价
与......达成协议"
make a boast of,自豪地说到，夸耀
make a compromise, 妥协；折衷；做出让步
make a contribution to,"na. 捐赠；贡献给
 为……做贡献；为……做出贡献；作出贡献"
make a dash for,"na. 向…猛冲
 向...猛冲；冲向；向……冲去"
make a face,"un. 正视；做鬼脸
 作鬼脸；扮鬼脸；做鬼脸或怪相"
make a fool of,"na. 愚弄
 欺骗；出了洋相；捉弄"
make a fortune,"na. 发财
 赚大钱；发大财；发财致富"
make a fuss of,"un. 过分关心
 娇养；过分关怀；小题大做"
make a living, 谋生；度日；维持生计
make a mess of,"na. 把…弄糟
 搞糟；弄乱；制造乱七八糟"
make a mistake,"na. 犯错误
 出错；弄错；犯了一个错误"
make a profit, 获利；赚钱；赚取利润
make a raid on,找不到解释
make a recovery from,找不到解释
make a remark, 评论；议论
make a splash,"na. 发出泼溅声；引起轰动
 造成轰动；引人注意；发出溅水声"
make a thing of, 认为……重要；认为…非常重要；把……作为争论点
make a thing out of,对 ... 小题大做
make ... a top priority,找不到解释
make a difference,"na. 发生差别；使…有差别；(结果等)是重要的
 有关系；有影响；很重要"
make the difference, 产生差别；发现你的不同；有影响
make allowance for,"na. 体谅；留有余地；斟酌；扣除
 考虑到；原谅；考虑到某事物"
make allowances for,"un. 考虑到
 体谅；体谅，原谅；顾及"
make an abstract of,"na. 把…的要点摘录下来
 把...的要点摘录下来；做一个…的摘要；梗概"
make an appointment,"n. 预约
 约会；预约挂号；约时间"
make an offer,"na. 提议；提供；出价
 在线出价；发盘；报价"
make an effort,"na. 努力作出
 作出努力；做出努力；尽一番努力"
make every effort,"na. 力求；费尽心血
 尽一切努力；尽所有的努力；尽全力"
make certain,"na. 保证
 弄清楚；弄确实；确定"
make contact with,"un. 与…接触
 联系；打交道；接通"
make do with,"na. 用(某物)设法应付
 将就；凑合用；吃…来凑合"
make ends meet, 使收支相抵；量入为出；收支平衡
make for,"na. 有利于；对…有益；倾向于；支持
 走向；向…前进；有助于"
make fun of,"na. 嘲弄
 取笑；嘲笑；开玩笑"
make haste,"na. 赶紧
 赶快；急速；快点啦"
make history,"na. 做名垂青史的大事
 创造历史；做出永垂史册的事情；创造了历史"
make mention of,"na. 写到
 提及；提到；说到"
make no bones about,"na. 率直；对…毫不踌躇
 毫不犹豫；对……毫无顾忌；对…毫不犹豫"
make no difference,"un. 在意；没关系；没有差别；无动于衷
 没有影响；没有区别；没影响"
make no sense,"v. 无意义
 毫无意义；没有意义；讲不通"
make nothing of,"na. 轻视；满不在乎；认为不在话下
 不以为意；不当一回事；不了解"
make of,"na. “make certain”的变体
 了解；理解；对待"
make off,"na. 逃亡
 逃走；逃跑；急忙离开"
make one's acquaintance of sb.,找不到解释
make one's hair stand on end, 令人发指
make one's way,"na. 前往；发迹
 前进；行进；走去"
make out,"na. 理解；发现；起草；证明
 辨认出；填写；开列"
make over,"na. 让；改造
 转让；移交；改变"
make peace with,"v. 和…和好
 讲和；与……讲和；与……和好"
make provision,"na. 准备
 预作安排；为未来作打算；为…作好准备"
make ready,"na. 作好准备；整装
 准备好；准备时间；把准备好"
make sense,"na. (话等)有意义；合理；有道理；讲得通
 言之有理；使…有意义；好理解"
make sure of,"na. 弄明白；将…拿到手；叮嘱明白；查明无误
 弄清楚；尽力做到；一定要"
make sure that,"查明, 弄确实, 弄清楚, 保证, 设法一定做到, 务必, 如此安排"
make the best of,"v. 充分利用
 尽量利用；善用；尽力而为"
make the grade,"na. 上陡坡；达到标准；成功
 拔尖；称职；够标准"
make the most of,"na. 充分使用；尽量使好看；极为重视；尽量称赞
 充分利用；尽量利用；充分展示"
make up for,"v. 偿还；赔偿
 弥补；补偿；补偿，弥补"
make up one's mind,"na. 决心 (to do)
 下决心；下定决心；决定"
make up,"na. 弥补；起草；定；签订
 组成；化妆；编造"
make use of,"na. 使用
 利用；利用某事物；利用好时间"
make way for,"v. 让路
 给……让路；让路给；让路于"
make a pledge to do,找不到解释
give a pledge to do,找不到解释
make a stab at,"na. 对某事有企图
 尝试"
take a stab at,"na. 对某事有企图
 试图做某事；试试看"
have a stab at,"na. 试图做某事
 尝试"
many a,na. 很多； an] one 许许多多人
map out, 在地图上标出; 筹划某事; 详细提出某事; 规
mark down,"na. 记下；减价；记清(禽兽逃往处)
 降价；写下；标价降低数"
mark time,"na. 踏步；踌躇；原地踏步；(转义)停滞不前
 原地跳步；停止不前；踏步走"
mark up,"na. 涨价；赊账
 把…标出；标记；加价"
mean to do, 打算做某事；想要做某事；本意是想要做某事
measure up to,"na. 达到(希望等)
 符合；够得上；符合标准"
mediate in,找不到解释
mediate between,在…之间调解
meet with,"na. 碰见；遭遇；偶然发现；达到
 遇见；遇到；碰到"
mess up,"na. 搞砸；弄糟；弄脏；弄乱
 搞糟；陷入困境；把…弄糟"
mess with,"v. 惹恼
 打扰；胡乱摆弄；干扰"
might as well,"na. 不如
 不妨；倒不如；最好"
millions of,"det. 数百万
 数百万的；成百万的；数以百万计"
mind your own business,找不到解释
miss out,"na. 错过(机会等)；遗漏
 漏掉；错过机会；错失"
mistake sb. for,找不到解释
mix up,"na. 调匀；混淆；使结交坏朋友；猛烈互击
 混合；搞糊涂；混合在一起"
mix with,"v. 混合
 与…混合；与…混合在一起；和…混合"
model after,"v. 按模型制作
 以……为模特；模仿；仿造"
mop up,"na. 揩干；吸取(利润等)；痛击；狼吞虎咽地吃
 擦去；扫荡；作扫尾工作"
more often than not,"na. 通常
 多半；时常；往往"
more than,"na. …以上；比…更
 多于；超过；不止"
move around,"v. 走来走去
 绕着……来回转；四处搬迁；迁徙"
move away, 离开; 搬到别处去住; 改变（见解）; 挪开
move forward,"na. 前进
 向前发展；向前移动；向前进"
move off,"na. 离去；死；(货物)畅销
 离开；出发；走掉"
move on,"na. 继续前进；(使)继续前进；向前!
 继续移动；往前走；继续前行"
move out,"na. 搬出；开始行动
 搬出去；搬走；迁出"
move up,"na. 提上
 上移；向上移动；提升"
mow down,"v. 杀死；扫杀
 摧毁；割倒；消灭"
much as, 虽然；多达；非常像
multitudes of, 众多
murmur against, 小声抱怨
name after,"na. name for 用(别人,别物的名字)命名
 用…的名字命名；以……命名；用…的名字作名字"
neither ... nor, 既不……也不；两者都不；均不
never mind,"un. 没关系；不要紧；开诚布公地谈
 别介意；别放在心上；别在意"
next to,"prep. 紧邻；在…近旁；仅次于；紧接
 在…旁边；紧挨着；与……相邻"
night and day,"na. 日夜；不分昼夜
 日日夜夜；夜与日；日以继夜"
no doubt,"na. 无疑地；很可能
 毫无疑问；必定；不要怀疑合唱团"
no less than,"prep. 多达
 不少于；不亚于；不下"
no longer,"na. 不再
 已不；再也；再也不"
no matter how,"na. 不管怎样
 无论怎样；无论怎么样；不管如何"
no matter what,"na. 不管怎什么
 无论如何；无论什么；不管什么"
no matter when,"na. 不管怎什么时候
 无论什么时候；无论何时；不管什么时候"
no more than,"na. 不过是；仅仅
 至多；只是；只不过"
no more,"na. (此后)不再；死了；…也不
 再也不；不再存在；再也不需要"
no sooner ... than,"na. 才…(就)
 一……就；不早于；刚…就"
no wonder, 难怪；怪不得；不足为奇
none other than,"na. 正是；而是；恰恰是
 不是别的；不是别人而正是；不是别人正是"
not in the slightest,"na. (=not at all)一点不
 一点也不；根本不；冒犯他人的言语"
note down,"un. 记录
 记下；记下来；写下"
nothing but,"na. 不外；的确
 只有；只不过；只是"
nothing more than,"un. 只有；跟…迥然不同；只不过
 仅仅；只不过是；无非是"
now and then, 偶尔；时而；不时
now that,"na. 由于
 既然；既然已；现在已经"
nowhere near,"na. 远远没有；总不如(那么好等)
 远不及；差得远；离得远，差得远"
object to,"na. 反对
 反对某事；不赞成；我反对"
occupy oneself with, 从事；忙于某事；忙于做某事
occupy oneself in, 忙于；从事于；专心于
occur to, 想到；被想起；被想到
odds and ends,"n. 零碎；琐碎的东西；小玩意
 零碎的工作；零碎东西；零星杂物"
of a kind, 同类的；同一类的；徒有其名的
of no account,"na. 不重要的
 无价值的；毫不重要；无足轻重"
of one's own accord,"na. 自愿地
 主动地；出于自愿；自愿的"
of no avail,"un. 无济于事；无效的
 无补；于事无补；无用"
to no avail,"na. 无益；“to/of no avail”的变体
 毫无效果；完全无用；没有用"
off balance,"un. 偿清债务；趔趄
 失去平衡的；失去平衡；不平衡"
off duty,"na. 下班；在工作时间外
 不在值班；下了班；不值班"
off the cuff,"na. 马上；即兴地；非正式地
 即席；无准备地；让我们看看是否可以即席"
off the track,"na. 出轨；出岔子；(话)离题；(猎狗)失去嗅迹
 场外荣耀；仕途上脱离正途；思路就会导致文章最终跑题"
omit doing,找不到解释
omit to do, 经常用法
on impulse, 一时冲动；一时心血来潮；冲动的
on impulse of ...,找不到解释
on the impulse,找不到解释
on the impulse of ...,找不到解释
on average, 平均；平均起来；通常
on the average,"na. 平均；一般说来
 平均起来；按平均值；平均而言"
on an average,"na. 平均；一般说来
 平均起来；平均而言；按平均"
on a dime,"na. 在极小的地方；立刻
 立即；极小地方；在极小的空间中"
on a large scale,"na. 大规模地
 大规模的；大批量；大量"
on a small scale,"na. 小规模地
 小规模的；小范围内；在很小程度上"
on account of,"na. 因为
 由于；为了；基于"
on account, 先付; 暂付; 用赊购的办法; 用分期付款的办法
on and off,"na. 断断续续；偶尔；(航海)时而靠岸时而离岸地；不规则地
 断断续续地；开和关；断断续续的"
on any account,"na. 无论如何
 在任何情况下；高低；在任何情况下决不"
on behalf of,"na. 替；为…的利益
 代表；代表某人；以…名义"
on board,"na. 在船上；在车上；出垒
 到船上；上船；已装船"
on business,"na. 因公
 因事；出差办事；有事"
on campus,"na. 在校内
 在校园；在校园里；在校园内"
on condition that,"na. 在…的条件下
 在…条件下；条件是；如果"
on cue, 恰好在这个时候；恰好在这时候；就在这个时候
on demand,"na. 请求即
 按需；随选；随需应变"
on every account,na. 无论如何
on all accounts,"na. 无论如何
 总之；决不"
on file,"na. 合订成册
 存档；记录下来备查；归档，存卷"
on fire,"na. 燃烧着；兴奋着
 着火；起火；起火着火"
on guard,"na. 看守；值班
 站岗；警惕；防范"
on hand,"na. 现有；出席；在近处
 在手边；在场；在手头"
on impulse, 一时冲动；一时心血来潮；冲动的
on loan,"na. 出借
 暂借的；借出；借调"
on no account,"na. … on any account 决不
 无论如何；不论什么原因也不；绝对不"
on occasion,"na. 有时；遇必要时
 间或；偶尔；不时"
on one's behalf,"为…的利益,代表"
on one's honor, 以名誉担保
on one's own account,"na. 独自地；独立地；凭自己力量；主动地
 为自己计算；独立帐目；为自身利益"
on one's own behalf,找不到解释
on paper,"na. 纸上；统计上；理论上
 以书面形式；在纸上；在名义上"
on purpose,"na. 故意；意欲
 故意地；有意；故意的"
on record, 记录在案的；记录在案；记录下来的
on sale,"na. 出售的；上市的；出售(的)；廉价出售(的)
 减价；打折；大减价"
on schedule,"na. 按时；按时间表；按照预定计划
 准时；按预定时间；正点"
on second thoughts,"na. 经重新考虑后；再次考虑后
 经再三考虑之后；一转念；继而一想"
on short notice,"na. 忽然；急忙；“at/on short notice”的变体
 一接到通知就；在很短的时间内；临时通知"
on strike,"adj. 罢工
 在罢工；罢工中；在罢工中"
on the alert,"na. 警惕
 提防；警戒；处于戒备状态"
on the basis of,"na. 以…为基础
 根据；在…基础上；在…的基础上"
on the contrary,"na. 反之
 正相反；相反地；相反的"
on the edge of,"na. 快要
 在…的边缘；处于……的边缘；在边缘"
on the fast track,平步青云，飞黄腾达；迅速发展的(常指有所创新)
on the fence,"na. 犹豫未决的；中立的
 保持中立；抱观望态度；抱骑墙态度"
on the foundation of,找不到解释
on the ground of,"na. 由于
 以…为理由；根据；基于…理由，根据"
on the ground that,"conj. 理由是
 以…为理由；因为；基于"
on the grounds that,"un. 基于；由于
 因为；基于…理由；为理由"
on the horizon,"na. 在地平线上
 在那地平线上；即将来临的；刚刚冒出地平线"
on the hour,"na. 准时地；按整小时地
 整点；在整点时刻；每小时"
on the instant,"na. 立即；即刻
 马上；立刻"
on the outskirts,找不到解释
on the quiet,"na. 私下；偷偷
 秘密地；偷偷地；私下地"
on the rise,"na. 在涨；在增加；好转
 在上升；正在上升；在上涨"
on the run,"na. 跑着
 我很忙；亡命鸳鸯；逃亡"
on the scale of ... to,找不到解释
on the shelf,"un. 废弃的；滞销的；闲置的
 在书架上；在架子上；束之高阁"
on the side,"na. 顺便；作为副业；略略添上
 作为兼职；暗地里；作为兼职或副业"
on the sly,"na. 秘密地
 偷偷地；偷偷的；暗地里"
on the spot,"na. 当场；立刻；用现货；(人)准备妥当
 在现场；在场；马上"
on the spur of the moment,"na. 一时兴起；当场
 一时冲动；一时冲动之下；一时冲动地"
on the threshold of,"na. 在…的开头
 在...的开头；即将开始；在……的前夕"
on the verge of,"na. 将近(几岁)；即将…
 濒于；接近于；濒临于"
on the whole,"na. 整体上说
 总的来说；大体上；基本上"
on thin ice, 如履薄冰；履於薄冰；步履薄冰
on top of,"na. 在…之上；逼近；胜任(工作等)；掌握(情况等)
 在…上面；除…之外；另外"
on oath,"na. 发誓
 必定；依照誓言"
under oath,"na. 发誓
 宣过誓；受誓言的约束；发誓说真话"
once for all,"na. 只此一次；断然
 一劳永逸地；永远地；彻底地"
once and for all,"ph. 一劳永逸地
 最后一次；彻底地；只此一次"
once in a while,偶尔；有时（等于every once in a while）
only if,"conj. 只有当
 只要；除非；只要…就"
open up,"na. (打)开；割开；开发(资源)；揭示
 打开；开辟；开放"
or else,"na. 不然
 否则；要不然；否则，要不然"
or so,"un. 与其说…不如说…；大约
 左右；上下；大概"
or something,"na. 大概是…之类的
 或什么的；诸如此类的什么；或是什么的"
orient ... to,找不到解释
orient ... toward,找不到解释
originate from,"v. 起源于；发源于
 来源于；来自；起源於"
other than,"na. 与…不同；除了
 不同于；除…之外；而不是"
ought to,"modalv. 应该；应当；（表示期望或可能发生的事）应该；（表示劝告或建议）应该
v. 应该
 理应；应然；应该要"
out of breath,"na. 大喘气
 喘不过气来；上气不接下气；气喘吁吁"
out of control,"na. 失去控制
 失控；不受控制；过界"
out of danger,"na. 脱离危险
 脱险；脱离险境；啊，脱离危险了"
out of date,"adj. 过时的；缺乏新信息的；陈腐的；失效的
 过期；过期的；过时了"
out of hand,"na. 即时；脱手；告终；难对付
 无法控制；失去控制；失控"
out of joint,"na. 脱节；纷乱；不协调；不满
 脱臼；下巴被人打得脱臼；脱臼的"
out of accord with, 与……不一致；同…不一致；和……不一致
out of order,"na. 杂乱无章；不合规则；情况反常；有故障
 乱序执行；发生故障；坏了"
out of place,"na. 不得其所的；不适当的；不相称的；碍事的
 不合适；格格不入的；不恰当"
out of practice,"na. 久不练习
 荒疏；医家外传；缺乏练习"
out of scale,"n. 不按比例的
 不合规定比例；不成比例；不相称"
out of sight,"adv. 无影无踪
 看不见；战略高手；在视野之外"
out of step,"na. 错了步伐
 不协调；步调不一致；不合拍"
out of stock,"na. 售完
 脱销；缺货；无存货"
out of style,"na. 没有样子；“in/out of style”的变体
 过时的；不时髦；不时髦的"
out of temper,"na. 动气
 发脾气；发怒的；动怒"
out of the blue,"un. 难得到的；突然；突如其来；出人意料
 出乎意料；突然地；一日狂徒"
out of the way,"na. 向旁边；让开；迷失；误
 让路；不挡道；不碍事"
out of touch,"adj. 失去联络
 失去联系；不联系；不接触"
out of tune,"na. 不合调；失调；“in/out of tune”的变体
 走调；不协调；走调儿"
out of work,"na. 失业；(机器等)有毛病
 失业了；失业的；没有工作"
out of curiosity,"na. 在好奇心驱使下
 出于好奇；出于好奇心；不要好奇"
out from curiosity,找不到解释
overflow with,"na. 充溢
 充满；充满着；充满了"
owe ... to,"v. 由于；把…归功于
 应该把…归功于；欠；因为"
owing to,"conj. 由于；因为
prep. 因为；由于
 归因于；由于…的原因；多亏"
own up,"na. 坦白地承认；供认
 爽快承认；坦白承认；承认罪行"
pack in,"na. 停止
 放弃；大量吸引"
pack off,"na. “pack away”的变体
 把…打发走；解雇；送走"
pack up,"na. 把…打成包；打包；捆好东西；解雇
 收拾；收拾行李；把…打包"
package deal,"un. 一揽子交易
 一揽子交易中的条款；一揽子工程；一揽子计划"
pair off,"na. 使分成一对一对；两个成一组
 成对而去；分成一对一对；成双配对"
pair ... with,找不到解释
palm off, 甩掉；用欺骗手段把…卖掉；用欺骗手段出售货物
parcel out,"na. 分派
 分配；把……分成若干部分；分送"
part and parcel of,"na. 重要部分；(…的)重要部分
 不可缺少的一部分；的重要部分；主要部分"
part with,"na. 跟…分别；解雇；卖掉(东西)
 放弃；割舍；辞退"
participate in,"v. 参加；分享
 参与；参加某事；参加例句"
pass away,"na. 消失；Vi. 经过；去；终止
 去世；逝世；过世"
pass by,"na. 经过；不过问；打…旁边过去；通用(…这个名字)
 路过；走过；忽略"
pass off,"na. 拿(假货)卖给 (on somebody)；混过去；结束；顺利完成
 停止；终止；消失"
pass on,"na. “pass away”的变体；递；传达；通过
 传递；传授；把…传给别人"
pass out,"v. 昏倒；分发；主要用于英式英语
 失去知觉；晕倒；昏过去"
pass over,"na. 越过；通入；弹；过(日子)
 忽略；忽视；经过"
patch up,"na. 拼凑；结束；制止；匆忙处理
 修补；平息；解决"
pave the way for,"na. 为…铺平道路；使…容易到来
 为…创造条件；为…做好准备；为…铺路"
pay attention to,"na. 注意
 重视；对……注意；关心"
pay back,"na. 偿还；报答；向…报复；付还
 回报；还钱；还钱给"
pay compliments to sb.,找不到解释
pay deal,找不到解释
pay down,"na. 付现；即时支付；(分期付款购货时)先支付部分货款
 即时交付；用现金支付；付头款"
pay for,"na. 付开销；赔偿(损失)；(为某种过失)付出代价；吃亏
 付款；付钱；支付"
pay in cash,"un. 现金支付
 付现金；用现金支付；现金付帐"
pay off,"na. 偿清(债务等)；付清；发清(工钱)；发清工钱解雇
 还清；偿还；报复"
pay up,"na. (全部或按时)付清；缴清(股款等)
 全部付清；付款；付清全部欠款"
peel off,"na. 离队；开始离队急降
 剥离；剥落；剥掉"
peer at, 凝视；仔细看；眯眼看
peer pressure, 同侪压力；同伴压力；同辈压力
peg away at,"un. 继续做:
 坚持不懈地做；孜孜从事；集中力量于"
penalty for, 对…的处罚；罚金；对…的处罚，罚金
persist for,找不到解释
persist in,"v. 坚持
 固执；坚持不懈；坚持不懈，执意"
phase in,"na. 逐步采用
 逐渐采用；逐步引入；分阶段引入"
phase out,"na. 使逐步结束；使逐步撤出；逐步淘汰；逐部停止(活动等)
 使逐步淘汰；逐渐停止；逐步取消"
pick out,"na. 挑选；掘出；闻出；领会
 挑出；选出；选出，挑出，拣出"
pick up,"v. 拾起；探出；重新开始
 捡起；拿起；学会"
pick to pieces, 严厉批评，对…吹毛求疵
pull to pieces,"na. 扯碎；批评得一文不值
 把……撕成碎片；拆开；撕碎"
pile into,"v. 蜂拥而入
 挤入；进入；开始大干"
pile up,"na. 堆积；积聚；(汽车等)挤在一起；(使)(船)搁浅
 累积；堆起来；积累"
pitch in,"na. 热情参加
 努力投入；投身于；作出贡献"
place an emphasis on,找不到解释
put an emphasis on,找不到解释
lay an emphasis on,找不到解释
play a role in,"v. 起作用于
 在……中起作用；在……扮演一个角色；在……中扮演角色"
play down,"na. (迎合对方的意思)放低语气  减弱；轻描淡写
 贬低；淡化；降低"
play havoc with, 陷入大混乱；搅乱；破坏
play second fiddle to, 当的副手；居次位
plead against,na. 反驳；劝人不要…
plead for,"na. 恳求
 辩护；请求；为……辩护"
plough through,"un. 破浪航行
 费劲地阅读；吃力地钻研，艰难地通过；费力的阅读"
plug in,"v. 插入；插插头；插上
 插件；连接；插上电源"
plunge into,"v. 投入；跳进
 跳入；纵身投入，跳入；投身于"
plunge sth. into,找不到解释
point of view,"n. 观点；态度；意见；看法
 视角；视点；角度"
point out,"na. 指出
 指明；说明；指示"
poke fun at,"na. 嘲弄
 取笑；调笑；戏弄"
poke one's nose into,"na. 管…的闲事；干涉
 干预；探听；管闲事"
polish off,"na. “polish away”的变体
 草草做完；狼 吞 虎 咽；完成"
polish up,"na. 完成；改善；同“polish”
 擦亮；磨光，擦亮；润色"
pop up,"v. 突然出现
 弹出式；弹出窗口；弹出式调查"
portion out,"un. 分配:
 分成若干份"
pose a threat to, 对…有一种威胁；对……构成威胁；对……造成威胁
pour down,"v. 倾注；奔流而下
 倾泻；倾盆而下；倾泻而下"
pour ... into,找不到解释
pour out,"v. 倾吐；诉说
 涌出；倾诉；倾倒"
praise for, 称赞；因…表扬某人；因某事称赞某人
preferable to,"adj. 优于；胜过
 更好的；更可取的；比…更可取"
preference for, 防备；预防；偏爱
prepare for, 准备；为…作准备；为…做准备
preside at,"un. 作主席:
 主持；指挥"
preside over,"v. 主持会议
 负责；掌管；管理，负责"
press on,"na. 向前挤；坚决推进；“press ahead”的变体
 加紧赶路；加紧进行；压迫"
presume on,不正当地利用; 指望
prevail on,"v. 说服；劝说
 诱使；是劝说"
prevail upon,"v. 说服；劝说
 劝诱；劝说好；词根记忆"
prevail over,"v. 胜过
 压倒；战胜；占优势"
prevent ... from doing,找不到解释
previous to,"adj. 前于
adv. 在…之前
 先于；在……以前；在…之前的"
prey on,"v. 捕食；掠夺
 杀害；掠夺折磨；折磨，损害"
prick up one's ears,"na. (狗)竖耳
 洗耳恭听"
prior to,"adj. 前于
 此前；在…之前；先于"
probe into,"v. 探索；刺激
 探究；探讨；根究"
proficiency in, 熟练；精通；熟练精通
profit by,"v. 得益于
 受益；从…中得益；受益于"
profit from,"v. 得益于
 从…获益；从…谋利；获益于"
prohibit sb. from doing, 禁止某人做某事；禁止做
prone to,"v. 易于
 倾向于；易于…的；倾于"
prop up,"na. (把…)撑住；给…撑腰
 支撑；支持；给……撑腰"
propose to do, 打算；打算做某事；建议做
propose to doing,找不到解释
protect against,"un. 防止；陪伴
 保护；防御；防范"
provide for,"v. 为…作准备
 为…提供；供养；赡养"
provide sb. with,"v. 供给；供应
 提供；给…提供；以…装备"
public figure, 公众人物；公共人物；知名人士
pull ... apart,"na. 扯断(索子等)；劝开(吵闹)
 拉开；撕开；分开"
pull away,"un. 绷起脸；开走；抽回；挖走
 脱身；离开；拉离"
pull down,"na. 挣钱；压低；拆坏(房子等)；(疾病使人)衰弱
 拆毁；推翻；拉下，降低"
pull in,"na. 使后退；节省(费用)；(火车等)到站；船靠近(海岸)
 进站；靠岸；到岸"
pull off,"na. 赢得；做成某事；(在路边)停车；下载
 完成；脱下；努力实现"
pull on,"na. 穿上(衣服)
 戴；戴上；继续拉"
pull out,"na. 拔(牙等)；把船划出；(车,船等)开出；(人)出发
 拔出；驶出；抽出"
pull over,"na. (把衣裳)从头上套下来穿；推翻(桌子等)；把(车)靠拢路边
 靠边停车；开到路边；路边停车"
pull through,"na. 恢复健康；痊愈；渡过难关
 度过难关；渡过危机；度过危机"
pull together,"na. 通力合作；拼凑
 齐心协力；团结起来；同心协力"
pull up,"v. 拔起；使…停下
 停车；上拉；阻止"
push aside,"v. 推开
 把…推到一边；拨开；扒开"
push away,"na. 推开
 推球；开始助跑；是推开"
push into, 推进；推动；小艇靠岸
push up,"v. 提高；强使(物价等)上升
n. 俯卧撑
 向上推；伏地挺身；掌上压"
put across,"na. 使承认；欺骗人；美满完成；堂堂开张
 解释；表达；使人接受"
put over,"na. “put across”的变体；(船)渡过去；延期
 拖延；完成；推迟"
put an end to,"na. 结束
 终止；废除；停止"
put aside,"na. “set aside”的变体
 储蓄；撇开；放在一边"
put away,"v. 把…收起来；储存
 放好；把……收起来；收好"
put ... down to, 归因于；说…因而起；归因为
put down,"na. 平定；贬低(的话)；(飞机的)降落
 放下；镇压；记下"
put forward,"na. 提出(计划,意见等)；建议；促进；推举(候补人等)
 提前；推荐；表提出"
put in for,"na. 申请
 正式申请；申请采集者退散；申请职称英语"
put ... in order,找不到解释
put in,"v. 探进；放进；输入；纳入
 插嘴；放入；提出"
put ... into effect,找不到解释
put off,"na. 延期；辩解
 推迟；拖延；推延"
put on,"na. 假话
 穿上；上演；戴上"
put out,"v. 扑灭；熄灭；放出；伸出
 关；关熄；消灭，关"
put right,"na. 改正；修理；矫正；订正
 纠正；使恢复正常；整理"
put sb. through,"na. 经受；测试；试验；使…通过
 接通；完成；把……接通"
put ... to death,找不到解释
put ... to use,找不到解释
put up with,"na. 忍住
 忍受；容忍；忍耐"
put up,提供；建造；举起；提高；推举，提名；供给…住宿；直接行动
put ... into operation,找不到解释
bring ... into operation,找不到解释
put a premium on,"na. 诱发；助长；鼓励；奖励
 重视；强调；高度评价"
place a premium on,"na. 诱发；助长；鼓励；奖励
 一个中文词语或英文单词"
puzzle out,"na. 解决(难题等)
 想出；设法想出；苦苦思索"
puzzle over,"v. 为…大伤脑筋
 苦苦思考；苦苦思索；苦思苦想"
qualify for, 有…资格；使具有…的资格；有资格充任
quantify the risks of,找不到解释
quest for,"un. 寻找；设法找到
 追求；探索；寻求"
queue for,找不到解释
quite a few,"na. 很多；许多；相当多
 不少；还不少；有相当数目的"
quite a little,"na. 丰富
 相当多；不少；许多"
quite a number of,"adj. 不少
 相当多的；相当数目的"
rail at,"un. 沉不住气；大骂；责备
 抱怨；奚落；责骂"
rail against, 抱怨；责骂；嘲骂
raise eyebrows, 皱眉；吃惊；使吃惊
range between,"v. 无意中听到
 范围在……与……之间不等"
range from ... to,找不到解释
range over,"un. (在一个地区等)徘徊；俯视；涉及；考虑:
 包括；论及；范围包括"
rap out,"na. 突然说出；把(意思等)用敲击声表现出来；敲奏(钢琴)；击倒
 突然厉声说出"
rare bird, 珍禽；珍稀鸟类；奇异珍贵的宝物
rather than,"na. 而不
 而不是；宁愿；与其"
rattle off,"un. 口若悬河；一口气讲
 飞快地说出；急促背诵地；急促流畅地背诵出"
rattle on, 喋喋不休；飞奔；罗嗦
reach a compromise over,找不到解释
reach a settlement, 达成和解
reach an agreement, 达成协议；达成一致；达成共识
react against,"na. 反抗
 作出反抗或反对反应；起反作用；人民反抗侵"
react on,"v. 对…有反应
 影响；对…有影响；起作用于"
react upon,vt.影响
react to,"v. 对…有反应
 对…作出反应；对……反应；对……做出反应"
read through,"na. (从头到尾)读完
 通读；读一遍；看完"
reckon ... as,找不到解释
reckon ... to be,找不到解释
reckon on,"v. 依赖；寄望于
 指望；依靠；希冀，倚赖"
reckon with,"na. 和…算账；将…加以考虑
 处理；计算；认为"
reconcile to,"v. 甘心,接受"
recover from,"v. 恢复
 痊愈；从……中恢复；从…恢复"
reel off,"na. 从纺车上把线拉出；(用茧)缫(丝)；滔滔不绝地讲
 一口气说；退绕；重复"
refer to,"v. 查阅；提到
 参考；涉及；谈到"
refer to ... as,"v. 提交；归类；称谓
 把…称作；把…当作；称为"
reflect on,"v. 考虑；回想
 反省；思考；仔细考虑"
refrain from,"na. 戒(烟)
 忍住；避免；克制"
regard ... as,找不到解释
view ... as,找不到解释
regardless of,"prep. 不管；不顾；不理会
 不论；无论；不注意"
register for, 注册；选课；登记参加
register with, 挂的号；注册码；登记
reign over, 统治；盛行；有权就会管辖
rein in,"na. 勒住(马)；控制
 抑制；放慢；约束"
relate to,"na. 有关联；与…有关；理解
 涉及；与…有联系；与……有关联"
relate with,把…同…联系起来 connect sth in thought or meaning
relevant to,"adj. 有关
 与…有关的；相关，切题；对……有关"
relieve sb. of,"v. 解除
 减轻；消除；减轻……的"
reluctant to do,找不到解释
rely on,"v. 依靠；信赖
 依赖；依仗；凭借"
rely upon,"v. 依靠；信赖
 依赖；放心；指望"
remark on,"v. 评论；批评
 谈论；议论；对…的评论"
remark upon,"v. 评论；批评
 评论某事"
remedy for, 补救；对…治疗法；药物
remind sb. of sth.,找不到解释
renege on, 食言；违背；违约
reply to,"v. 答复；回答
 回复；答复某人；特此回信"
require of,"v. 需要
 要求；对…的要求；要求得到"
reside in, 居住；存在于；居住于
resistance to, 阻力；对……的抵抗；对…的阻力
resistant to,"adj. 抵抗
 耐……的；抵抗的；有耐药性的"
resolve into, 使分解为；归结为；还原成
resolve on, 决心
resort to,"na. 使用(武力)
 诉诸于；求助于；采取"
respond to,"v. 响应
 对…反应；回答；对…作出反应"
response to, 反应；回应；对……的回答
rest on,"na. 被支持在…上；(目光等)停留在…上
 依靠；依赖；被搁在"
rest upon,"na. 被支持在…上；(目光等)停留在…上
 依赖；依靠；依赖于"
restrain sb. from doing,找不到解释
restrict ... to,找不到解释
result from,"v. 由于
 由...产生；起因于；由…引起"
result in,"na. 终于(失败)
 导致；结果是；造成"
return to,"v. 回到；返回；还给；降到
 返回到；恢复；回来"
revolt against,"un. 起来造反；打抱不平；反叛；背叛:
 反抗；起义；反感"
revolve around,"v. 旋绕
 围绕…转；旋转；环绕"
rid sb. of sth.,找不到解释
rifle through, 搜寻；迅速搜查
ripe for, 为什么做好准备；时机成熟；准备好
rise above,"na. 凌驾…之上；超越…；摆脱
 克服；不受……的影响；超然"
rob ... of,"v. 抢走
 抢劫；盗取；抢夺"
root ... in,找不到解释
rope in, <非正>说服（某人）（参与某项活动）; 拉拢; 笼络
round the clock,"na. 昼夜不停；整天整夜；昼夜不停地
 夜以继日的；日夜不停地；连续一整天"
rub out,"na. 擦掉；杀死
 拭去；擦去；把…擦掉"
rule out,"na. 排除
 排除…的可能性；划去；拒绝考虑"
run a fever,"na. 发烧；“run a temperature/fever”的变体
 发高烧"
run across,"na. “Come across”的变体
 偶然碰见；穿过；不期而遇"
run away with,"na. 拐走；带着…逃跑；贸然接受(别人意见等)；消耗(金钱时间等)
 战胜；偷走；不受约束"
run counter to,"na. 违反
 背道而驰；与…背道而驰；对着干"
run down,"na. 下乡；(钟表等)停止；衰弱；赶上(人,猎物)
 撞倒；跑下；撞沉"
run dry,"na. 干涸；(奶,水等)不出；在干燥的情况下操作；(乳牛)不产奶
 流干；枯竭；干枯"
run for,"na. 去叫(…)；做…的候选人
 竞选；让…竞选；竞选职位"
run into,"na. 冲进；(河)注入(海)；撞上；到达
 偶遇；跑进；陷入"
run low,"na. 减少；消耗尽；缺乏
 快用完了；几乎耗尽；短缺"
run off,"na. 逃走；流出；(火车等)出轨；越轨
 跑掉；跑掉，逃掉；复印"
run out,"na. 耗尽；用光；过有效期；失效
 用完；用尽；到期"
run over,"v. 轧过；碾过；演练；排练
 辗过；溢出；浏览"
run parallel to,"v. 和…平行
 与...平行；与...同时；与某物平行"
run parallel with,与…平行
run riot,"na. 猎狗认错猎物臭味乱跑；追来追去；越出常轨；放纵自己的想像
 放肆；肆无忌惮；猖獗"
run short,"na. 用完；缺乏
 快用完；耗尽；短缺"
run through,"na. 穿过；匆匆忙忙看一遍；不间断地排练；花光
 贯穿；浏览；跑着穿过"
run to,"na. (数量等)达…；陷于(毁灭,衰亡等)
 跑向；跑到某地；向……跑去"
run up,"na. 抬高(市价等)；升(旗等)；造；增加(费用,债款等)
 短而低的近距离击球；向上跑；积欠"
run the risk of,"v. 冒…的危险
 冒着……的危险；冒险；冒著…的危险"
take the risk of,"un. 冒…的危险
 冒…的险；冒着…的危险；冒……危险"
rush into,"un. 一拥而上；冲进；投到；推行
 匆忙做某事；仓促行动；仓促跑进"
rush off, 匆忙走掉；冲出；匆忙离开
rush through,"v. 匆匆完成
 匆忙做完；快速通过；匆忙通过"
sacrifice for, 牺牲；为…而牺牲；献出
sacrifice to,"向…祭献; 为…牺牲…, 舍弃…以得到…"
saturate ... with,找不到解释
save for,"v. 除了…而外；例外
 储蓄；除…之外；留供…用"
save on, 节省；节约；节省，节约
scale back,"na. 相应缩减
 按比例缩减；减少；缩小"
scale down,"na. (按比例)缩减；分频；“scale back”的变体
 按比例缩小；缩小比例；按比例减少"
scare sb. stiff,找不到解释
scout around for,到处寻找
scout about for, 到处搜索；到处搜寻；到处寻找
scramble for, 争夺；争抢；争先恐后
scrape by, 勉强度日；勉强维持；勉强过日子
scrape through,"na. 好容易完成；(考试)勉强及格；勉强对付过去；勉强通过
 擦过；勉强度过；勉强取得进入的资格"
scrape together,"na. 一点一点地贮蓄；设法凑拢
 七拼八凑；东拼西凑；积攒"
scrape up,"na. 一点一点地贮蓄；设法凑拢
 积攒；勉强凑足；积蓄"
scream for, 强烈要求；为……而尖叫；为了…尖声地叫喊
screw up,"na. 拧紧；钉上；卷成螺丝状；扭歪(嘴,脸等)
 弄糟；搞砸；搞砸了"
search for,"na. 寻找；寻求；探求
 搜寻；搜索；搜查"
see that, 务必；注意；要注意使
see to it that, 保证；务必；务必要
see about,"na. 注意；查看；查询；留意于
 考虑；料理；负责处理"
see eye to eye,"na. 看法一致
 看法完全一致；意见一致；我们意见相同"
see sb. off,"na. 送行；送别；告别；赶走
 给…送行；为…送行；给某人送行"
see out,"na. “see through”的变体
 完成；熬过；送到大门口"
see through,"na. 看穿；看透；识破；办好某事
 看破；看穿某人；帮助渡过难关"
see to,"na. 注意；留心；当心；检查
 负责；照料；留意"
see with half an eye,"na. 一看就明白
 一目了然；一望而知；一眼就看得很清楚"
seek out,"na. 找出；寻求；想获得
 挑出；找到；搜寻出"
seize on,"na. 猛扑；袭击；利用；采用(提议)
 抓住；抓住，抓紧；占有"
seize upon,"na. 猛扑；袭击；利用；采用(提议)
 抓住；牢牢抓住"
sell off,"na. (打折扣)销完；卖清(存货)
 廉价出清；廉价出售；廉价卖清"
sell out,"na. 卖完；脱销；背叛；欺骗
 售完；卖光；出卖"
sell up,"na. 拍卖；变卖(债务人的财产以抵债)
 卖光；为还债而变卖；卖完"
send away,"na. 撵走；开除；解雇；把…送到远处
 赶走；送走；打发走"
send for,"na. 派人去叫；遣人去拿；乞求
 派人去请；派人去请，召唤；派人去拿"
send in,"na. 拿出；提出；递(名片)；送
 送来；呈报；提交"
send out,"na. “send forth”的变体
 发出；派遣；发送"
senior to,"adj. 年长于
 比…年长；比我大两岁；资格老于"
sense of responsibility, 责任感；责任心；责任意识
serve as,"v. 用作；充当
 作为；担任；当作"
serve sb. right,"na. 给(某人)该得的待遇
 活该；给应得的待遇；活该，给应得的待遇"
set a good example, 树立榜样；树立好榜样；树立好的榜样
set about,"na. 动手；开始；下手；着手
 散布；着手做某事；开始做"
set apart,"na. 分开；分离；留出(充当别用)
 使显得突出；拨出；使分离"
set aside,"na. 搁置；拨出；驳回
 留出；取消；挑出，留出"
set back,"na. 阻碍；延迟；花费
 推迟；推迟，延缓；使退步"
set down,"na. 记入；登记；定；设
 记下；放下；写下"
set fire to,"na. 点燃；放火
 使燃烧；放火烧；纵火"
set foot in,"na. 进入；“set foot on/in”的变体
 踏进；踏上；涉足"
set forth,"na. 公开；发行；公布；陈述
 阐明；提出；出发"
set free,"na. 释放；使游离
 放走；被释放；赦免"
set in,"na. 固定；停当；涨潮；进来
 开始；来临；插入"
set off,"na. 分；分割；划开；区划
 出发；动身；引起"
set one's heart on,"un. 使得…垂头丧气；热衷；下定决心
 渴望；一心想做某事，决心做某事；下决心做"
set out,"n. 开始；出发；动身；准备
 陈列；着手；陈述"
set the pace,"na. (给…)作步调示范；定出速率；树立榜样；领先
 掌握进攻节奏；掌握比赛节奏；定步速"
set up,"na. 建立；创立；发起；开办
 设立；设置；成立"
set ... in motion,"na. 使动；开动
 发动；掀动；开始动工"
put ... in motion,找不到解释
settle down,"na. 定居；成家；移居；平静下来
 安下心来；安定下来；安顿下来"
settle for,"na. 满足于
 勉强接受；将就；勉强认可"
settle in,"na. 定居；殖民；搬入(新住所)；使某人搬进(新住所)
 安顿下来；迁入；适应新环境"
settle into,"un. 安置安置；陷入
 适应；习惯于；开始在…居住"
settle on,"na. 决定；选定；授与；赠与(财产,遗产等)
 看中；定居；停在"
settle upon,"na. 决定；选定；授与；赠与(财产,遗产等)"
settle up,"na. 决定；解决；支付
 付清；结账；结清"
sew up,"na. 缝拢；缝合；把…缝入；缝进
 独占；解决；垄断"
shade into, 逐渐变为；渐渐变为
shake down, <美，口>彻底搜查; 勒索; 使因摇晃而下落; <英，非正> 适应新的生活环境
shake off,"na. 抛弃(坏习惯)；摆脱(坏朋友)；推开；拆开
 抖落；撵走；试图摆脱"
shake one's belief,找不到解释
shed light on,"na. 阐明；解释；将…弄明白；照亮
 说明；阐明某事；使某事清楚"
shove off,"na. (拿篙子)把船撑开；乘船离开；走掉
 动身；出发；动身离开"
show off,"na. 卖弄；自以为是；趾高气扬；炫耀
 出风头；摆谱儿；使显眼"
show sb. out,"na. 送出(客人)
 示缺；闪边去；告缺"
show sb. in,"na. 领进(客等)
 领进来；领入；带或领……进来"
show respect for, 对…表示尊重；尊敬；尊敬某人
show up,"na. 显眼；揭发；嘲笑；露面
 出现；出席；揭露"
shrink away from,找不到解释
shrink back from, 退缩；畏缩
shrug off,"na. (耸肩)表示轻蔑；摆脱；扭身脱掉(衣服)
 耸肩表示对…不屑理睬；对…不屑一顾；对……满不在乎"
shut down,"na. 关闭；关拢(窗等)；停业；禁止
 关机；停工；使关闭"
shut in,"na. 监禁；围住；遮住；迫近
 关井；关进去；禁闭"
shut off,"na. 阻断；使隔开
 关掉；切断；关闭"
shut out,"na. 不让进来；遮得看不见；不让得分
 退关；排除；把…排斥在外"
shut up,"na. 关住；监禁；密封；停止
 闭嘴；住口；关闭"
side by side,"na. 并排着
 肩并肩；肩并肩地；朗文国际英语教程"
side with,"v. 援助；偏袒
 支持；一边，支持；站在…一边"
sign in,"v. 签到；登记；当你归还某项借出的物品时；在名单上签字以获得入场资格
 登录；登入；注册"
sign on,"na. 签字聘用；签字承认；作工作记录
 登录；签约雇用；签约受雇用"
sign up for, 报名参加；学生会报名；注册，选课
single out,"v. 挑选出；精选出
 挑出；是选出，挑出的意思；脱颖而出"
sink in,"un. 晕倒；西斜；渗入；打进心坎
 被理解；被了解；被完全理解"
sit back,"na. 松劲休息；不活动
 放松；袖手旁观；休息一下"
sit for,"na. 参加(学位,奖学金等)考试；作…候选人；坐着
 参加考试；参与；为……而坐下来谈谈"
sit in,"na. 占座抗议
 列席；旁听；列席，旁听"
sit out,"na. “sit through”的变体
 袖手旁观；坐在户外；对……袖手旁观"
sit through,"v. 耐心听完
 看完；一直挺到结束；耐着性子看完"
sit up,"na. 仰卧起坐
 熬夜；坐直；坐正"
size up,"na. 够标准；估量；品评
 打量；估计；判断"
sketch out,"v. 拟订出
 草拟；概述；概略地叙述"
slacken off,"un. 松劲
 萧条；懈怠；松懈"
sleep through, 未被吵醒；睡过了；惊醒
slim down, 消瘦；减肥；瘦身
slip into,"na. 急急穿上；痛殴；竞赛；攻击
 溜进；溜入；悄悄地溜进"
slip out,"un. 穿上；通过；伸到；一溜烟走出
 悄悄地溜出去；被溜走；悄悄溜出去"
slip up,"na. 滑一跤；弄错；失败
 失误；出差错；跌倒"
slot in, 吸入式进碟；槽插式；穿带
slot in, 吸入式进碟；槽插式；穿带
slow down,"na. 闲下来；减缓；放慢速度；减速
 慢下来；慢点；慢驶"
smooth down,"v. 烫平
 使平静；弄平；铺平"
smooth over,"na. “smooth away”的变体
 消除；缓和；克服"
snap at,"v. 骂
 咬；厉声说；急促地说"
snap out of,"un. 怒气冲冲；震飞
 迅速从…中恢复过来；从……当中摆脱出来；使迅速从…中恢复过来"
snap up,"na. 咬住；突然插嘴
 抢购；争购；抢购，争夺"
snatch up,"v. 抢夺
 抓起；夺取；掠夺忽然行动"
sneak out,"un. 淡出；渐隐
 开溜；溜出来；溜出去"
sneak away,"v. 潜逃
 溜之大吉；溜走；悄悄离开"
sniff out,"na. 闻出；发现
 发觉；寻找；嗅出"
so as to,"na. (= in order to) 以便；为使
 为了；为的是；使得"
so far,"na. 就是那么些；到现在为止；到目前(此地)为止；就此范围来说
 到目前为止；迄今为止；至今"
so ... as to,找不到解释
soak up,"v. 吸取
 吸收；摄取；吸收摄取"
sober up,"un. 使清醒；使不醉:
 清醒点；醒酒；酒醒"
something of,"na. 在某种意义(或程度)上
 在某种意义上；多少有点；在某种程度上"
sort out,vt.& vi. 把…安排妥当; （从…中）区分出来，辨别出来; 分类; 整理; 整顿; 解决
sort through,"v. 寻遍
 整理；分类；查看并挑选出"
sound out,"v. 试探；打听
 用语言试探；试探是；试探口风"
spark off,"v. 引爆
 导致；引起；点爆"
speak for,"na. 代表…讲话；订购；要求得到
 为…辩护；为……说话；代表……说话"
speak highly of,"na. 称赞；赞扬
 高度赞扬；高度评价；评价高"
speak out,"na. 大声讲；老老实实讲
 畅所欲言；大胆地说；大胆讲出"
speak up,"na. “speak out”的变体
 大声说；大声地说；大声点"
speak well of,"na. 称赞；“speak well for/of”的变体
 说…好话；说…的好话；赞扬"
specialize in,"v. 专攻；专门研究
 专营；专门经营；专门从事"
speculate about,"v. 思考
 猜测；推测；思索某事"
speculate on,"v. 思考
 思索；考虑；推测"
speed up,"na. 加快(机器等的)速度；使加紧做
 加速；加快速度；增加速度"
spell out,"na. 详细说明；正式拼写
 讲清楚；清楚地说明；拼出"
spill out,"v. 泄露出来
 溢出；洒出；散出"
spin out,"na. 拖延；使(钱等)勉强再维持一段时间；磨度过；使汽车作回形滑行
 拉长；延长；拖长"
spit at,"向...吐唾沫, 对...表示藐视, 对...表示憎恶, 对...表示侮辱"
spit on,"na. 藐视
 吐唾沫；吐口水；吐在身上"
spit out,"na. 同“spit”
 吐出；吐出来；中吐出"
split up,"na. (使)分裂；吵架；同“split”
 分开；分手；离婚"
sponge off,"un. 用海绵洗涤
 依赖他人生活；海绵除色；海棉除色法"
sponge on,"v. 揩油
 海绵上色；依赖；海棉上色法"
spread out,"na. 张开；铺开；扩张；同“spread”
 展开；散开；摊开"
spread over,"na. (根据特殊需要而作的)部分工时调整
 遍布；传遍；遍布在"
spring up,"na. 跳上来；发生；萌芽；出现
 涌现；迅速生长；突然出现"
sprout out,找不到解释
sprout up, 出现
spy on,"v. 探听
 暗中监视；侦查；窥探"
stab in the back, 背后插刀；背后捅刀子；背后中伤
stake on, 把赌注押在…上面，在…上打赌
stand back,"na. 靠后站
 退后；后退；往后站"
stand by,"na. 袖手旁观；站在旁边；待机；等待
 支持；待命；站在一边"
stand down,"na. 退出证人席位；暂时辞退；不在值勤中
 退下；下台；退出竞选"
stand for,"na. 忍耐；忍受；主张；拥护
 代表；象征；代替"
stand out,"na. 突出；显著；不参加战争；抵抗到底
 显眼；引人注目；站出来"
stand up for,"na. 拥护
 支持；维护；坚持"
stand up to,"na. 抵抗；反抗；反对；经得起
 勇敢地面对；勇敢面对；顶得住"
stand up,"na. 站起来；持久；露头角；背约
 起立；我挺你；站得住脚"
stare at,"na. 瞪着看
 凝视；盯着；盯着看"
start from scratch,"na. 赤手空拳地开始；从起步线跑；从零开始；从头做起
 白手起家；从头开始；缺省设置"
start off,"na. 动身
 出发；开始；上路"
start on,"un. 开场；开拓
 开始；开始进行；从做某事开始"
start out,"na. 跳出；开始；企图
 出发；动身；着手"
start up,"n. 创办中的公司；开机
v. 开办；发动(机器,引擎等)
adj. 新开张的
 启动；惊起；起动"
start with,"v. 以…开始
 以……开始；从…开始；首先"
status quo,"n. 现状；原来的状况
 维持现状；现状乐团；改变现状"
stay away from,"un. 退避三舍；回避；不要到…去；停止和…交往
 远离；与……保持距离；离…远点"
stay off,"v. 远离
 保持关闭状态；戒弃，忌；不在…处停留"
stay out,"na. 不干涉；(在外头)不回家；不在家；坚持到
 呆在户外；外出；呆在外面"
stay put,"na. 安装牢固
 停住不动；留在原处不动；留在原地"
stay up,"na. 不去睡觉；不沉
 熬夜；不睡觉；熬夜，不睡觉"
steam up,"na. (玻璃)蒙上蒸汽而模糊；制造蒸汽；拿出精神；鼓励
 蒙上水汽；促进；使发怒"
steer clear of,"na. 机灵地脱身
 避开；绕开；避开……航驶"
stem from,"v. 出于；基于
 起源于；来自；源自"
step by step,"na. 一步一步；切切实实
 逐步地；循序渐进；一步一步地"
step in,"na. 调停；介入；挤进；走进
 干预；干涉；插手"
step into,"v. 走进
 单步执行；步入；单步进入"
step out,"na. 下(车)；走出屋外；放大脚步；辞职
 跳出；单步跳出；失步"
step up,"v. 加紧；走上前；登上；增加
 舞出我人生；提高；舞出真我"
stick around,"v. 粘在旁
 逗留；在附近逗留或等待；在附近等着"
stick out,"na. 突出；伸出手臂；伸展；(因为与众不同而)容易识别
 坚持到底；显眼；凸出"
stick to,"na. 忠于
 坚持；粘住；遵守"
stick with, 坚持；继续支持；坚持做
stir up,"v. 转播；重播；搅拌；煽动
 激起；挑起；引起"
stop off,"na. 中途下一下车；用砂填塞(铸模的一部)；进监牢
 中途停留；中途下车；中途停下"
stop over,"na. 中途下车；暂留；住在海外；同“stop off”
 中途停留；勾留；转机"
store up,"na. 贮藏；记住
 储存；收藏；蓄积"
straight away,"adv. 马上
 立刻；立刻地；毫不犹豫地"
straight off,"na. 立刻；“right/straight off”的变体
 马上；立即；痛痛快快"
straight out,"na. 露骨
 直言地；坦白地；坦率地"
straight up,"un. 真的
 不加冰块的；净饮；快快说清楚"
stream into,找不到解释
strike terror into,"使......感到恐慌
使......感到害怕"
string out,"na. (使)节目拖长；行列长达
 拉长；外移；排列开来，排开"
string up,"na. 挂起
 把…挂起来；吊死某人；使紧张，使兴奋"
strive for,"v. 争取；奋发图强；收下
 为…而奋斗；为…奋斗；力求"
struggle for,"v. 争取
 为…而斗争；为…奋斗；为……斗争"
struggle with, 与…斗争；与…作斗争；和…斗争
stuff ... with sth.,找不到解释
stumble on,"un. 踌躇地转着；碰上
 偶然发现；无意中发现；绊倒"
stumble upon,"un. 踌躇地转着；碰上
 偶然发现；偶然找到；被卷入"
stumble across,"un. 踌躇地转着；偶然发现
 无意中发现"
submit ... to,"un. 使某人忍受某事:
 顺从；服从；屈服于"
submit to,"un. 使某人忍受某事:
 顺从；服从；屈服于"
subordinate to, 从属于；次要的；从属的
subscribe to,"v. 同意；赞成；订阅；定期捐款
 订购；认购；赞同"
substitute for,"v. 取代；替代
 代替；替换；的替代物"
succeed in,"v. 成功于
 在…成功；成功地做；取得成功"
sue for,"v. 诉讼要求
 控告；请求；因为…而起诉"
suffer from, 患（某种病），受（某种病痛）折磨; 因…而受罚; 闹; 罹
suffice to say,"可以说
只用说"
suffice it to say that,"v. 满足…的需要
 只要说…就够了；只想说；一句话"
sufficient for, 足够的；满足；足以
sum up,"na. 概括；总结
 总计；归纳；总括"
summon up,"na. 鼓起(勇气等) (to do； for)
 唤起；振作；奋起"
superior to,"adj. 胜过；优于
 比…好；级别高于；比…高级"
superiority in,找不到解释
swear at,"na. 臭骂；(颜色)和…完全不调和
 咒骂；诅咒；和...完全不调和"
swear by,"na. “swear before”的变体
 发誓；极其信赖；对…发誓"
swear sb. in,"na. 使宣誓就职
 做就任宣誓；宣誓就任；使宣誓就职例句"
sweep in,"un. 猛袭过来；顺利通过大选
 刮入；冲入；堂皇地走进"
switch on,"v. 打开；接通；参见
 开启；合闸；打开开关"
switch off,"na. 不收听(某一广播)
 关掉；切断；关闭"
sympathize with,"v. 同情
 怜悯，共鸣；怜悯；向某人表达同情"
take a breath, 深呼吸；深深地吸一口气；喘口气
take a chance,"na. 冒险一试
 碰运气；碰碰运气；给自己一次机会碰碰运气吧"
take a fancy to,"na. 爱好
 喜欢；爱上；喜欢…起来"
take a gamble, 冒险从事；得不赌一把；冒风险
take a page from,找不到解释
take a stand,"na. 困守(城池等)；立定脚跟
 表明立场；明确立场；采取立场"
take a tough line,"采取强硬措施
采取强硬路线"
take a turn for the worse,"v. 情况转坏
 恶化；变坏；逆转"
take aback,vt. 使吃惊；惊吓
take account of,"na. 考虑
 考虑到；顾及；考虑到某事"
take action,"na. 动手；采取行动；采取(快速)措施；提起诉讼
 行动起来；采取措施；实施行动"
take advantage of,"na. 乘；利用；欺骗；引诱(女人)
 占便宜；充分利用；对……加以利用"
take after,"na. 尾随；仿效；像
 象；长得像；与相像"
take apart,"na. 分解；拆分；剖析
 拆开；拆卸；卸开"
take away,"adj. 买回去的
 拿走；带走；外带"
take care of,"na. 照看；处理；清除
 照顾；照料；爱护"
take charge of,"na. 看守
 负责；担任；主管"
take control of, 控制；掌管；取得对……的控制
take cover,"na. 躲避；利用掩护物；隐蔽
 找掩护；躲藏；以…为掩护"
take delight in,"na. 对…感觉愉快
 乐于；以…为乐；喜欢"
take down,"na. 扯下；卷起；记下；卸下
 拿下；取下；拆卸"
take effect,"na. 有效验；生效
 起作用；见效；奏效"
take exception to,"na. 对…提出异议
 反对；不以为然；对…极端的反对"
take in stride,淡然处之
take in one's stride,轻而易举地做某事
take in,"na. 加以考虑；访问；收进；收容
 欺骗；吸收；接受"
take sb. into one's confidence,找不到解释
take it easy,"na. “take things easy”的变体
 别紧张；别着急；放轻松"
take its toll, 造成损失；造成伤亡；伤害某人
take notes,"na. 做记录
 记笔记；做笔记；作笔记"
take notice of,"v. 注意；理会；留心
 注意到；在意；睬"
take occasion to do,"抓住…的好时机,乘机…"
take off the gloves,"na. (争吵)认真起来
 强硬起来；不饶恕；脱下手套"
take off the gloves to sb.,找不到解释
take office,"na. 就职
 上任；就任；走马上任"
take on,"na. 担任(工作等)；较量；装(某种样子)；呈现(形势)
 承担；雇用；雇佣"
take ... on oneself,找不到解释
take ... upon oneself,"na. 负担；毅然
 承担；大胆；亲自负起某项责任"
take one's breath away, 令人咋舌；大为惊讶；目瞪口呆
take one's time,"na. 从容
 慢慢来；从容不迫；不急"
take out,"na. 取出；带出(散步等)；除去(污点等)；取得(专卖权等)
 拿出；去掉；拿出来"
take over,"na. 接管；继承
 接收；接任；接替"
take pains,"na. 费苦心；尽力
 煞费苦心；下苦功；操心"
take place,"na. 发生；举行
 产生；多指通过人为安排的发生；进行"
take pride in,"na. 以…自豪；对…感到满意
 对…感到自豪；以……为自豪；骄傲"
take priority over,vt.比...优先
take risks,"un. 冒险
 冒风险；勇于冒险；承担风险"
take chances, 冒险；冒一冒险；碰碰运气
take root,"na. “strike root”的变体
 生根；扎根；生根，扎根"
take shape,"na. 成形；形成；具体化；有显著发展
 成型；初具规模；逐渐成形"
take steps,"na. 采取措施
 采取步骤；设法；采取行动"
take sth. into consideration,"v. 顾及
 考虑到；把……考虑进去；予以考虑"
take the blame,"na. 背过；受责难
 负过失的责任；担负过失；承担责任"
take the lead,"v. 率先
 独领风潮；带头；领先"
take the place of,"na. 接替某人的位置
 代替；取代；替代"
take the plunge,"na. 冒险尝试；蛮干；毅然从事
 采取断然行动；孤注一掷；决定冒险一试"
take to heart,"v. 非常关心
 认真；认真关注；对…耿耿于怀"
take to,"na. 嗜好；开始；参加；逃入
 喜欢；从事；喜爱"
take turns,"na. 替换
 轮流；轮流换班；轮流做某事"
take up,"na. 拿起；举起；拾起；给搭(火车等)
 占据；从事；开始"
take your time, 慢慢来；别急，慢慢来；别着急
take ... as,找不到解释
take ... for,找不到解释
take ... for granted,"v. 想当然
 认为…理所当然；视为当然；认为…是理所当然"
take ... into account,"na. 考虑
 把…考虑进去；考虑到；顾及"
take ... into consideration,"v. 顾及
 考虑到；把……考虑进去；予以考虑"
take one's cue from,"na. 得到某人的指点
 听…的劝告；学…的样；学……的样子"
follow one's cue from,找不到解释
take a nap,"na. 睡午觉；打一个瞌睡
 小睡一下；打盹；打个盹"
get a nap,找不到解释
have a nap,"na. 睡午觉；打一个瞌睡
 打个盹；小睡；打盹"
take a hand in,"na. 参加
 插手；帮助；插手某事"
have a hand in,"na. 干与
 参与；插手；参与做"
take interest in,"na. 对…感兴趣
 对…发生兴趣；对什么感兴趣；对…有兴"
take an interest in,"na. 对…感兴趣
 对……感兴趣；对…产生兴趣；过问"
take no interest in,"un. 对…感兴趣；对…毫不感兴趣
 对某物不感兴趣；不感乐趣；对某事没有兴趣"
have interest in, 有兴趣；对……感兴趣；是在某方面有兴趣
have an interest in,"v. 对…有兴趣
 对……感兴趣；对……有爱好；因……而著名"
have no interest in,对…不感兴趣
feel interest in,找不到解释
feel an interest in,找不到解释
feel no interest in,对…不感兴趣
take ... to heart,"v. 非常关心
 认真；认真关注；对…耿耿于怀"
lay ... to heart,找不到解释
talk back,"na. 回嘴；反复重说；反唇相讥
 顶嘴；反驳；对讲"
talk sb. into doing,找不到解释
talk sense,"na. “speak sense”的变体
 讲得合情合理；说正经话；说话有道理"
tangle with, 争吵；纠葛；与…争吵
tear down,"na. 拆毁；扯下；猛冲
 拆除；拆卸；拆除某物"
tear up,"na. 撕碎；连根拔起；扰乱；跑上
 撕毁；撕掉；拔出"
tell a lie,"v. 说谎
 撒谎；说谎话；说慌"
tell sth. apart,找不到解释
tell sb. apart,找不到解释
tend to,"v. 倾向于；有助于
 趋向；趋于；往往"
tend to do, 倾向于做某事；倾向去做某事；倾向做某事
tender for, 出某种面值的钱买；投票做某事
testify to,"v. 证明；证实
 表明；说明；为什么作证"
thanks to,"v. 感谢；幸亏；多亏
 由于；多亏了；归功于"
that is,"na. 即；用于纠正之前说过的内容
 也就是说；那是；那就是说"
i.e.,"adv. 也就是
abbr. （拉丁）即（id est）"
the bulk of,"adj. 大多数；大部分
 的主要部分；大半；大部分的"
the moment,"na. (= as soon as)一…(就)
 这一刻；瞬间；一瞬间"
the moment that, 一…就
the writing is on the wall, 不祥之兆；不祥预兆；结果已经可以预知
there and then,"na. “then and there”的变体
 当时当地；当场；在当时当地"
think about,"un. 思考；探讨；为…费心思；想像
 考虑；回想；思索"
think back to, 回想；回想过去；回忆起
think better of,"na. 经考虑后决定不做(某事)；对…有较高评价
 重新考虑；改变主意；转念"
think highly of,"na. 尊重；评价极高
 看重；器重；高度评价"
think poorly of,"na. 不佩服
 低估；不放在眼里；轻视"
think of ... as,找不到解释
think over,"v. 仔细考虑
 仔细思考；仔细考虑一下；再三考虑"
think through,"na. 仔细考虑；全面考虑
 思考…直到得出结论；想通；彻底地全面考虑"
thirst for,"v. 非常想望
 渴望；热望；渴求"
throw light on,"na. 弄明白
 阐明；解释；说明"
throw light upon, 阐明，使…清楚
throw a light on,"vt.帮助说明,阐明"
throw a light upon,"vt.阐明,有助于说明"
throw away,"na. 抛弃；浪费；拒绝(劝告)；失去(机会)
 扔掉；丢弃；丢掉"
throw off,"na. 摆脱(习惯,拘束等)；抛弃；脱掉(衣服)；甩掉
 扔掉；摆脱掉；扔开"
throw up,"na. 呕吐；抛上；急造；丢弃
 吐出；抛起；举起"
thumb through,"na. 翻查一过
 翻阅；迅速翻阅；翻阅一遍"
tick away,"v. 滴答作响
 使在滴答声中溜走；时光流逝；过去"
tick by,过去滴答声过去
tidy up,"v. 整理干净
 收拾；收拾干净；拾掇"
tie up,"na. 绑；系；包扎；(船只)系泊
 捆；捆绑；占用"
time and again,"na. “time after time”的变体
 一次又一次；一再；屡次"
tip off,"na. 向…透露消息，泄密；暗中通知某人；(把水等从器皿中)倒干净；使…掉下来；杀死
 警告；通风报信；告密"
tire out,"na. 使疲倦到极度
 筋疲力尽；使筋疲力尽；使……十分疲劳"
to a certain degree,"na. 在某种程度上；到某种程度；相当
 在一定程度上；达到一定的程度；某一程度上"
to a certain extent,"na. “to a certain degree”的变体
 在一定程度上；在某种程度上；达到某种程度"
to all intents,找不到解释
to all intents and purposes,"na. 无论从哪一点来看
 实际上；事实上；实质上"
to and fro,"na. 前前后后
 来来回回；来回地；往复地"
to be frank,"na. “to be honest/frank/serious”的变体
 坦率地说；坦白地说；老实说"
to begin with,"na. 首先；本来
 第一；一开始；起初"
to start with,"na. 首先
 第一；作为开始；一开始"
to date,"na. 至今
 到目前为止；迄今；迄今为止"
to excess,"na. (吸烟)过度
 过分；过量；太多"
to one's heart's content,"na. 尽情
 心满意足；尽情地；尽兴"
to one's relief,找不到解释
to some extent,"na. 在某种程度上
 在一定程度上；从某种程度上讲；从某种程度来讲"
to start with,"na. 首先
 第一；作为开始；一开始"
to the best of one's ability,"na. 竭力
 尽力；尽全力；尽量"
to the contrary,"na. 反对地
 意思相反的；相反地；正相反"
to the letter,"na. 严格按照字句；详细知道；了如指掌
 不折不扣；不折不扣地；彻头彻尾"
to the point,"na. 露骨；中肯
 切题；切中要害；扼要"
together with,"na. 和…一起
 连同；和...一起；加之"
tone up,"na. 提高；变强；同“tone”
 加强；增强；增强色调"
top out,"un. 最高达；上部建筑；停止爬升；达到顶点
 落成；顶出；油罐液面与罐顶接触"
top tier, 当之无愧的一流商学院；顶级；顶尖的
touch on,"na. 说到
 涉及；提及；谈及"
touch upon,"与...有关, 涉及..., 提到..., 提及, 谈及"
touch up,"na. 润色；完成；用鞭等轻轻打(马)；轻轻打痛
 修改；锡面修补；补漆"
trace back to,"v. 追溯
 追溯到；追溯往昔；逆水而行"
trail away, 散去; （声音）逐渐变弱
trail off,"na. (声音)逐渐消失；“trail away”的变体
 逐渐变弱；减弱；变小"
trifle with,"un. 玩弄；心不在焉地做；摆弄:；戏弄:
 玩忽；视同儿戏；轻视"
tuck away,"na. 藏起
 畅饮；大嚼；藏起来"
tuck in,"na. 大吃一顿；掖被子；塞入；折进
 塞进；尽情吃；把一端塞进"
tumble to,"v. 领会；了解
 恍然大悟；领悟；明白"
tune in,"na. 调谐；收听；开始
 收看；调入；调准"
tune in to sth.,找不到解释
turn a blind eye to,"na. 对…熟视无睹；假装不见
 对…视而不见；睁一只眼闭一只眼；对…装作不见"
turn a deaf ear to,"na. 充耳不闻；装听不见
 对…充耳不闻；不听；不理睬"
turn about,"na. 转身；立场改变；叛变；叛徒
 向后转；转向；回头"
turn around,"na. 转身；使向好的方向转变
 回转；转过身；转过来"
turn away,"v. 转变方向
 转过脸去；避开；走开"
turn back,"na. 同“turn down ”
 折回；往回走；翻回到"
turn down,"na. 翻下(衣领等)；扭小(灯火等)拒绝考虑；拒绝(某人)
 关小；调低；驳回"
turn into,"v. 变成
 成为；把……变成；变为"
turn off,"v. 关掉
 关上；关闭；解雇"
turn on,"na. 转向；对…进行突击
 打开；接通；开启"
turn one's back on,"na. 不理睬；丢弃；逃出
 背弃；抛弃；拒绝"
turn out,v. （以某种方式）发生；最后是；结果是 （尤指天气突然）变得（晴好） 原来是；结果发现 出席;参加;前去观看关掉，熄灭（电灯、煤气等） 出席;参加;前去观看生产；制造 （尤指把某人从其长期居住处）撵走，赶出，逐出 翻出；倒出 出席；参加；前去观看
turn over,"na. ￡ 500 a week 每星期卖得五百镑
 移交；翻转；翻过来"
turn the corner,"na. 转弯；度过危机；情形好转；拐过街角
 渡过难关；转危为安；拐弯"
turn to,"v. 向(某人)求助；求助于
 转向；变成；翻到"
turn up,"v. 朝上翻；出现
 开大；找到；露面"
twist one's ankle,找不到解释
under any circumstances,"un. 不管怎样；无论如何
 在任何情况下；在无论何种情况下；一个中文词语或英文单词"
under control,"un. 失去控制；被控制住；克制；在控制之下
 处于控制之下；在控制中；受到控制"
under discussion,"un. 正在讨论中
 讨论之中；所谈及的；处于讨论之中"
under no circumstances,"na. 无论如何不
 决不；在任何情况下都不；无论在什么情况下都不要"
under pressure,"un. 在压力下
 在压力之下；处于压力之下；承受压力"
under suspicion,"na. 被怀疑
 疑云密布；受到怀疑；致命情挑"
under way,"na. 进行着；航行中
 在进行中；正在进行之中；正在进行中"
up and down,"na. 忽上忽下；各处；来来去去；升降浮沉
 上上下下；来回；来来往往"
up in the air,"na. 悬而未决的
 在云端；挂在空中；型男飞行日记"
up to,"na. 干(着)；到；胜任；…的责任
 直到；多达；取决于"
use up,"na. 用完；耗尽
 用光；用尽；消耗"
vary from,"v. 不同于；不等于
 从……到……不同；在某方面不同；范围在"
vice versa,"adv. 反之亦然；反过来也一样
 小爸爸大儿子；反过来亦然；反过来的"
view ... as,找不到解释
vote against,"v. 投票反对
 投票反对某人；投反对票；投票反对例句"
vote for,"na. 赞成；建议
 投票赞成；选举；投票选举"
wait for,"na. 等；等待
 等候；动作上的等待；等待某人"
wait on,"v. 等着
 服侍；侍候；伺候"
ward off,"v. 挡开；架开
 避开；防止；挡住"
warm up,"na. 加热；变暖；热中起来；作准备动作
 热身；暖身；热身运动"
warn sb. of sth.,找不到解释
watch out,"na. 当心；留神；小心；提防
 注意；密切注视；监视"
watch over,"na. 监视；留心；看护
 看守；照看；照管"
wave aside,"na. 挥手使站开；挥手拒绝
 置之不理；对…置之不理；不理会"
wave at,朝…挥手(致意)
wave goodbye to, 告别
wear off,"na. (精力)衰退；(衣服等)渐破
 逐渐消失；磨损；渐渐减少"
wear out,"na. 精疲力尽；用坏；穿破；磨破
 磨损；穿坏；穿旧"
wear thin, 逐渐消失；磨薄；减弱
wear well,"na. 经用；显得年轻
 经久耐用；耐穿；经穿"
weed out,"na. 肃清；恣意多取(自己不该分取的利益等)
 清除；除去；淘汰"
weigh down,"na. 使负重担；压迫
 压倒；使…负重担；沉重地压在心头"
weigh up,"na. 称量；称出；重得使另一头翘起来
 估量；掂量；衡量"
weigh ... against,找不到解释
when it comes to, 一谈到；当提到；当谈到
win over,"na. 争取过来
 把…争取过来；战胜；战胜对方"
wind up,结束；使紧张；卷起；（非正式）忽悠某人（wind sb up）；上紧(钟、表等的)发条
wink at,"na. 对…使眼色；假装没看见
 纵容；挤咕；睁只眼"
wipe out,"na. 擦去；遮蔽；遮蔽地域；封闭
 消灭；彻底摧毁；消灭，毁灭"
wish for,"v. 希望；想要
 愿望；希望得到；盼望"
with a pinch of salt,"na. 有保留地
 不全信地"
with a grain of salt,"na. 有保留地；不全信地
 有保留的；半信半疑地；持保留态度"
with a vengeance,"na. 猛烈地；彻底地；过度地
 厉害地；纽约大劫案；虎胆龙威第三集"
with a view to,"prep. 为了
 着眼于；为……起见；以…为目的"
with assurance,"na. 凭自信
 自信地；有把握地；有把握得"
with confidence,"na. 很有把握地
 满怀信心地；自信地；充满信心的"
with ease,"na. 轻易地；容易
 容易地；轻而易举地；不费力"
with great passion,找不到解释
with one accord,"na. 一致地
 异口同声地；同心合意；全体一致地"
with one's consent,找不到解释
with respect to,"na. 考虑到
 关于；至于；有关"
with the exception of,"na. 除…外
 除...之外；除了；除了……之外"
with the help of,"prep. 借助于
 在……的帮助下；在……帮助下；在某人的帮助下"
with the purpose of,"prep. 目的为
 为了；目的是；以…为目的"
with regard to,"na. 关于；对于；为了答复；“in/with regard to”的变体
 至于；就…而言；至于，就"
in regard to,"na. “in regard of”的变体
 关于；至于；对于"
without permission,"na. 未经许可
 未经允许；擅自；为经许可"
without prejudice,"na. 无偏见；不违背；不使(合法权利等)受损害
 无妨碍；不损害；不得用以损害任何一方权益"
without prejudice to, 不损害；在不影响…的情况下；在不损害合法权利的前提下
without restraint,"na. 无拘束地；放纵地
 大肆；自由地；无节制地"
word for word,"adv. 逐字翻译
 逐字的；逐字地；一字不变地"
word by word,"adv. 逐字
 逐字逐句地；逐字地；一个字一个字"
work as, 当；担任；担任…工作
work for,"na. 被…雇用着；为…尽力；参加
 为……工作；为…效力；强调工作"
work off,"v. 渐渐消除
 除去；售出；清理"
work on,"na. 对…有效；动(人,感情等)；向…做工作；左右
 从事；致力于；继续工作"
work out,"v. 作出；拟定；制定；计划一下
 算出；解决；制定出"
work up,"na. 刺激；煽动；刻苦完成；展开(故事的情节)
 激发；激起；逐步引起"
work with,"na. 打动
 与…共事；和…工作；和……一起工作"
worry about,"v. 发愁；担忧；为…发愁；替…担忧
 担心；烦恼；为……担心"
would rather ... than,宁愿...而不愿
wrap up,包裹；圆满完成；（使）穿得暖和（wrap somebody/yourself up）；注意力完全集中于……
write off,"na. 注销(债款等)；报废；提笔就写(文章等)；减低资产账面额
 勾销；取消；冲销"
yield to,"v. 服从；屈服于；弯曲
 对…屈服；顺从；让步"
zeal for,"v. 热心于
 热衷；对……热心；热忱"
