textbook,n. 教科书，课本
conversation,n. 交谈，会话；社交；交往，交际；会谈；（人与计算机的）人机对话
aloud,adv. 大声地；出声地
pronunciation,n. 发音；读法
sentence,"n.  句子，命题；宣判，判决
vt. 判决，宣判"
patient,"n. 病人；患者
adj. 有耐心的，能容忍的"
expression,n. 表现，表示，表达；表情，脸色，态度，腔调，声调；式，符号；词句，语句，措辞，说法
discover,"vi. 发现
vt. 发现；发觉"
secret,"n. 秘密；秘诀；机密
adj. 秘密的；机密的"
look up,"v. 查找；查阅；探望；看望
 向上看；抬头看；仰望"
grammar,n. 语法；语法书
repeat,"n. 重复；副本
vi. 重做；重复发生
vt. 重复；复制；背诵"
note,"n. 笔记；音符；票据；注解；纸币；便笺；照会；调子
vt. 注意；记录；注解"
pal,"n. 朋友，伙伴；同志
vi. 结为朋友"
physics,n. 物理学；物理现象
chemistry,n. 化学；化学过程
memorize,vt. 记住，背熟；记忆
pattern,"n. 模式；图案；样品
vt. 模仿；以图案装饰
vi. 形成图案"
pronounce,"vt. 发音；宣判；断言
vi. 发音；作出判断"
increase,"n. 增加，增长；提高
vt. 增加，加大
vi. 增加，增大；繁殖"
speed,"n. 速度，速率；迅速，快速；昌盛，繁荣
vt. 加快…的速度；使成功，使繁荣
vi. 超速，加速；加速，迅速前行；兴隆"
partner,"n. 伙伴；合伙人；配偶
vt. 使合作；与…合伙
vi. 合伙；合股；成为搭档"
born,"v. 出世（bear的过去分词）
adj. 天生的"
be born with, 天生具有；生而具有；生就
ability,n. 能力，能耐；才能
create,vt. 创造，创作；造成
brain,"n. 头脑，智力；脑袋
vt. 猛击…的头部"
active,"n. 主动语态；积极分子
adj. 积极的；活跃的；主动的；有效的；现役的"
attention,n. 注意力；关心；立正！（口令）
pay attention to,"na. 注意
 重视；对……注意；关心"
connect,"vt. 连接；联合；关连
vi. 连接，连结；联合"
connect ... with,找不到解释
overnight,"adv. 通宵；突然；昨晚
adj. 晚上的；通宵的；前夜的
n. 头天晚上；一夜的逗留
vt. 连夜快递
vi. 过一夜"
review,"n. 回顾；复习；评论；检讨；检阅
vt. 回顾；检查；复审
vi. 回顾；复习功课；写评论"
knowledge,n. 知识，学问；知道，认识；学科
lifelong,adj. 终身的
wisely,adv. 明智地；聪明地；精明地
Annie,找不到解释
Alexander Graham Bell, 贝尔；亚历山大·格雷厄姆·贝尔；亚历山大·贝尔
mooncake,n. 月饼
lantern,n. 灯笼；提灯；灯笼式天窗
stranger,n. 陌生人；外地人；局外人
relative,"n. 亲戚；相关物； 关系词；亲缘植物
adj. 相对的；有关系的；成比例的"
put on,"na. 假话
 穿上；上演；戴上"
pound,"n. 英镑；重击，重击声；兽栏；拘留所
vt. 捣烂；敲打；监禁，拘留
vi. 连续重击，猛击"
folk,"n. 民族；人们；亲属（复数）
adj. 民间的"
goddess,n. 女神，受崇拜的女性
whoever,"pron. 无论谁；任何人
n. 《爱谁谁》（电影名）"
steal,"n. 偷窃；便宜货；偷垒；断球
vt. 剽窃；偷偷地做；偷窃
vi. 窃取；偷偷地行动；偷垒"
lay,"vt. 躺下；产卵；搁放；放置；铺放；涂，敷
adj. 世俗的；外行的；没有经验的
n. 位置；短诗；花纹方向；叙事诗；性伙伴
vi. 下蛋；打赌
v. 躺；位于（lie的过去式）"
lay out,"n. 布局；设计；规划；安排
 布置；摆开；花费"
dessert,n. 餐后甜点；甜点心
garden,"n. 花园；菜园
vt. 栽培花木
vi. 从事园艺；在园中种植"
tradition,n. 惯例，传统；传说
admire,"vt. 钦佩；赞美
vi. 钦佩；称赞"
tie,"n. 领带；平局；鞋带；领结；不分胜负
vi. 打结；不分胜负；被用带（或绳子等）系住
vt. 系；约束；打结；与…成平局"
haunted,"v. 常去；缠住；使担忧（haunt的过去式和过去分词）
adj. 闹鬼的；反复出现的；受到困扰的"
ghost,"n. 鬼，幽灵
vt. 作祟于；替…捉刀；为人代笔
vi. 替人代笔"
trick,"n. 诡计；恶作剧；窍门；花招；骗局；欺诈
adj. 特技的；欺诈的；有决窍的
vt. 欺骗；哄骗；装饰；打扮
vi. 哄骗；戏弄"
treat,"n. 请客；款待
vi. 探讨；请客；协商
vt. 治疗；对待；探讨；视为"
spider,n. 蜘蛛；设圈套者；三脚架
Christmas,n. 圣诞节；圣诞节期间
lie,"vi. 躺；说谎；位于；展现
vt. 谎骗
n. 谎言；位置"
novel,"adj. 新奇的；异常的
n. 小说"
eve,n. 前夕；傍晚；重大事件关头
dead,"n. 死者
adj. 无生命的；呆板的；废弃了的
adv. 完全地"
business,n. 商业； 生意； 交易；事情
punish,"vt. 惩罚；严厉对待；贪婪地吃喝
vi. 惩罚"
warn,"vt. 警告，提醒；通知
vi. 发出警告，发出预告"
end up,"na. 结束；完事；死；直立着
 告终；竖着；最终成为"
present,"n. 现在；礼物；瞄准
adj. 现在的；出席的
vt. 提出；介绍；呈现；赠送
vi. 举枪瞄准"
warmth,n. 温暖；热情；激动
spread,"n. 传播；伸展
adj. 伸展的
vt. 传播，散布；展开；伸展；铺开
vi. 传播；伸展"
Macao,n. 澳门
Chiang Mai,"n. 清迈
 清迈府；泰国清迈；清迈省"
Water Festival,找不到解释
Mid-Autumn Festival,找不到解释
Mother's Day,"na. (美国和加拿大的)母亲节
 第二个星期日母亲节；月的第二个星期日；月第二个星期日"
Father's Day,"na. 父亲节(每年六月的第三个星期日)
 第三个星期日父亲节；异趣父亲节；父亲忌日"
Halloween,n. 万圣节前夕（指十月三十一日夜晚）
A Christmas Carol, 圣诞颂歌；小气财神；圣诞欢歌
Easter,n. 复活节
Clara,找不到解释
Santa Claus,"n. 身着红衣
 圣诞老人；圣诞老公公；圣诞老人的由来"
Charles Dickens, 狄更斯；查尔斯·狄更斯；英国大文豪狄更斯
Scrooge,找不到解释
Jacob Marley, 雅各布·马利；马里；埃比尼泽•斯克鲁奇
restroom,n. 厕所；洗手间
stamp,"n. 邮票；印记；标志；跺脚
vt. 铭记；标出；盖章于…；贴邮票于…；用脚踩踏
vi. 跺脚；捣碎；毁掉"
bookstore,n. 书店（等于bookshop）
beside,prep. 在旁边；与…相比；和…无关
postcard,n. 明信片
pardon,"n. 原谅；赦免；宽恕
vt. 原谅；赦免；宽恕"
washroom,n. 洗手间；盥洗室；厕所
bathroom,n. 浴室；厕所；盥洗室
normally,adv. 正常地；通常地，一般地
rush,"n. 冲进；匆促；急流；灯心草
adj. 急需的
vt. 使冲；突袭；匆忙地做；飞跃
vi. 冲；奔；闯；赶紧；涌现"
suggest,vt. 提议，建议；启发；使人想起；显示；暗示
pass by,"na. 经过；不过问；打…旁边过去；通用(…这个名字)
 路过；走过；忽略"
staff,"n. 职员；参谋；棒；支撑
adj. 职员的；行政工作的
vt. 供给人员；给…配备职员
vi. 雇用工作人员"
grape,n. 葡萄；葡萄酒；葡萄树；葡萄色
central,"n. 电话总机
adj. 中心的；主要的；中枢的"
nearby,"adj. 附近的，邻近的
adv. 在附近
prep. 在…附近"
pardon me, 对不起；原谅我；请原谅
mail,"n. 邮件；邮政，邮递；盔甲
vt. 邮寄；给…穿盔甲
vi. 邮寄；寄出"
east,"n. 东方；东风；东方国家
adj. 东方的；向东的；从东方来的
adv. 向东方，在东方"
fascinating,"adj. 迷人的；吸引人的；使人神魂颠倒的
v. 使…着迷；使…陶醉（fascinate的ing形式）"
inexpensive,adj. 便宜的
uncrowded,adj. 宽敞的；不拥挤的
convenient,adj. 方便的；适当的；近便的；实用的
mall,n. 购物商场；林荫路；铁圈球场
clerk,"n. 职员，办事员；店员；书记；记账员；<古>牧师，教士
vi. 当销售员，当店员；当职员"
corner,"n. 角落，拐角处；地区，偏僻处；困境，窘境
vt. 垄断；迫至一隅；使陷入绝境；把…难住
vi. 囤积；相交成角"
politely,adv. 有礼貌地；客气地；委婉地；殷勤地
request,"n. 请求；需要
vt. 要求，请求"
direction,n. 方向；指导；趋势；用法说明
correct,"adj. 正确的；恰当的；端正的
vt. 改正；告诫
vi. 调整；纠正错误"
polite,adj. 有礼貌的，客气的；文雅的；上流的；优雅的
direct,"adj. 直接的；直系的；亲身的；恰好的
vt. 管理；指挥；导演；指向
adv. 直接地；正好；按直系关系
vi. 指导；指挥"
speaker,n. 演讲者；扬声器；说话者；说某种语言的人
whom,pron. 谁（who的宾格）
impolite,adj. 无礼的；粗鲁的
address,"n. 地址；演讲；致辞；说话的技巧；称呼
vt. 演说；从事；忙于；写姓名地址；向…致辞；与…说话；提出；处理"
underground,"n. 地下；地铁；地道；地下组织；秘密活动；先锋派团体
adj. 地下的；秘密的；先锋派的
adv. 在地下；秘密地"
parking lot,"n. 停车场
 停车处；停车位；平面停车场"
course,"n. 科目；课程；过程；进程；道路；路线，航向；一道菜
vt. 追赶；跑过
vi. 指引航线；快跑"
Italian,"n. 意大利人；意大利语
adj. 意大利的；意大利文化的；意大利语的"
Tim,找不到解释
humorous,adj. 诙谐的，幽默的；滑稽的，可笑的
silent,"n. 无声电影
adj. 沉默的；寂静的；无记载的"
helpful,adj. 有帮助的；有益的
from time to time,"na. 时时
 有时；不时；不时地"
score,"n. 分数；二十；配乐；刻痕
vt. 获得；评价；划线，刻划；把…记下
vi. 得分；记分；刻痕"
background,"n. 背景；隐蔽的位置
adj. 背景的；发布背景材料的
vt. 作…的背景"
interview,"n. 接见，采访；面试，面谈
vt. 采访；接见；对…进行面谈；对某人进行面试"
Asian,"n. 亚洲人
adj. 亚洲的；亚洲人的"
deal,"n. 交易；（美）政策；待遇；份量
vi. 处理；讨论；对待；做生意
vt. 处理；给予；分配；发牌"
deal with,"na. 办理；对待；与…交涉；与…交易
 处理；对付；应付"
shyness,n. 羞怯
dare,"n. 挑战；挑动
vt. 敢冒；不惧
vi. 敢；胆敢"
crowd,"n. 群众,一伙;一堆,许多,大众
v. 拥挤,挤满,挤进
vt. 挤满,将...塞进;催促,催逼
vi. 挤,拥挤,聚集"
ton,n. 吨；很多，大量
private,"n. 列兵；二等兵
adj. 私人的；私有的；私下的"
guard,"n. 守卫；警戒；护卫队；防护装置
vi. 警惕
vt. 保卫；监视"
require,vt. 需要；要求；命令
European,"n. 欧洲人
adj. 欧洲的；欧洲人的"
African,"n. 非洲人
adj. 非洲的，非洲人的"
British,"n. 英国人
adj. 英国的；英国人的；大不列颠的"
speech,n. 演讲；讲话； 语音；演说
public,"n. 公众；社会；公共场所
adj. 公众的；政府的；公用的；公立的"
in public,"na. 公然
 当众；公开地；在公共场合"
ant,n. 蚂蚁
insect,n. 昆虫；卑鄙的人
seldom,adv. 很少，不常
influence,"n. 影响；势力；感化；有影响的人或事
vt. 影响；改变"
absent,"adj. 缺席的；缺少的；心不在焉的；茫然的
vt. 使缺席"
fail,"n. 不及格
vi. 失败，不及格；破产；缺乏；衰退
vt. 不及格；使失望；忘记；舍弃"
examination,n. 考试；检查；查问
boarding school,"n. 寄宿学校
 寄宿制学校；寄宿中学；寄宿制私立中学"
in person,"na. 亲自；身体上；外貌上
 本人；当面；亲自上阵"
exactly,adv. 恰好地；正是；精确地；正确地
pride,"n. 自豪；骄傲；自尊心
vt. 使得意，以…自豪
vi. 自豪"
take pride in,"na. 以…自豪；对…感到满意
 对…感到自豪；以……为自豪；骄傲"
proud,adj. 自豪的；得意的；自负的
be proud of,"na. 以…自豪
 为…自豪；骄傲；以……为骄傲"
general,"n. 一般；将军，上将；常规
adj. 一般的，普通的；综合的；大体的"
introduction,n. 介绍；引进；采用；入门；传入
Paula,找不到解释
Alfred,找不到解释
Billy,找不到解释
Candy,找不到解释
Jerry,找不到解释
Emily,找不到解释
chopstick,n. 筷子
coin,"n. 硬币，钱币
vt. 铸造（货币）；杜撰，创造"
fork,"n. 叉；餐叉；耙
vt. 叉起；使成叉状
vi. 分叉；分歧"
blouse,"n. 宽松的上衣；女装衬衫
vt. 使…宽松下垂
vi. 宽松下垂"
silver,"n. 银；银器；银币；银质奖章；餐具；银灰色
adj. 银的；含银的；有银色光泽的；口才流利的；第二十五周年的婚姻
vt. 镀银；使有银色光泽
vi. 变成银色"
glass,"n. 玻璃；玻璃制品；镜子
vt. 反映；给某物加玻璃
vi. 成玻璃状"
cotton,"n. 棉花；棉布；棉线
adj. 棉的；棉制的
vi. 一致；理解；和谐；亲近"
steel,"n. 钢铁；钢制品；坚固
adj. 钢制的；钢铁业的；坚强的
vt. 钢化；使冷酷"
fair,"n. 展览会；市集；美人
adj. 公平的；美丽的，白皙的； 晴朗的
vi. 转晴
adv. 公平地；直接地；清楚地"
environmental,adj. 环境的，周围的；有关环境的
grass,"n. 草；草地，草坪
vt. 放牧；使……长满草；使……吃草
vi. 长草"
leaf,"n. 叶子；（书籍等的）一张；扇页
vi. 生叶；翻书页
vt. 翻…的页，匆匆翻阅"
produce,"n. 农产品，产品
vt. 生产；引起；创作；生育，繁殖
vi. 生产，创作"
widely,adv. 广泛地
be known for,"un. 公认；闻名；以…著称
 因…而出名；因为…而出名；以……著称"
process,"n. 过程，进行；方法，步骤；作用；程序；推移
adj. 经过特殊加工（或处理）的
vt. 处理；加工
vi. 列队前进"
pack,"n. 包装；一群；背包；包裹；一副
vt. 包装；压紧；捆扎；挑选；塞满
vi. 挤；包装货物；被包装；群集"
product,n. 产品；结果； 乘积；作品
France,n. 法国；法郎士（姓氏）
no matter,"na. 没事儿
 无论；不管；不论"
local,"n.  局部；当地居民；本地新闻
adj. 当地的；局部的；地方性的；乡土的"
brand,"n. 商标，牌子；烙印
vt. 铭刻于，铭记；打烙印于；印…商标于"
avoid,vt. 避免；避开，躲避；消除
handbag,n. 手提包
mobile,"adj. 可移动的；机动的；易变的；非固定的
n. 运动物体"
everyday,"n. 平时；寻常日子
adj. 每天的，日常的"
boss,"n. 老板；首领；工头
vt. 指挥，调遣；当…的领导
vi. 当首领，发号施令"
Germany,n. 德国
surface,"n. 表面；表层；外观
adj. 表面的，肤浅的
vt. 使浮出水面；使成平面
vi. 浮出水面"
material,"adj. 重要的；物质的，实质性的；肉体的
n. 材料，原料；物资；布料"
traffic,"n. 交通；运输；贸易； 通信量
vt. 用…作交换；在…通行
vi. 交易，买卖"
postman,n. 邮递员；邮差
cap,"n. 盖；帽子
vt. 覆盖；胜过；给…戴帽；加盖于
vi. 脱帽致意"
glove,"n. 手套
vt. 给…戴手套"
international,"n. 国际组织；国际体育比赛；外国居留者；国际股票
adj. 国际的；两国（或以上）国家的；超越国界的；国际关系的；世界的"
competitor,n. 竞争者，对手
its,pron. 它的
form,"n. 形式，形状；形态，外形；方式；表格
vt. 构成，组成；排列，组织；产生，塑造
vi. 形成，构成；排列"
clay,"n.  粘土；泥土；肉体；似黏土的东西
vt. 用黏土处理"
celebration,n. 庆典，庆祝会；庆祝；颂扬
balloon,"n. 气球
adj. 像气球般鼓起的
vt. 使像气球般鼓起；使激增
vi. 激增；膨胀如气球"
paper cutting,"n. 剪纸(艺术)
 中国的剪纸艺术；窗花剪纸；剪纸作品"
scissors,"n. 剪刀；剪式跳法
v. 剪开；删除（scissor的第三人称单数）"
lively,adj. 活泼的；生动的；真实的；生气勃勃的
fairy tale,"n. 童话故事；虚构的故事；妄言
 神话；神话故事；说谎"
historical,adj. 历史的；史学的；基于史实的
heat,"n. 高温；压力；热度；热烈
vt. 使激动；把…加热"
polish,找不到解释
complete,"adj. 完整的；完全的；彻底的
vt. 完成"
Korea,n. 韩国；朝鲜
Switzerland,n. 瑞士（欧洲国家）
San Francisco,"n. 旧金山
 三藩市；圣弗朗西斯科；美国旧金山"
Marcus,n.  大铁锤
Pam,找不到解释
heel,"n. 脚后跟；踵
vt. 倾侧
vi. 倾侧"
scoop,"n. 勺；铲子；独家新闻；凹处
vt. 掘；舀取；抢先获得；搜集"
electricity,n. 电力；电流；强烈的紧张情绪
style,"n. 风格；时尚；类型；字体
vt. 设计；称呼；使合潮流
vi. 设计式样；用刻刀作装饰画"
project,"n. 工程；计划；事业
vt. 设计；计划；发射；放映
vi. 设计；计划；表达；投射"
pleasure,"n. 快乐；希望；娱乐；令人高兴的事
vt. 使高兴；使满意
vi. 高兴；寻欢作乐"
zipper,  齐珀
zip,"n. 拉链; 精力，活力; 尖啸声; 一种程序压缩格式
vt. 给予…速度; 用拉链拉上或扣上
vt.& vi. 尖啸而过; （使沿某方向）快速移动"
daily,"n. 日报；朝来夜去的女佣
adj. 日常的；每日的
adv. 日常地；每日；天天"
have a point, 有道理；很有道理；有点道理
website,n. 网站（全球资讯网的主机站）
pioneer,"n. 先锋；拓荒者
vt. 开辟；倡导；提倡
vi. 作先驱"
list,"n.  列表；清单；目录
vi. 列于表上
vt. 列出；记入名单内"
mention,"vt. 提到，谈到；提及，论及；说起
n. 提及，说起"
accidental,"n. 次要方面；非主要的特性；临时记号
adj. 意外的；偶然的；附属的；临时记号的"
by accident,"na. 偶然 (opp. on purpose)
 偶然地；意外；不小心"
ruler,n. 尺；统治者； 划线板，划线的人
boil,"n. 沸腾，煮沸；疖子
vt. 煮沸，烧开；使…激动；使…蒸发
vi. 煮沸，沸腾；激动，激昂"
remain,"n. 遗迹；剩余物，残骸
vi. 保持；依然；留下；剩余；逗留；残存"
smell,"n. 气味，嗅觉；臭味
vt. 嗅，闻；察觉到；发出…的气味
vi. 嗅，闻；有…气味"
saint,找不到解释
national,"adj. 国家的；国民的；民族的；国立的
n. 国民"
trade,"n. 贸易，交易；行业；职业
vt. 用…进行交换
vi. 交易，买卖；以物易物"
take place,"na. 发生；举行
 产生；多指通过人为安排的发生；进行"
popularity,n. 普及，流行；名气；受大众欢迎
doubt,"n. 怀疑；疑问；疑惑
v. 怀疑；不信；恐怕；拿不准"
without doubt,"na. 无疑
 毫无疑问；毫无疑问地；无疑地"
fridge,n. 电冰箱
low,"adj. 低的，浅的；卑贱的；粗俗的；消沉的
adv. 低声地；谦卑地，低下地
n. 低；低价；低点；牛叫声
vi. 牛叫"
somebody,"n. 大人物；重要人物
pron. 有人；某人"
translate,"vt. 翻译；转化；解释；转变为；调动
vi. 翻译"
lock,"vt. 锁，锁上；隐藏
vi. 锁；锁住；卡住
n. 锁；水闸；刹车"
ring,"n. 戒指；铃声，钟声；拳击场；环形物
vi. 按铃；敲钟；回响；成环形
vt. 按铃；包围；敲钟；套住"
earthquake,n. 地震；大动荡
sudden,"n. 突然发生的事
adj. 突然的，意外的；快速的"
all of a sudden,"na. “all at once”的变体；突然
 突然地；惊变；忽然"
bell,"n. 铃，钟；钟声，铃声；钟状物
vt. 装钟于，系铃于
vi. 鸣钟；成钟状鼓起"
biscuit,n. 小点心，饼干
cookie,n. 饼干；小甜点
musical,"adj. 音乐的；悦耳的
n. 音乐片"
instrument,n. 仪器；工具；乐器；手段；器械
crispy,adj. 酥脆的；易碎的；干净利落的；生气勃勃的
salty,adj. 咸的；含盐的
sour,"n. 酸味；苦事
adj. 酸的；发酵的；刺耳的；酸臭的；讨厌的
vt. 使变酸；使失望
vi. 发酵；变酸；厌烦"
by mistake,"na. 因错误
 错误地；错误的；错拿某物"
customer,n. 顾客；家伙
the Olympics, 奥运会；奥林匹克运动会；奥运风采
Canadian,"n. 加拿大人
adj. 加拿大（人）的"
divide,"n.  分水岭，分水线
vt. 划分；除；分开；使产生分歧
vi. 分开；意见分歧"
divide ... into,找不到解释
basket,"n. 篮子；（篮球比赛的）得分；一篮之量；篮筐
vt. 装入篮"
not only ... but also ...,找不到解释
look up to,"v. 尊敬；另眼看待；向…一举一动看齐
 敬仰；仰望；尊重"
hero,n. 英雄；男主角，男主人公
professional,"n. 专业人员；职业运动员
adj. 专业的；职业的；职业性的"
nearly,adv. 差不多，几乎；密切地
Berlin,n. 柏林
NBA,找不到解释
National Basketball Association,"un. 全国篮球协会
 国家篮球协会；全美篮球协会；美国职业篮球联赛"
CBA,找不到解释
China Basketball Association,找不到解释
Roy,找不到解释
Whitcomb Judson,找不到解释
Ruby,找不到解释
Thomas Watson,找不到解释
George Crum,找不到解释
James Naismith, 奈史密斯；詹姆斯·奈史密斯；詹姆士奈史密斯
license,"n. 执照，许可证；特许
vt. 许可；特许；发许可证给"
licence,"n. 许可证，执照；特许
vt. 特许，许可；发给执照"
safety,n. 安全；保险；安全设备；保险装置；安打
smoke,"n. 烟；抽烟；无常的事物
vt. 吸烟；抽
vi. 冒烟，吸烟；抽烟；弥漫"
part-time,"adj. 兼职的；部分时间的
adv. 兼职地；用部分时间地"
pierce,"vt. 刺穿；洞察；响彻；深深地打动
vi. 进入；透入"
earring,"n. 耳环，耳饰
v. 抽穗；听见（ear的ing形式）"
flash,"n. 闪光，闪现；一瞬间
adj. 闪光的，火速的
vt. 使闪光；反射
vi. 闪光，闪现；反射"
tiny,adj. 微小的；很少的
cry,"n. 叫喊；叫声；口号；呼叫
vi. 哭；叫；喊
vt. 叫喊；哭出；大声说"
field,"n. 领域；牧场；旷野；战场；运动场
adj. 扫描场；田赛的；野生的
vt. 把暴晒于场上；使上场
vi. 担任场外队员"
hug,"n. 拥抱；紧抱；固执
vi. 拥抱；紧抱在一起；挤在一起
vt. 拥抱；紧抱；抱有，坚持"
lift,"vt. 举起；提升；鼓舞；空运；抄袭
vi. 消散；升起；耸立
n. 电梯；举起；起重机；搭车"
badly,adv. 非常，很；严重地，厉害地；恶劣地
talk back,"na. 回嘴；反复重说；反唇相讥
 顶嘴；反驳；对讲"
awful,adj. 可怕的；极坏的；使人敬畏的
teen,"n. 青少年（等于teenager）；愤怒；悲哀
adj. 十几岁的（等于teenaged）"
regret,"n. 遗憾；抱歉；悲叹
vi. 感到后悔；感到抱歉
vt. 后悔；惋惜；哀悼"
poem,n. 诗
community,n. 社区； 群落；共同体；团体
keep ... away from,找不到解释
chance,"n. 机会，际遇；运气，侥幸；可能性
vt. 偶然发生；冒……的险
vi. 碰巧；偶然被发现"
make one's own decision,找不到解释
educate,"vt. 教育；培养；训练
vi. 教育；训练"
manage,"vt. 管理；经营；控制；设法
vi. 处理；应付过去"
society,n. 社会；交往；社团；社交界
get in the way of, 妨碍；碍事，妨碍；阻碍
support,"n. 支持，维持；支援，供养；支持者，支撑物
vt. 支持，支撑，支援；扶持，帮助；赡养，供养"
enter,"n.  输入；回车
vt. 进入；开始；参加
vi. 参加，登场；进去"
choice,"n. 选择；选择权；精选品
adj. 精选的；仔细推敲的"
Picasso,n. 毕加索(法国画家)
whose,pron. 谁的（疑问代词）
truck,"n. 卡车；交易；手推车
adj. （美）运货汽车的
vt. 交易；以卡车运输
vi. 驾驶卡车；以物易物"
picnic,"n. 野餐
vi. 去野餐"
rabbit,"n. 兔子，野兔
vt. 让…见鬼去吧
vi. 猎兔"
attend,"vi. 出席；致力于；照料；照顾
vt. 出席；上（大学等）；照料；招待；陪伴"
valuable,"n. 贵重物品
adj. 有价值的；贵重的；可估价的"
pink,"n. 粉红色；化身，典范；石竹花；头面人物
adj. 粉红的；比较激进的；石竹科的；脸色发红的
vt. 扎，刺，戳；使…变粉红色；使…面红耳赤
vi. 变粉红色"
anybody,"n. 重要人物
pron. 任何人"
happening,"n. 事件；意外发生的事
v. 发生；碰巧（happen的ing形式）"
noise,"n.  噪音；响声；杂音
vt. 谣传
vi. 发出声音；大声议论"
policeman,n. 警察，警员； 淀帚（橡皮头玻璃搅棒）
wolf,"n. 狼；色狼；残忍贪婪之人
vt. 大吃；狼吞虎咽地吃"
uneasy,adj. 不舒服的；心神不安的；不稳定的
laboratory,n. 实验室，研究室
outdoors,"adv. 在户外
n. 户外
adj. 户外的（等于outdoor）"
coat,"n. 外套
vt. 覆盖…的表面"
sleepy,adj. 欲睡的；困乏的；不活跃的
land,"n. 国土；陆地；地面
vt. 使…登陆；使…陷于；将…卸下
vi. 登陆；到达"
alien,"n. 外国人，外侨；外星人
adj. 外国的；相异的，性质不同的；不相容的
vt. 让渡，转让"
run after,"na. 追求；追赶；追捕
 追逐；在……之后跑；跟在后面跑"
suit,"n. 诉讼；恳求；套装，西装；一套外衣
vt. 适合；使适应
vi. 合适；相称"
express,"n. 快车，快递，专使；捷运公司
vt. 表达；快递
adj. 明确的；迅速的；专门的"
at the same time,"na. 同时；另一方面；与此同时
 然而；在同时；可是"
circle,"n. 循环，周期；圆；圈子；圆形物
vt. 画圆圈；环绕…移动
vi. 盘旋，旋转；环行"
Britain,n. 英国；不列颠
Great Britain,"n. 大不列颠（包括英格兰、苏格兰和威尔士）
 英国；大不列颠岛；大英帝国"
mystery,n. 秘密，谜；神秘，神秘的事物；推理小说，推理剧；常作 mysteries 秘技，秘诀
receive,"vt. 收到；接待；接纳
vi. 接收"
historian,n. 历史学家
leader,n. 领导者；首领；指挥者
midsummer,"n. 仲夏；盛夏；夏至
adj. 仲夏的"
medical,"adj. 医学的；药的；内科的
n. 医生；体格检查"
purpose,"n. 目的；用途；意志
vt. 决心；企图；打算"
prevent,"vt. 预防，防止；阻止
vi. 妨碍，阻止"
energy,n.  能量；精力；活力；精神
position,"n. 位置，方位；职位，工作；姿态；站位
vt. 安置；把……放在适当位置"
burial,"n. 埋葬；葬礼；弃绝
adj. 埋葬的"
honor,"n. 荣誉；信用；头衔
vt. 尊敬（等于honour）；给…以荣誉"
honour,"n. 荣誉；尊敬；勋章
vt. 尊敬； 承兑；承兑远期票据"
ancestor,n. 始祖，祖先；被继承人
victory,n. 胜利；成功；克服
enemy,"n. 敌人，仇敌；敌军
adj. 敌人的，敌方的"
period,"n. 周期，期间；时期；月经；课时；（语法学）句点，句号
adj. 某一时代的"
Stonehenge,n. 巨石阵；史前时期巨大石柱群
Carla,找不到解释
J.K.Rowling,找不到解释
Victor,找不到解释
Jean,找不到解释
Paul Stoker,找不到解释
prefer,"vt. 更喜欢；宁愿；提出；提升
vi. 喜欢；愿意"
lyrics,n. 歌词；抒情诗（lyric的复数）
Australian,"adj. 澳大利亚的，澳大利亚人的
n. 澳大利亚人"
electronic,"adj. 电子的
n. 电子电路；电子器件"
suppose,"conj. 假使…结果会怎样
vt. 假设；认为；让（虚拟语气）；推想
vi. 猜想；料想"
smooth,"n. 平滑部分；一块平地
adj. 顺利的；光滑的；平稳的
vt. 使光滑；消除（障碍等）；使优雅；缓和
adv. 光滑地；平稳地；流畅地
vi. 变平静；变平滑"
spare,"n. 剩余；备用零件
vt. 节约，吝惜；饶恕；分出，分让
adj. 多余的；瘦的；少量的
vi. 饶恕，宽恕；节约"
director,n. 主任，主管；导演；人事助理
case,"n. 情况；实例；箱
vt. 包围；把…装于容器中"
in that case,"na. 既然是那样
 既然那样；如果是那样的话；如果那样的话"
war,"n. 战争，斗争；军事，战术；冲突，对抗，竞争
vi. 打仗，作战；对抗"
stick,"n. 棍；手杖；呆头呆脑的人
vi. 坚持；伸出；粘住
vt. 刺，戳；伸出；粘贴"
stick to,"na. 忠于
 坚持；粘住；遵守"
down,"prep. 沿着，往下
n. 软毛，绒毛； 开阔的高地
adj. 向下的
vt. 打倒，击败
adv. 向下，下去；在下面
vi. 下降；下去"
dialog,n. 对话；会话
dialogue,"n. 对话；意见交换
vt. 用对话表达
vi. 对话"
ending,n. 结局；结尾
documentary,"n. 纪录片
adj. 记录的；文件的；记实的"
drama,n. 戏剧，戏剧艺术；剧本；戏剧性事件
plenty,"n. 丰富，大量；充足
adj. 足够的，很多的
adv. 足够"
plenty of,"na. 很多的
 许多；大量的；充足的"
shut,"n. 关闭
adj. 关闭的；围绕的
vi. 关上；停止营业
vt. 关闭；停业；幽禁"
shut off,"na. 阻断；使隔开
 关掉；切断；关闭"
superhero,n. 超级英雄
once in a while,偶尔；有时（等于every once in a while）
intelligent,adj. 智能的；聪明的；理解力强的
sense,"n. 感觉，功能；观念；道理；理智
vt. 感觉到；检测"
sadness,n. 悲哀
pain,"n. 疼痛；努力
vt. 使…痛苦；使…烦恼
vi. 感到疼痛；引起疼痛"
reflect,"vt. 反映；反射，照出；表达；显示;反省
vi. 反射，映现；深思"
moving,"adj. 移动的；动人的；活动的
v. 移动（move的ing形式）"
perform,"vt. 执行；完成；演奏
vi. 执行，机器运转；表演"
lifetime,"n. 一生；寿命；终生；使用期
adj. 一生的；终身的"
pity,"n. 怜悯，同情；遗憾
vt. 对……表示怜悯；对……感到同情"
total,"n. 总数，合计
adj. 全部的；完全的；整个的
vt. 总数达
vi. 合计"
in total,"adv. 全部；完全
 总共；总计；一共"
master,"vt. 控制；精通；征服
n. 硕士；主人；大师；教师
adj. 主人的；主要的；熟练的"
praise,"n. 赞扬；称赞；荣耀；崇拜
vt. 赞美，歌颂；表扬
vi. 赞美；赞扬"
recall,"n. 召回；回忆；撤消
vt. 召回；回想起，记起；取消"
wound,"n. 创伤，伤口
vt. 使受伤
vi. 受伤，伤害"
painful,adj. 痛苦的；疼痛的；令人不快的
World War II,"na. 第二次世界大战(1939-1945)
 二战；二次大战；年，二战期间"
Men in Black, 黑衣人；黑超特警组；星际战警
Kung Fu Panda,找不到解释
Titanic,"adj. 巨大的；四价钛的
n. 泰坦尼克号"
March of the Penguins,找不到解释
Spider-Man, 蜘蛛侠
Carmen,找不到解释
Dan Dervish,找不到解释
custom,"n. 习惯，惯例；风俗；海关，关税；经常光顾；（经常性的）顾客
adj. （衣服等）定做的，定制的"
bow,"n. 弓；鞠躬；船首
adj. 弯曲的
vi. 鞠躬；弯腰
vt. 鞠躬；弯腰"
kiss,"vt. 吻；（风等）轻拂
vi. 接吻；（风等）轻触
n. 吻；轻拂"
greet,vt. 欢迎，迎接；致敬，致意；映入眼帘
relaxed,"v. relax的过去式和过去分词
adj. 松懈的，放松的；悠闲的，自在的；不严格的，不拘束的"
value,"n. 值；价值；价格；重要性；确切涵义
vt. 评价；重视；估价"
drop by,"na. 随便访问一下
 顺便拜访；顺道拜访；非正式访问"
capital,"n. 首都，省会；资金；大写字母；资本家
adj. 首都的；重要的；大写的"
after all,"na. 毕竟；终究；最后
 究竟；到底；终于"
noon,n. 中午；正午；全盛期
mad,"adj. 疯狂的；发疯的；愚蠢的；着迷的
n. 狂怒"
get mad,"v. 发怒
 发疯；变疯；生气"
effort,n. 努力；成就
make an effort,"na. 努力作出
 作出努力；做出努力；尽一番努力"
passport,n. 护照，通行证；手段
clean ... off,找不到解释
chalk,"n. 粉笔；白垩；用粉笔划的记号
adj. 用粉笔写的
vt. 用粉笔写；用白垩粉擦；记录；规划
vi. 变成白垩状"
blackboard,n. 黑板
northern,"adj. 北部的；北方的
n. 北部方言"
coast,"n. 海岸；滑坡
vt. 沿…岸航行
vi. 滑行；沿岸航行"
season,"n. 时期；季节；赛季
vt. 给…调味；使适应
vi. 变得成熟；变干燥"
knock,"vi. 敲；打；敲击
vt. 敲；打；敲击；批评
n. 敲；敲打；爆震声"
eastern,"n. 东方人；（美国）东部地区的人
adj. 东方的；朝东的；东洋的"
take off,"v. (飞机)起飞；出去；拿掉；移送
 脱下；脱掉；脱去"
worth,"n. 价值；财产
adj. 值…的"
manner,n. 方式；习惯；种类；规矩；风俗
empty,"n. 空车；空的东西
adj. 空的；无意义的；无知的；徒劳的
vt. 使失去；使…成为空的
vi. 成为空的；流空"
basic,"n. 基础；要素
adj. 基本的；基础的"
exchange,"n. 交换；交流；交易所；兑换
vt. 交换；交易；兑换
vi. 交换；交易；兑换"
go out of one's way,"na. 绕弯儿走；不怕麻烦；特地；故意
 特别费心；特地做；想尽办法"
make ... feel at home,找不到解释
teenage,"n. 青少年时期
adj. 青少年的；十几岁的"
granddaughter,n. 孙女；外孙女
behave,"vi. 表现；（机器等）运转；举止端正；（事物）起某种作用
vt. 使守规矩；使表现得…"
except,"conj. 除了；要不是
prep. 除…之外
vt. 不计；把…除外
vi. 反对"
elbow,"n. 肘部；弯头；扶手
vt. 推挤；用手肘推开"
gradually,adv. 逐步地；渐渐地
get used to,"na. 变得习惯于
 习惯於；适应；习惯一件事情的过程"
suggestion,n. 建议；示意；微量，细微的迹象
Brazil,n. 巴西（拉丁美洲国家）
Mexico,n. 墨西哥
Cali,找不到解释
Colombia,n. 哥伦比亚（拉丁美洲国家）
Lausanne,n. 洛桑市（瑞士一城市名）
Norway,n. 挪威（北欧国家名）
Maria,"n. 母驴；母马
海(指月亮、火星表面的阴暗部分)"
Katie,找不到解释
Sato,找不到解释
Marie,找不到解释
Teresa Lopez,找不到解释
Marc LeBlanc,找不到解释
rather,"adv. 宁可，宁愿；相当
int. 当然啦（回答问题时用）"
would rather,"na. 宁愿
 宁可；宁可…也不；宁肯"
drive,"n. 驱动器；驾车； 内驱力，推进力；快车道
vi. 开车；猛击；飞跑
vt. 推动，发动（机器等）；驾驶（马车，汽车等）；驱赶"
drive sb. crazy, 受不了；使…发疯；怒火狂飙
drive sb. mad,un. 变疯
the more ... the more ...,找不到解释
lately,adv. 近来，不久前
be friends with sb.,找不到解释
leave out,"na. 遗漏；忽略；(告诉某人)停下来
 省去；省略；不考虑"
friendship,n. 友谊；友爱；友善
king,"n. 国王；最有势力者；王棋
vi. 统治；做国王
vt. 立…为王
adj. 主要的，最重要的，最大的"
power,"n. 力量，能力；电力，功率；政权，势力； 幂
adj. 借影响有权势人物以操纵权力的
vt. 激励；供以动力；使…有力量
vi. 快速前进"
prime,"n. 初期；青年；精华；全盛时期
adj. 主要的；最好的；基本的
vt. 使准备好；填装
vi. 作准备
adv. 极好地"
minister,"n. 部长；大臣；牧师
vi. 执行牧师职务；辅助或伺候某人"
prime minister,"n. 首相；总理
 丞相；宰相；英国首相"
banker,n. 银行家；银行业者；掘土工
fame,"n. 名声，名望；传闻，传说
vt. 使闻名，使有名望"
pale,"n. 前哨；栅栏；范围
adj. 苍白的；无力的；暗淡的
vt. 使失色；使变苍白；用栅栏围
vi. 失色；变苍白；变得暗淡"
queen,"n. 女王，王后；（纸牌中的）皇后；（蜜蜂等的）蜂王
vt. 使…成为女王或王后
vi. 做女王"
call in,"na. 招；叫进；引入；调入
 召来；来访；收回"
examine,"vt. 检查；调查； 检测；考试
vi. 检查；调查"
nor,"conj. 也不；也不是
adv. 也不；也没有"
neither ... nor ...,找不到解释
palace,n. 宫殿；宅邸；豪华住宅
wealth,n. 财富；大量；富有
to start with,"na. 首先
 第一；作为开始；一开始"
grey,"n. 灰色
adj. 灰色的；灰白的
vt. 使变成灰色；使变老
vi. 变成灰色；老化"
lemon,"adj. 柠檬色的
n. 柠檬"
uncomfortable,adj. 不舒服的；不安的
weight,"n. 重量，重力；负担；砝码；重要性
vt. 加重量于，使变重"
shoulder,"n. 肩，肩膀；肩部
vi. 用肩推挤，用肩顶
vt. 肩负，承担"
goal,"n. 目标；球门，得分数；终点
vi. 攻门，射门得分"
let ... down,"na. 使失望；放下；丢面子
 失望沮丧；辜负；松劲"
coach,"n. 教练；旅客车厢；长途公车；四轮大马车
vt. 训练；指导
vi. 作指导；接受辅导；坐马车旅行
n.  蔻驰（皮革品牌）"
kick,"vt. 踢；反冲，朝后座
n. 踢；反冲，后座力
vi. 踢；反冲"
kick sb. off,找不到解释
be hard on sb.,找不到解释
besides,"prep. 除…之外
adv. 此外；而且"
teammate,n. 队友，同队队员
courage,n. 勇气；胆量
rather than,"na. 而不
 而不是；宁愿；与其"
guy,"n. 男人，家伙
vt. 嘲弄，取笑
vi. 逃跑"
pull,"n. 拉，拉绳；拉力，牵引力；拖
vt. 拉；拔；拖
vi. 拉，拖；拔"
pull together,"na. 通力合作；拼凑
 齐心协力；团结起来；同心协力"
relief,n. 救济；减轻，解除；安慰；浮雕
nod,"n. 点头；打盹；摆动
vt. 点头；点头表示
vi. 点头；打盹；摆动"
agreement,n. 协议；同意，一致
fault,"n. 故障； 断层；错误；缺点；毛病；（网球等）发球失误
vt. （通常用于疑问句或否定句）挑剔
vi. 弄错；产生断层"
disappoint,vt. 使失望
Bert,找不到解释
Holly,找不到解释
unexpected,adj. 意外的，想不到的
by the time ...,找不到解释
backpack,"n. 双肩背包，背包；远足用的背包
vt. 挑运；把…放入背包
vi. 背负简便行李旅行；挑运"
oversleep,"vt. 使睡过头
vi. 睡过头"
give ... a lift, 让…搭车；搭便车
block,"n. 块；街区；大厦；障碍物
adj. 成批的，大块的；交通堵塞的
vt. 阻止；阻塞；限制；封盖"
in line with,"na. 和…成一直线；和…一致
 符合；按照；跟…一致"
worker,n. 工人；劳动者；职蚁
stare,"n. 凝视；注视
vt. 凝视，盯着看
vi. 凝视，盯着看；显眼"
disbelief,n. 怀疑，不信
above,"prep. 超过；在……上面；在……之上
n. 上文
adj. 上文的
adv. 在上面；在上文"
burn,"n. 灼伤，烧伤；烙印
vt. 燃烧；烧毁，灼伤；激起…的愤怒
vi. 燃烧；烧毁；发热"
burning,"n. 燃烧
adj. 燃烧的；强烈的；发热的
vi. 燃烧（burn的现在分词）"
alive,adj. 活着的；活泼的；有生气的
airport,n. 机场；航空站
till,"prep. 直到
conj. 直到...为止
n.  冰碛；放钱的抽屉；备用现金
vt. 耕种；犁
vi. 耕种；耕耘"
west,"n. 西；西方；西部
adj. 西方的；朝西的
adv. 在西方；向西方；自西方"
cream,n. 奶油，乳脂；精华；面霜；乳酪
workday,"n. 工作日
adj. 日常的，工作日的；平凡的"
pie,"n. 馅饼；饼图；爱说话的人
vt. 使杂乱"
show up,"na. 显眼；揭发；嘲笑；露面
 出现；出席；揭露"
bean,"n. 豆；嘴峰；毫无价值的东西
vt. 击…的头部"
market,"n. 市场；行情；股票市场；市面；集市；销路；商店
vt. 在市场上出售
vi. 做买卖"
by the end of,"prep. 在…尽头
 到……为止；到……末为止；到……底为止"
fool,"n. 傻瓜；愚人；受骗者
vt. 欺骗，愚弄
adj. 傻的
vi. 欺骗；开玩笑；戏弄"
costume,"n. 服装，装束；戏装，剧装
vt. 给…穿上服装"
embarrassed,"v. 使...困窘；使...局促不安（embarrass的过去分词形式）
adj. 尴尬的；窘迫的"
costume party,"n. 化装舞会
 化妆舞会；化装聚会；变装派对"
announce,"vt. 宣布；述说；预示；播报
vi. 宣布参加竞选；当播音员"
spaghetti,n. 意大利式细面条
hoax,"n. 骗局；恶作剧
vt. 愚弄；欺骗"
sell out,"na. 卖完；脱销；背叛；欺骗
 售完；卖光；出卖"
discovery,n. 发现，发觉；被发现的事物
lady,n. 女士，夫人；小姐；妻子
cancel,"vi. 取消，撤销
vt. 取消；删去
vi. 取消；相互抵消
n. 取消，撤销"
officer,"n. 军官，警官；公务员，政府官员；船长
vt. 指挥"
believable,adj. 可信的
disappear,"vi. 消失；失踪；不复存在
vt. 使…不存在；使…消失"
embarrassing,adj. 使人尴尬的；令人为难的
New Zealand,"n. 新西兰
 纽西兰；奥克兰；区新西兰"
Italy,n. 意大利（欧洲南部国家）
Mars,n. 战神； 火星
Matt,找不到解释
Kevin,找不到解释
Carl,n. 粗野之人；村夫
Orson Welles, 奥逊·威尔斯；奥森威尔斯；韦尔斯
litter,"n. 垃圾；轿，担架；一窝（动物的幼崽）；凌乱
vt. 乱丢；给…垫褥草；把…弄得乱七八糟
vi. 产仔；乱扔废弃物"
bottom,"n. 底部；末端；臀部；尽头
adj. 底部的
vt. 装底；测量深浅；查明真相
vi. 到达底部；建立基础"
fisherman,n. 渔夫；渔人
coal,"n. 煤；煤块；木炭
vt. 给…加煤；把…烧成炭
vi. 上煤；加煤"
ugly,adj. 丑陋的；邪恶的；令人厌恶的
advantage,"n. 优势；利益；有利条件
vt. 有利于；使处于优势
vi. 获利"
cost,"n. 费用，代价，成本；损失
vt. 花费；使付出；使花许多钱
vi. 花费"
wooden,adj. 木制的；僵硬的，呆板的
plastic,"n. 塑料制品；整形；可塑体
adj. 塑料的；（外科）造型的；可塑的"
takeaway,"n. 外卖食品；外卖餐馆
adj. 外卖的；外吃的"
bin,"n. 箱子，容器；二进制
vt. 把…放入箱中"
shark,"n. 鲨鱼；骗子
vt. 敲诈
vi. 诈骗"
fin,"n. 鳍；鱼翅；鳍状物
vt. 切除鳍；装上翅
vi. 猛挥鳍；潜泳"
cruel,adj. 残酷的，残忍的；使人痛苦的，让人受难的；无情的，严酷的
harmful,adj. 有害的；能造成损害的
be harmful to, 对…有害；对…有危害；对……是有害的
at the top of,"na. 在…最高地位；用最高的(速度,声音等)
 在……顶部；在……顶端；顶上"
chain,"n. 链；束缚；枷锁
vt. 束缚；囚禁；用铁链锁住"
the food chain, 有趣的食物链；烦个屁呀；例句
ecosystem,n. 生态系统
industry,n. 产业；工业；勤勉
law,"n. 法律；规律；法治；法学；诉讼；司法界
vi. 起诉；控告
vt. 控告；对…起诉"
scientific,adj. 科学的，系统的
take part in,"na. 参加；贡献
 参与；参加活动；参与…活动"
afford,vt. 给予，提供；买得起
turn off,"v. 关掉
 关上；关闭；解雇"
reusable,adj. 可以再度使用的，可重复使用的
pay for,"na. 付开销；赔偿(损失)；(为某种过失)付出代价；吃亏
 付款；付钱；支付"
take action,"na. 动手；采取行动；采取(快速)措施；提起诉讼
 行动起来；采取措施；实施行动"
transportation,n. 运输；运输系统；运输工具；流放
recycle,"n. 再生；再循环；重复利用
vt. 使再循环；使…重新利用
vi. 重复利用"
napkin,n. 餐巾；餐巾纸；尿布
throw away,"na. 抛弃；浪费；拒绝(劝告)；失去(机会)
 扔掉；丢弃；丢掉"
put sth. to good use, 施展；发挥；充分加以利用
pull ... down,"na. 挣钱；压低；拆坏(房子等)；(疾病使人)衰弱
 拆毁；推翻；拉下，降低"
upside down,"adv. 颠倒；倒转；翻转
 颠倒世界；逆世界；上下颠倒"
gate,"n. 大门；出入口；门道
vt. 给…装大门"
bottle,"n. 瓶子；一瓶的容量
vt. 控制；把…装入瓶中
vi. （街头艺人演出后）收拢钱币"
president,n. 总统；董事长；校长；主席
inspiration,n. 灵感；鼓舞；吸气；妙计
iron,"n. 熨斗；烙铁；坚强
adj. 铁的；残酷的；刚强的
vt. 熨；用铁铸成
vi. 熨衣；烫平"
work,"n. 工作； 功；产品；操作；职业；行为；事业；工厂；著作；文学、音乐或艺术作品
vt. 使工作；操作；经营；使缓慢前进
vi. 工作；运作；起作用"
metal,"n. 金属；合金
vt. 以金属覆盖
adj. 金属制的"
bring back,"na. 送回；使恢复；使回忆起
 拿回来；带回；带回来"
creativity,n. 创造力；创造性
WildAid,找不到解释
WWF,找不到解释
World Wide Fund for Nature, 世界自然基金会；世界野生动物基金会；全球自然基金
Jason,找不到解释
Hayes,找不到解释
Jessica,找不到解释
survey,"n. 调查；测量；审视；纵览
vt. 调查；勘测；俯瞰
vi. 测量土地"
standard,"n. 标准；水准；旗；度量衡标准
adj. 标准的；合规格的；公认为优秀的"
row,"n. 行，排；划船；街道；吵闹
vt. 划船；使……成排
vi. 划船；争吵"
in a row,"na. 成一排；连续
 连续的；一连串；接连"
keyboard,"n. 键盘
vt. 键入；用键盘式排字机排字
vi. 用键盘进行操作；作键盘式排字机排字"
method,"n. 方法；条理；类函数
adj. 使用体验派表演方法的"
instruction,n. 指令，命令；指示；教导；用法说明
double,"n. 两倍；双精度型
adj. 双重的；两倍的
vt. 使加倍
adv. 双重地；两倍地；弓身地
vi. 加倍，加倍努力；快步走"
shall,aux. 应；会；将；必须
look back at,找不到解释
overcome,"vt. 克服；胜过
vi. 克服；得胜"
make a mess, 弄乱；搞成一团糟；搞得乱七八糟
graduate,"n. 研究生；毕业生
adj. 毕业的；研究生的
vt. 授予…学位；分等级；标上刻度
vi. 毕业；渐变"
keep one's cool,"un. 保持冷静
 发脾气；某日"
caring,"v. 关心；照顾（care的现在分词）
adj. 有同情心的；表示或感到关怀或关心的"
ours,pron. 我们的
senior,"n. 上司；较年长者；毕业班学生
adj. 高级的；年长的；地位较高的；年资较深的，资格较老的"
senior high,"na. 高级中学(10--12年级)
 高中；高中部；高中以上"
senior high school,"n. （美国）高中
 高级中学；卢登高中；高中生"
text,"n.  文本；课文；主题
vt. 发短信"
go by,"na. 走过；以…为根据(作判断)；顺道访问；受…所控制
 过去；经过；依照"
level,"n. 水平；标准；水平面
adj. 水平的；平坦的；同高的
vi. 瞄准；拉平；变得平坦
vt. 使同等；对准；弄平"
degree,n. 程度，等级；度；学位；阶层
manager,n. 经理；管理人员
believe in,"v. 相信
 信任；信仰；信奉"
gentleman,n. 先生；绅士；有身份的人
graduation,n. 毕业；毕业典礼；刻度，分度；分等级
ceremony,n. 典礼，仪式；礼节，礼仪；客套，虚礼
first of all,"na. 第一
 首先；首要；是首先的意思"
congratulate,vt. 祝贺；恭喜；庆贺
thirsty,adj. 口渴的，口干的；渴望的，热望的
be thirsty for, 渴望；渴求；渴望得到
thankful,adj. 感谢的；欣慰的
be thankful to sb.,找不到解释
lastly,adv. 最后，终于
task,"n. 工作，作业；任务
vt. 分派任务"
ahead,"adj. 向前；在前的；领先
adv. 向前地；领先地；在（某人或某事物的）前面；预先；在将来，为未来"
ahead of,"prep. （时间、空间）在…前面；早于；领先
 先于；在……的前面；优于"
along with,"na. 与…一道；以外
 与……一起；伴随；和…一起"
responsible,adj. 负责的，可靠的；有责任的
be responsible for,"v. 负责；担负
 对…负责；为…负责；对……负责任"
separate,"n. .分开；抽印本
adj. 单独的；分开的；不同的；各自的；
vt. 使分离；使分开；使分居
vi. 分开；隔开；分居"
set out,"n. 开始；出发；动身；准备
 陈列；着手；陈述"
separate from,"把...和...分开, 把...和...区分开, 使...从...离析"
wing,"n. 翼；翅膀；飞翔；派别；侧厅，耳房，厢房
vt. 使飞；飞过；空运；增加…速度；装以翼
vi. 飞行"
Luke,找不到解释
Brian,找不到解释
Griffin,找不到解释
Trent,找不到解释
