a case in point,"na. 范例
 恰当的例子；一个恰当的例子；例证"
a sea of,"det. 一片；大量
 茫茫一片；大量的；无限的"
a variety of,"det. 种种；形形色色
 各种各样的；多种多样的；多种的"
abandon oneself to,"na. 恣意
 陷入；沉湎于；沉溺于"
above all,"na. 最主要的；最重要的是
 首先；尤其是；特别是"
according to,"prep. 根据；按照；据（…所说）；按（…所报道）
 依照；根据…所说；依据"
account for,"na. 证明；由于；说明(银钱等的)用途；打死
 解释；占；说明…的原因"
adapt to,"na. 使(自己行动)配合(同伴)
 适应；适应，适合；使适应"
add to,"na. 增加
 增添；增进；添加"
add up to,"na. 总计共达；总之就是
 合计达；合计为；意味着"
adjust to,"v. 适应
 调整；调节；调整以适应"
against all odds, 再看我一眼；危情；冲破禁忌
against all the odds, 意思是冲破重重阻力；尽管有极大的困难；尽管困难重重
again and again,"na. 再三再四
 再三地；反复地；一次又一次"
ahead of,"prep. （时间、空间）在…前面；早于；领先
 先于；在……的前面；优于"
aim at,"v. 目的在于
 瞄准；针对；旨在"
all but,"na. 几乎跟…一样
 差一点；除了…都；差不多"
all in all,"na. 全部；完全；第一
 总的说来；总而言之；总的来说"
all manner of,"na. 各色各样的(人,东西等等)
 各种各样的；形形色色的；各式各样的"
all the same,"na. 依然；“all/just the same”的变体
 仍然；还是；尽管如此"
all the way,"na. 路上一直；老远；(从…到…)逐一
 一路上；自始至终；天长地久"
allow for,"v. 考虑到
 顾及；估计到；体谅"
allow of,"v. 容许
 容得；容许有……的可能；容许有…可能"
along with,"na. 与…一道；以外
 与……一起；伴随；和…一起"
and so forth,"na. 等等；云云；“and so on/forth”的变体
 如此等等；诸如此类；诸如此类，如此等等"
anything but,"na. 决不是；除…外什么都
 除…以外任何事；一点也不；绝不"
apart from,"prep. 除了…外（都）；要不是；除了…外（还）；此外
 除……之外；除...外；除去"
appeal to,"v. 求助于；引起N
 呼吁；吸引；上诉"
approve of,"na. 赞成
 赞同；同意；赞赏，同意"
approximate to,"adj. 接近；约计
 近似；近于；与…接近"
arise from,"v. 从…而得的
 由…引起；起因于；由…产生"
around the corner,"na. (=  round the corner)在拐角那里
 在拐角处；即将来临；即将到来"
as a matter of fact,"na. 事实上；事实是
 实际上；其实；实际情况"
as a whole,"na. (作为一个)整体
 作为一个整体；总体上；作为整体"
as far as,"na. 远到；就；尽；至于
 远至；直到；就…而言"
as far as ... be concerned,找不到解释
so far as ... be concerned,找不到解释
as follows,"na. 如下；以下
 如下所述；如下所示；如次"
as for,"na. 至于
 关于；就…而言；对于"
as good as,"na. 见 good 条
 和…几乎一样；和……一样好；几乎等于"
as if,"na. 彷佛；活像
 好像；仿佛；似乎"
as regards,"na. 至于；提到
 关于；至于……关于；就…来说"
assign to,"un. 指定(时间、地点)；提出(理由等)；分配；分给…用
 指派；选派；分配给"
as to,"na. 至于；说到
 关于；如此……以便；关于至于"
as well,"na. 也；同样
 又；还；也倒不如"
as well as,"na. 和…一样；…不用说
 也；既…又；和...一样"
aside from,"na. 暂置不论；加之；除…外
 除...外；除…之外；除了"
associate with,"v. 与…联系
 结交；联合；交往"
at a loss,"na. 无办法；(猎犬)失去猎物嗅迹；亏本地
 不知所措；困惑；茫然"
at a stretch,"na. 一口气
 不休息地；一口气地；连续不断地"
at all costs,"na. 无论如何
 不惜任何代价；不惜一切代价；不惜代价"
at all events,"na. 无论怎样；总之
 无论如何；不管怎样；不管怎样，无论如何"
at all times,"na. 不论什么时候；老是；时时
 总是；随时；一直"
at first sight,"na. 乍看；一见就；乍看起来
 乍一看；初看起来；真情难舍"
at heart,"na. 内心里
 本质上；在内心里；实质上"
at intervals,"na. 时时；处处；偶尔
 不时；每隔一会儿；每隔一段时间"
at large,"na. 随便；拉杂地
 逍遥法外；在逃；未被捕获的"
at leisure,"na. 在闲暇中；从容不迫地；失业
 有空；有空，闲暇时；从容地"
at no time,"na. 从来没有
 决不；在任何时候都不；从不"
at one time,"na. 同时；曾经
 一度；过去一度；以前曾经"
at random,"na. 碰运气地；无目标地
 随便地；随机地；随意地"
at the cost of,"na. 以…为牺牲
 以…为代价；以…代价；以之为代价"
at the expense of,"na. 以…为代价；由…出钱；牺牲…
 以…为牺牲；在损害…情况下；在损害……的情况下"
at the latest,"na. “at latest”的变体
 最迟；至迟；最晚"
at the moment,"na. “for the moment”的变体
 此刻；现在；目前"
at the ready, 准备立即行动；处在准备状态中；处于准备状态
at the risk of,"na. 冒着…的危险
 冒险；冒……的风险；冒着…风险"
at this rate,"na. 这种样子
 照此速度；照这种情形；这样的话"
at times,"na. 时时
 有时；有时候；时常"
attend to,"na. 照料(工作)
 照顾；注意；处理"
attribute to,"na. 认为(成功)是(努力)的结果
 归因于；把…归因于；归咎于"
back down,"na. 打退堂鼓；放弃权利等
 让步；放弃原主张；取消前言"
back out,"na. 打退堂鼓；食言；退出；后退
 取消；收回；扭出"
back up,"na. 支持；堵塞；抢救后方；把(文件等备份)
 倒退；后退；援助"
bargain for, 为购买（某物）讨价还价; 料到，考虑到（某情况）; 预料
bargain on, 依靠; 信赖; 料到; 考虑到（某情况）
base on,"v. 根据
 基于；以……为基础；以…为根据"
be accustomed to doing sth.,找不到解释
be assigned to do,找不到解释
be at ease, 放心；定心；放心的样子
be at fault,"na. (猎犬追捕猎物等时)失去嗅迹；不知所措；出毛病
 有故障；有责任；有错误"
be at liberty,有权
be at odds, 不和；闹别扭
be at odds with,"na. 和…闹别扭；处于不利的条件下
 与……不合；与……发生矛盾；与……不和"
be at one's disposal,找不到解释
be at sea,"na. 如堕五里雾中；(简直)不晓得怎样才好；茫然
 出海；迷茫不知所措；不懂"
be at stake, 叫做；处于险境；处在关键时期
be at the mercy of,找不到解释
be better off,"na. 情况更好；更加富有；处境较好
 更富有；境况好起来；境况富裕"
be beyond belief,找不到解释
be beyond compare,找不到解释
be without compare,找不到解释
be born with, 天生具有；生而具有；生就
be bound up in,"na. 热中于
 忙于；热心于；专心于"
be capable of,"v. 能够承担
 有能力；有能力干；有能力做"
be contrary to,"v. 不同于
 与…相反；违反；反对"
be dependent on,"na. 依靠
 依赖；依赖于；取决于"
be dependent upon,依靠(他人供给吃、住、钱等)，依赖；随…而定；依…而转移
be devoted to,"v. 献身于
 致力于；奉献于；专心于"
be entitled to, 有权；有资格；有权做
be equal to,"na. 等于；胜任；赶得上；忍耐得住
 与……相等；相当；能胜任"
be identical to sb.,找不到解释
be identical with sb.,找不到解释
be identical to sth.,找不到解释
be identical with sth.,找不到解释
be in charge, 管事；掌管；变为主管
be in demand,"na. 有需要
 销路好；需求很大；有需要例如"
be in dispute,"有纠纷
有争执"
be in doubt, 值得怀疑
be in full swing, 全面展开；达到高潮；正在全力进行
be in opposition,找不到解释
be in opposition to,找不到解释
be in shape, 身体好
be in good shape, 身体好；健康状况良好；状态良好
be in sight,"na. 看得见
 在望；在眼前；看见"
be in the air, 将要发生的事情；即将发生
be in the balance, 悬而未决；处于平衡状态
hang in the balance,"na. 悬置未决；安危未定；成败未决
 未见分晓；悬而未决；结果未定"
be in the saddle,"un. 吓唬；过着鞍马生涯
 拿权；掌权；执政"
be in use, 在使用中；使用之中；投入使用
be in the way, 碍事；挡路；绊手绊脚
be in one's way,找不到解释
be in the wrong,"v. 不对
 理亏；错误的；屈理"
be indispensable to, 对…必不可少；至关重要的；对……必不可少的
be indispensable for,找不到解释
be innocent of, 无罪的；无辜的；清白的
be keen on,"na. 喜爱
 渴望；喜欢；热衷于"
be keen about,"na. 喜爱
 对…着迷；十分喜爱；喜欢上"
be liable for, 对…应负责任的；对…负责；有责任
be liable to,"该受(罚), 应遵守..., 有...的倾向, 易于..."
be obsessed with,"un. 昼夜萦绕在…心头；被…缠住；埋头研究
 沉迷于；痴迷于；对…着迷"
be off guard,找不到解释
be off one's guard, 麻痹大意
be on a diet, 节食；节食减肥；正在节食
be on guard, 警惕；防范；有警惕
be on one's guard,"na. 警戒
 提防；警戒的；小心提防"
be on sale, 甩卖；正被出售；销行
be on the increase,"na. 不断增加
 正在增加；增加中；上升"
be on the job,找不到解释
be on the point of, 即将；正要；就要
be out of action, 失去作用
be out of breath, 上气不接下气；喘不过气来；气喘吁吁
be out of condition,身体很好
be out of control, 不自禁；忍不住；失掉控制
be out of date,过时的；已废的
be out of print,已售完的; 已绝版的
be out of sight,"在视线外
看不见"
be out of stock,缺货
be out of touch,"un. 和…进行接触；失去联系
 没有联系；使失去联系"
be out of work, 失业；砸饭碗；工作的人已经失业
be partial to,"na. 偏爱
 偏袒；袒护；左右袒"
be related to,"na. 和…有(亲戚)关系
 与……有关；与…有关系；与…相关"
be relative to,"na. 和…相应
 和...有关系；和...成比例；与…有关"
be scared of, 害怕；害怕某物；害怕的
be sick of,"v. 讨厌
 厌恶；对…感到厌倦；对…厌倦"
be superior to,"na. 比…好；超然于
 优于；比……优越；胜过"
be sympathetic to,vt.对...表示同情
be under control, 处于控制之中；在控制之中；得到控制
be under way, 在进行中；正在进行；正在开展
be up to date,"vi.最新式的,直至最近的"
be up to the minute,找不到解释
beat around the bush,"na. 转弯抹角
 绕圈子；拐弯抹角；旁敲侧击"
beat about the bush,"na. 旁敲侧击；拨打草丛搜索猎物；旁敲侧击的刺探人意
 拐弯抹角；绕圈子；转弯抹角"
beat down,"na. 打倒；镇压；还(价)；使失望
 杀；杀价；压倒"
beat up,"na. 搅(蛋)；虐待；冷不防地；打鼓召集
 痛打；毒打；殴打"
become of,"na. (人或事物的)情况
 发生；遭遇；发生……情况"
beg off,"na. 辞退；谢绝；请求原谅(某人)
 请求免除；恳求免除；托辞无法参与"
behind the scenes,"na. 知道内幕；秘密地
 幕后花絮；在幕后；在后台"
believe in,"v. 相信
 信任；信仰；信奉"
bend over backwards,"矫枉过正, 拼命"
beyond measure,"na. 无可估量地；过分
 极度；非常；不可估量"
blast off,"na. (使)(火箭等)发火起飞
 升空；发射；发射升空"
blow up,"v. 炸掉；爆炸；充气；放大
 炸毁；发脾气；爆发"
boast of,"na. 夸耀
 自夸；吹嘘；吹牛"
boast about,"na. 夸耀
 自夸；吹嘘；吹牛"
boil down to,"na. (被)归结起来是…；(审判等到最后)表明
 归结为；简化为，归结为；归根到底"
branch out,"na. (树)发枝；(话等)横生枝节；(事业等)扩大规模
 拓展业务；长出枝条；扩大活动范围"
break down,"v. 分解；抛锚；分析；划分
 损坏；出故障；瓦解"
break into,"na. 闯进；拦(别人话头)；侵占(别人时间等)；突然…起来
 闯入；破门而入；强行进入"
break off,"v. 断绝；摘；把…折断；使脱落
 中断；突然停止；打断"
break one's heart, 为之心碎
break out,"na. 起；(战争等)突发；(囚犯等)逃脱；起(锚)
 爆发；突然发生；逃出"
break the ice,"na. 带个头；使气氛活跃；起头；打破沉闷
 打破沉默；打破僵局；破冰"
break through,"na. 突破(点)；(科技等的)重大发现；关键问题的解决
 突围；冲破；冲垮"
break up,"v. 拆散；打碎；剖割(兽体等)；破坏
 分手；结束；分解"
bring about,"na. 造成；带来；(使船)回转
 引起；导致；产生"
bring around,"na. 说服；使恢复知觉；把(某人)作为客人带来
 使信服；使复苏；使改变观点"
bring round,"na. 说服；使恢复知觉；把(某人)作为客人带来
 使苏醒；劝使；使恢复健康"
bring forth,"na. 提出；生
 产生；使产生；发表"
bring forward,"na. 提出(计划等)；提示；提前；公开
 提议；把…提前；将…提前"
bring into effect,"na. 使生效；使起作用；实行
 实现；实施；贯彻"
carry into effect,"na. 使生效；使起作用；实行
 实现；施行；实施"
put into effect,"na. 实行
 生效；实施；使生效"
bring off,"na. 办完；(从失事船只上)救出
 完成；圆满完成；获得成功"
bring out,"na. 公布；说出；出版；上演
 生产；阐明；说明"
bring through,"na. 帮助(某人)脱离险境；救活
 治愈；使脱险；使安全度过"
bring to justice, 使归案受审；绳之以法；移送法办
bring sb. to his knees,找不到解释
broaden one's horizon, 开阔眼界；大开眼界；眼界更广阔等
brush aside,"na. 刷去；扫除；无视
 漠视；不顾；置之不理"
brush off,"na. 刷去；打发走；摒弃；逃掉
 拂去；撇开；刷掉"
brush up,"na. 重新学习；刷光；把…打扮整洁；提高(技巧等)
 复习；擦亮；温习"
build on,"na. 依赖；把…建筑于
 以……为基础；建立于；把…建立于"
build upon,"na. “build on”的变体；同“build on ”
 建立于；以……为基础；建立在…基础之上"
build up,"na. 同“build”；建立；复兴；集结(部队)
 逐步建立；增进；积累"
bump against,"un. 邂逅相遇；撞
 同本义；撞击；撞到"
bundle up,"na. 同“bundle”
 捆扎；赢得比赛；把…捆扎起来"
burn down,"na. 把…烧成平地；(蜡烛等)逐渐烧完；火力减弱
 烧毁；烧光；烧为平地"
burn out,"na. 烧起来；烧光；烧尽；烧断
 烧掉；烧坏；熄灭"
burn up,"na. 烧完；旺起来；使恼怒；发怒
 烧起来；烧尽；烧光"
burst into,"na. 闯进；突然…起来
 闯入；突然发作；突然闯入"
but for,"na. 要不是；除…而外
 如果没有；倘没有；要是没有"
but then,"na. 但是；但是另一方面
 不过；但另一方面；然而"
butt in,"na. 插手
 插嘴；干涉；打断"
buy off,"na. (用贿赂)收买；用钱疏通；同“buy”
 买通；收买拉拢；行贿"
buy out,"na. 出钱使某人出让地位；买下…的全部产权
 收购全部；买进全部产权或股权；买断"
by accident,"na. 偶然 (opp. on purpose)
 偶然地；意外；不小心"
by all means,"na. 必定；千方百计；不惜一切；好的
 务必；一定；无论如何"
by and by,"na. 不久以后
 不一会儿；渐渐地；迟早"
by and large,"na. 总的说来
 大体上；总的来说；基本上"
by any chance,"na. 万一
 碰巧；也许；或许"
by chance,"na. 偶然
 碰巧；偶然地；意外地"
by comparison,"na. 比较起来
 相比之下；相比较；通过对比"
in comparison, 相比之下；比较；比较起来
by default, 默认；缺席；预设
by far,"na. (修饰比较级,最高级,表示数量,程度等)…得多；尤其；更
 到目前为止；非常；最多"
by itself,"na. 单独；独自；独力
 单独地；自动地；独自地"
by leaps and bounds,"na. 飞跃地；连跑带跳地
 突飞猛进地；飞速地；一日千里"
in leaps and bounds,"un. 飞速地；飞跃；真快
 极其迅速的；突飞猛进地；飞跃地"
by no means,"na. 决不；并没有
 一点也不；绝不；无论如何决不"
by the book,"na. “by book”的变体
 照章办事；按常规；按规则"
by turns,"na. 轮流
 交替；轮流地；轮换地"
call for,"na. 呼吁；主张；需要；接(某人)
 要求；提倡；号召"
call in,"na. 招；叫进；引入；调入
 召来；来访；收回"
call off,"na. 命令停止；丢手；取消(婚约)；点(名)
 放弃；叫走，叫开；转移开"
call on,"na. 号召；指名要(某人)去干(某事)；请求；访问
 拜访；呼吁；拜访某人"
call upon,"na. “call on”的变体；同“call on ”
 号召；拜访；求告"
carry forward,"na. 推进；发扬；结转；使进行
 发扬光大；弘扬；继承"
carry off,"na. 得(奖)；夺去；诱拐；(病)夺去人命
 夺走；携走；拿走"
carry on,"adj. (飞机乘客的行李)可随身携带的
n. (飞机乘客的)随身行李
 继续；继续下去；进行"
carry out,"na. 实行；开展；完成
 执行；实现；贯彻"
carry through,"na. 完成(计划等)；坚持到底
 贯彻；进行；进行到底"
carry weight,"na. (意见等)有力；(人物)有势力
 有分量；重要；有份量"
cash down,"na. 即付
 即期付款；用现金支付；付现"
cash in on,"na. 用…赚钱；利用
 乘机利用；靠…赚钱；趁机利用"
cast about for,"na. 寻觅；搜集；物色；想(方法等)
 搜索；寻找"
cast aside,"na. 抛弃
 废除；消除；唾弃"
cast away,"na. 抛弃；浪费；排斥；使(船只)破坏
 荒岛余生；劫后重生；浩劫重生"
cast off,"na. 脱掉(衣服)；放弃；放(船)；织完
 丢弃；抛弃；摆脱"
cast out,"na. 扔出；赶出；吐出；吵闹
 驱逐；逐出；赶走"
catch a glimpse of,"na. 瞥见；看一眼
 瞥一眼；瞥见了；匆匆一瞥"
catch one's eye,"un. 胡说；引起…的注意
 引人注目；引起某人的注意；引起某人注意"
catch sight of,"na. 看出
 发现；看见；看到"
check out,"na. 开支票(提款)；(旅馆)付账后离开；及格；死
 退房；检查；结帐"
check up,"na. 检查；试验(工作的效率,精确程度等)
 核对；体检；检验"
check up on,"na. “check on”的变体
 检查；核对；校对"
chew on,"un. 咀嚼；深思
 考虑；细想；仔细考虑"
chew over,"na. “chew upon”的变体
 仔细考虑；仔细商量；深思，细想"
clear away,"na. 扫除；砍去；(雾等)消散
 收拾；把…清除掉；去掉"
clear off,"na. 理清(工作等)；清算；卖掉；撵走
 清除；消散；摆脱"
clear out,"na. 清空；腾空；清理；匆忙离开
 清除；清仓甩卖；扫出"
close by,"adv. 在附近
 在近旁；近在手边；在旁边"
close down,"v. 关闭；关门；倒闭；歇业
 停业；查封；封闭"
close up,"na. 靠紧；(伤)愈合；密闭；结束
 关闭；特写；靠近"
come about,"na. 发生；(风等)变向；抢风调向
 产生；迎风折驶；形成"
come across,"na. 尽(义务)；发现；碰见；(穿过…)来到
 遇见；偶然遇见；碰到"
come along,"na. 进步；同意；一道来；请过来
 出现；进展；快点"
come around,"na. 赶上；达到；袭击
 苏醒；顺便过来；拜访"
come round,"na. 苏醒；(生气的人)消除怒气；(病后)复原；(从某处)转来
 到来；再来；回心转意"
come at,"v. 得到；达到
 袭击；攻击；求得"
come down to,"v. 降至；归结起来；变为；归结为
 可归结为；到达；归根结底"
come into effect,"na. 开始实施
 生效；开始生效；开始实行"
go into effect,"v. 生效
 施行；实施；开始生效"
come on,"na. (演员)出台；进行(很好)；(暴风雨等)起；(病,苦痛等)加深
 来吧；加油；快点"
come out,"na. 出来
 出现；出柜；现身"
come through,"na. 胜利；脱险；支付；捐献
 经历；成功；安然度过"
come to,"na. 总计为；结果是；苏醒；把船朝着风头
 达到；来到；恢复知觉"
come to blows,"na. 互相打起来；开战
 开始互殴；动手打起来；动手互殴"
come to the fore,"na. 发作；惹人注意
 涌现出来；站到前面，涌现，出现；进入前列"
come true,"na. (预言等)成事实；实现；(作物)不变种地发芽生长
 成为现实；成为事实；变成现实"
come up,"na. 走近；上升；抬头；(暴风雨等)起
 上来；出现；发生"
come up to,"na. 到达；不亚于；不负(期待)
 达到；符合；达到，符合"
come up with,"na. 想出(一个主意或计划)；提出；提供；筹措
 赶上；找到；想出某事"
commit oneself to,"na. 委身于
 专心致志于；使自己承担；致力于"
commit to,"un. 移交
 把……投入；承诺；致力于"
compare to,"un. 核对记录；商量了一番；比较；和…相仿
 与…相比；比作；把…比作"
compete with,"v. 竞争
 与……竞争；与…抗争；高下"
concern about,"v. 关心；挂念
 担心；关注；对…的关心"
concern with, 关心，挂念；使关心；关注
congratulate on,"un. 祝贺
 恭贺；就…向某人表示祝贺；祝贺某人某事"
congratulate upon,vt.祝贺
consent to,"v. 同意；赞成
 同意某事；应允；赞同意义的词组"
consist in,"v. 在于
 存在于；主要在于；存在于…中"
consist of,"v. 由…合成
 由……组成；由…构成；包括"
consume with,为(某种思想)而不断受折磨
contribute to,"na. 捐助；给…投稿；捐(款)给；投寄(一篇论文)给(某杂志)
 有助于；促成；贡献"
cool down,"na. 使…变凉；冷静下来
 冷却；缓和运动；平静下来"
cool off,"na. 变凉；使…冷静；(销量,价钱等)下降
 平静下来；冷却；冷静下来"
cope with,"v. 对付；应付
 处理；应对；解决"
correspond to,"v. 符合
 相当于；相应；对应"
correspond with,"v. 相当
 符合；相符合；一致"
count in,"na. 算入
 把…计算在内；把……算入；算上"
count on,"na. 指望；预料到；期望
 依靠；依赖；期待"
count upon,"na. 指望；依赖
 依靠；仰赖；料想"
count out,"na. 一面数一面取出；一面数一面分开；除开
 点数；算出；点…的数"
count up,"v. 数到；数完
 共计；算出…的总数；把…加起来"
cover for, 掩护；代替；顶替
crack down,"na. 敏捷地做；拼命做
 镇压；制裁；打击"
crack up,"na. 夸奖；吹捧某人；(人,身体等)疲惫不堪；(飞机)坠毁
 撞坏；崩溃；撞毁"
credit to,"na. 把(某数)记入(某人)账户的贷方；把(成功)归(某人)
 把…归功于；增光的人；把…归于"
cross off,"na. “cross out”的变体
 从…划掉；叉掉；把……划去"
cross out,"na. 取消
 删去；划掉；删除"
cry out for,"v. 急需
 迫切需要；哭着要；叫喊要某物"
cut across,"na. 对直穿过；同“cut”
 抄近路；抄近路穿过；走捷径"
cut back,"na. 缩减；修剪(树枝等)；回叙往事
 削减；减少；消减"
cut corners,"na. 走捷径
 抄近路；超近路；偷工减料"
cut down,"na. 砍倒；削减；减价；夺去…活动力
 减少；缩短；降低"
cut in,"na. 突然插入；(汽车)超车；抢去别人的舞伴；在电话里窃听
 插嘴；插嘴，打断；超车抢挡"
cut off,"na. 削除；截止；截断(退路等)；割下来
 切断；断绝；切掉"
cut out,"na. 割掉；除去；剪下；开辟
 停止；删除；切掉"
damp down, 使（某物表面）润湿; 使（兴趣、热情等）降低; 衰减; 减少
deal with,"na. 办理；对待；与…交涉；与…交易
 处理；对付；应付"
deep down, 本质上; 实际上; 事实上; 在内心深处
deprive of,"un. 剥夺
 剥夺某人的；使失去；使丧失"
derive from,"v. 来自；起源于
 衍生；由来；来源于"
descend upon,"na. 袭击；突然访问
 突然袭击；突然到达；降落在"
devote to,"v. 把…贡献给
 致力于；献身于；把……献给"
die away,vt. 减弱，消失；渐熄；风，声音渐弱，渐息；（树木等）渐渐凋零，枯萎（根未死）；假死
die down,"na. 殉国
 平息；变弱；渐渐消失"
dig up,"na. 查出；找到；开垦(荒地等)；采掘(山芋等)
 挖出；掘起；发现"
dip into,"na. 舀出；取出；看一看；探究
 浏览；浸一浸；翻阅一下"
disagree with,"v. 不同意
 与…意见不一致；不同意某人；与…意见不同"
dish out,"na. 上(菜)；分配(饭菜等)；托出；提供
 分发；盛于盘中；给予"
distinguish oneself,"un. 杰出
 使杰出；使自己出名；使自己与众不同"
do away with,"na. 废除；干掉
 去掉；除去；消灭"
do justice to,"na. 公平评判；公平对待；逼真；大吃
 公正地评判；公正地对待；公平地对待"
do one's best,"na. 竭尽所能；尽力
 尽最大努力；不遗余力；尽最大的努力"
try one's best,"na. 尽全力
 尽力；努力；竭尽全力"
do one's utmost,"na. 尽所有力量
 竭力；尽最大努力；尽全力"
do sb. good,"v. 有益
 做好事；有好处；行善"
do up,"v. 修缮；收拾
 系；打扮；包扎"
do without,"na. 无需
 没有…也行；不用；将就"
do the trick,"na. 达到目的
 达到理想的结果；做成功；获得成功"
down with,"na. 拿下；打倒
 把…拿下；放下；狂热的"
draw in,"na. 拉入；引入；收(网等)；收回(借款等)
 引诱；到站；紧缩开支"
draw up,"na. 写出；正容；整(队)；拉起(鱼网等)
 起草；草拟；停住"
dream of,"v. 梦想
 梦见；梦到；向往"
dream up,"na. 凭空想出；凭空捏造出
 虚构；创造；梦想"
dress up,"na. 乔装；装扮；为…打扮；盛装打扮
 穿上盛装；装饰；精心打扮"
drink in,"na. 吸收；陶醉于
 汲取；欣赏；尽情地看"
drop by,"na. 随便访问一下
 顺便拜访；顺道拜访；非正式访问"
drop in,"(使)落进；(使)往里坍塌：
偶然(或顺便)走访(或访问)(on)；逐渐进入：
(有选择地)加入；愿意(或决心)参加：
放下(吊幕)，吊装布景："
drop off,"na. 同“drop”；睡着；(客)(一一)散去；衰落
 减少；减弱；下车"
drop out,"na. 退出；(因不满传统制度而)退出正常社会；落出；隐退
 退学；辍学；掉落"
drum up,"na. 招揽(顾客等)；招募(新兵等)；鼓励；激起
 招徕；竭力争取；鼓动"
dry up,"na. 干涸；逐渐枯萎；使干；(演员)忘记台词
 枯竭；干透；乾涸"
due to,"un. 由于；预定；因为；亏
 应归于；由於；由…引起"
early on,"adj. 不久之前
 前一阵子；在早期；继续下去"
either ... or ...,找不到解释
emerge from,"v. 从…里露出
 出现；暴露；曾经一度遭到"
emphasis on, 强调；注重；对……的强调
end in,"na. 结果为…
 以…为结束；以…告终；以……结束"
end up,"na. 结束；完事；死；直立着
 告终；竖着；最终成为"
engage in,"na. 从事；参加
 参与；从事于；忙于"
enquire into, 查究；探询；询问
enter into,"na. 入；动手；参加；缔结(协约等)
 进入；开始；开始从事"
enter on,"na. 动手；入；占有(土地,财产等)
 开始；正式开始；着手"
enter upon,"na. 动手；入；占有(土地,财产等)
 开始；着手；进入"
even as,"na. 正如；正在…时
 正当；恰恰在…的时候；正当…的时候"
even if,"na. 即使…也
 纵然；就算；甚至"
even though,"na. “even if”的变体
 即使；尽管；虽然"
ever so,"na. 非常；大大；“ever so/ever such ”的变体
 极其；即使如此；很"
every bit,"na. 全部；由任何一点看；完全
 每一点；完全一样"
every inch,"na. 完全地
 每一英寸；彻底地；造访每一寸肌肤"
every other,"na. 每隔；所有其他；每隔一；其他的…都
 每隔一个的；每隔一个地；其他的...都"
except for,"na. 只有
 除了；除…之外；除了……之外"
exert oneself,"na. 努力；出力
 尽力；用力；发奋"
explain away,"na. 巧辩过去
 把…解释过去；解释掉；辩解"
expose ... to,"un. 暴露于
 接触；使易受；使受"
face to face,"na. 面对面
 面对面地；结构长度；面对面的"
face up to,"na. 大胆面向；正面对付；同“face”
 勇敢地面对某事；大胆面对；勇敢地对付"
fall back on,"na. 撤退到…线；求助于
 转而依靠；依赖；借助于"
fall behind,"na. 落后；跟不上；落下；拖欠
 落在后面；落后于；掉队"
fall for,"v. 爱慕(某人)；赞赏(某事)；上当；受骗
 爱上；爱上，迷恋；信以为真"
fall out,"v. 吵架；争执；闹僵；分手
 争吵；脱落；闹翻"
fall through,"na. 失败
 落空；成为泡影；告吹"
fall to,"na. 着手；开始用餐；争吵起来；开始攻击
 成为泡影；降至；下降到"
far from,"na. 远离；决不
 远非；完全不；远远不是"
feel like,"na. 想要…；愿意…；感觉像是…
 觉得；感到想要做；想做"
fend off,"na. 挡开；避开(灾祸等)
 挡回；抵御；垫开"
figure out,"na. 估计；解决；了解；确定
 想出；算出；计算出"
fill in,"na. 填充；填写；同“fill”
 填满；填入；过门"
fill out,"na. 填写(表格等)；变胖；长胖；胖起来
 填表；填好；填充"
fill the bill,"na. 符合要求；如约完成；满足需要
 凑合；出类拔萃；解决问题"
find fault with,"na. 吹毛求疵；找…的岔子
 挑剔；找岔子；挑毛病"
fish for,"v. 间接探听；搜寻
 捞取；捕捞；同本义"
fit in, 有地方容纳; 有时间从事（某事）; 有时间接待（某人）; 相处融洽
fit in with,"v. 符合
 适应；切合；适合"
fix on, 把…固定住; 把…集中在…上; 确定; 选定
fix up,"na. 修理；解决；组织；安顿住处
 安排；修补；商妥"
focus on, 致力于; 使聚焦于; 对（某事或做某事）予以注意; 把…作为兴趣中心
follow through,"v. 坚持到底
 自始至终完成工作；进行到底；随球动作"
follow up,"v. 把…探究到底；回答
 跟进；追踪；跟踪"
fool about,"na. 闲游
 游手好闲；闲荡；干蠢事"
fool around,"na. “fool about”的变体
 闲荡；鬼混；吊儿郎当"
for all,"na. 无论…怎样；虽有…仍然
 尽管；虽然；所有"
for fear of,"na. 因为怕；唯恐
 以免；害怕；以防"
for fear that,"na. 生怕
 以免；唯恐；惟恐"
for good,"na. 永久地
 永远；一劳永逸地；永远地"
for sale,"na. 出售(的)
 待售；供出售；出售的"
for short,"na. 简称
 缩写；简称某人；把……简称为"
for sure,"adv. 确实
 肯定地；确切地；毫无疑问"
for the moment,"na. “for this moment”的变体
 暂时；目前；现在"
for the sake of,"adv. 为了…起见
 为了…的利益；为了…的目的；为了…的缘故"
free sb. from,"na. 无…的
 不受…影响的；免于；没有"
free sth. from,"na. 无…的
 不受…影响的；免于；没有"
from time to time,"na. 时时
 有时；不时；不时地"
gain ground, 前进;  有进展;  越来越为人们所接受; 逼近
gain on,"na. 蚕食
 逼近；超过；赶上"
gang up,"na. 成群结队；勾结起来；集合
 聚集；朋比为奸；通同"
gang up on sb.,找不到解释
gang up against sb.,找不到解释
generate from,找不到解释
get about,"na. 走动；旅行；(消息等)传开；忙于工作
 参加社会活动；流传；徘徊"
get across,"na. 使了解；使通过；使人了解；与(人)冲突
 讲清楚；说明；使被理解"
get ahead,"na. 获得成功；前进
 进步；超过；走在前面"
get along,"na. 过日子；生活；团结；进步
 相处；进展；过活"
get away from,"v. 逃脱
 逃离；离开；摆脱"
get around,"na. 回避(事实)；往来；避开(法律等)；智胜(某人)
 走动；规避；四处走动"
get by,"na. 走过；勉强混过去
 通过；过得去；勉强生存"
get down,"na. 开始认真对待；落下；下车；写下
 下来；从…下来；降下"
get hold of,"v. 抓住；捉住
 掌握；得到；拿到"
get in the way,"na. 妨碍
 挡道；碍事；挡路"
get insight into,找不到解释
get into,"na. 进入；穿上；成癖；陷于
 陷入；卷入；养成"
get nowhere,"na. (使)无效
 一事无成；无进展；不成功"
get off,"na. 下车；脱下(衣服等)；脱(衣)；下(马)
 下来；动身；离开"
get on one's nerves,"na. 刺激神经；使人不安；惹恼人
 令人不安；使某人生气；使人精神紧张"
get out,"na. 摆脱；走出；出去!
 离开；滚开；滚出去"
get over,"na. 同“get across”
 克服；恢复；越过"
get the jump on,"na. 抢在…之前行动
 抢在...之前行动；抢先；抢在…前面行动"
get through,"na. 花光；了结；(使)通过(议案)；及格
 到达；度过；接通"
give back,"na. 归还；返回；往后站；凹陷
 恢复；送还；后退"
give birth to, 生（孩子），生育; 引起，产生; 娩出; 娩
give off,"na. 发散(水蒸气等)
 发出；放出；释放"
give out,"na. 发表；放出；分发
 发出；用完；用尽"
give rise to,"na. 惹起
 引起；导致；使发生"
give up,"na. 放弃；断绝；投降；自首
 停止；抛弃；认输"
give way to,"v. 让步；退却
 让位于；给…让路；给…让路，对…让步"
give ... the slip,"v. 悄悄溜掉
 年莫再追"
go about,"na. 走来走去；着手(工作)；(谣言等)流传；掉转船头
 从事；着手做；忙于"
go after,"na. 追求
 追逐；追赶；寻找"
go against,"na. 违背；不利于
 反对；违反；不顺心"
go along with,"na. 陪…一起去；赞同
 陪伴；同意；附合"
go round,"na. 绕着走；迂回着走；运行；(食物等)人人分到
 顺便去；绕道走；足够分配"
go around,"na. 扑过去；兴冲冲开始干
 足够分配；重飞；复飞"
go back on,"na. “Go back from”的变体
 违背；食言；背弃"
go by,"na. 走过；以…为根据(作判断)；顺道访问；受…所控制
 过去；经过；依照"
go down,"na. 下去；(飞机)坠落；继续到  (风,浪等)平静下来；消退
 下降；下沉；下降，降低"
go in for,"na. 赞成；寻求；参加
 从事；追求；爱好"
go into,"na. 进入；(门等)通着；加入；参与
 调查；从事；研究"
go into detail,"na. 逐一细说
 详述；详细描述；详细叙述"
go into details,"na. 详述
 逐一细说；详细说明；详细叙述"
go out of use,"na. “get out of use”的变体
 开始不用；停止使用；废弃"
go over,"na. 仔细查看；仔细搜查；排练；重温
 复习；检查；仔细检查"
go the round,传播
go the rounds,"na. 巡回；传遍
 满天飞；传开；逐一访问"
go the round of,"传遍,走遍"
go the rounds of,找不到解释
go through,"na. 认真检查；仔细地搜；(提案或法案)通过；被批准
 经历；经受；仔细检查"
go wrong,"na. 走错路；失败
 出毛病；出错；发生故障"
grab at,"na. 抓住不放
 抓取；设法抓住；夺得"
grind out,"na. 碾成；单调地演奏手摇风琴；苦吟(诗句)
 刺耳地说出，单调地奏出；机械地做出；生拼硬凑地写出"
grow on,"na. (感觉,习惯等)加深对…的影响；(书,画等)渐渐把人迷住
 引起……爱好；加深影响；越来越被…喜爱"
grow out of,"na. 抛弃；戒除；长大而穿不上衣服；源出
 产生于；由…产生；长得太高大"
guard against,"v. 防止；加以预防；抵御
 提防；防备；防范"
hand down,"na. 宣布(判决等)；传下来
 把…传下去；传给；传递"
hand in hand,"na. 手拉手；联合
 手牵手；携手；牵阮的手"
hand over,"v. 转交；递给；送交(警察或有关当局)处理；移交(权力等)
 交出；让与；交给"
hang about,"na. 荡来荡去；缠住不放；在附近逗留
 闲荡；徘徊；闲逛"
hang around,"na. 在附近徘徊；踌躇不前
 闲荡；闲逛；逗留"
hang on,"v. 坚守；守住；坚持；支撑着
 坚持下去；抓紧不放；等一下"
hang out,"na. 同“hang”；把上身伸出(窗外)；挂出门外；拖延
 闲逛；闲荡；出去消遣"
hang up,"v. 挂断电话；挂机；悬挂；耽搁
 挂起；把…挂起来；挂电话"
happen to,"v. 发生于
 碰巧；偶然；发生在…身上"
have a reputation for,"na. 因…而著名
 以..闻名；以…而出名；以…出名"
have no business, 没有权力或理由做某事；无权；没有理由
help oneself,"un. 放荡不羁；实在山穷水尽；自救
 自助；自取所需；自用"
help oneself to,"na. 自由取食；任意占用
 请随便吃点；随便用；自便"
help out,"v. 帮助…摆脱困境；救出；协助
 帮忙；帮助解决困难；帮助克服困难"
hit on,"na. 忽然想到；偶然发现；无意中发现；搭讪
 想出；献殷勤；偶然想起"
hit upon,"v. 碰巧发现；忽然想出
 偶然想出；偶然发现；突然想到"
hold back,"na. 阻止；踌躇；隐瞒；抑制
 退缩；控制；退缩不前"
hold down,"na. 压制；牵制；阻止；压低(物价等)
 抑制；缩减；保有"
hold off,"na. 拖延；抵抗(进攻等)；使不接近
 推迟；迟疑；延缓"
hold on,"na. 拉住；继续；坚持下去；(打电话时)不挂断
 等一等；坚持住；等一下"
hold one's own,"un. 忍耐一下；逐渐成为；打了个平手；比得上
 坚守住；不被打败；支撑住"
hold out,"na. 伸出；提出；维持；制止
 坚持；支持；坚持，不屈服"
hold over,"na. 将…延迟；保存；期满后继续任职；期满后继续占有
 推迟；延期；拖延"
hold up,"v. 举起；支撑；耽误；抢劫
n. 抢劫；延误；堵车
 阻挡；耽搁；拿起"
hold with,"na. 同意；和…抱同一意见
 赞成；赞同；原谅"
hook up,"n. 试验线路；联播电台；联合
 接洽妥当；连接；上钩拳"
hope against hope,"na. 妄想
 抱一线希望；抱有一线希望；抱着一线希望"
idle away,"v. 虚度
 浪费光阴；荒废；虚度年华"
if only,"na. 只要；只要…就好了
 如果能再爱一次；要是……就好了；但愿"
impose on,"v. 强迫；欺骗
 把…强加于；施加影响于；利用"
impose upon,"v. 强迫；欺骗
 强加于；利用"
improve on,"na. 改良
 改进；对…作出改进；对…加以改进"
improve upon,作出比…更好的东西;对…作出改进
in a sense,"na. 在某种意义上；有一点儿
 从某种意义上说；就某种意义来说；就某种意义而言"
in a way,"na. 在某一点上
 在某种程度上；从某种程度上说；在某点"
in a word,"na. “in a few words”的变体
 总之；简言之；总而言之"
in addition,"na. 加之
 另外；此外；又"
in addition to,"na. 加之
 除…之外；除了；除…外"
in advance,"na. 预先；在先头
 事先；提前；事前"
in any case,"na. 无论如何；横竖
 不管怎样；总之；在任何情况下"
in brief,"na. 简单地说
 简言之；简而言之；总之"
in case,"na. 以防万一；作为准备；如果；免得
 假使；假如；以防免得"
in case of,"na. 要是
 万一；假使；如果"
in character,"na. (在)性格上；正合担任；适当
 相称；在性格上；合乎性格"
in charge,"na. 主任
 负责；在…掌管之下；看管"
in charge of,"na. 受托…的
 负责；主管；掌管"
in cold blood,"na. 蓄意地(而非出于一时冲动地)；残忍地；冷静地；若无其事地
 冷血；冷血杀手；冷血告白"
in common,"un. 和…有相通之处；公有
 共同；共有的；共同的"
in comparison with,"na. 和…比起来
 比较；与…比较；与…比较起来"
in conjunction with,"na. 与…共同；连带着
 连同；与...协力；与之伴随的"
in connection with,"prep. 与…相关
 关于；与…有关；和……有关"
in consequence,"na. 因此
 结果；因而；在…条件下"
in consequence of,"na. 因为…的原故
 由于…的缘故；由于…的结果；由于……原因"
in consideration of,"na. 因；以作…的谢礼
 考虑到；由于；鉴于"
by contrast,"un. 相比之下；作对比；与此相反
 对比之下；对比而言；相比而言"
in contrast,"adv. 相反
 相比之下；对比；成对比"
by contrast to,n.  对比(与 ... 相反)
in contrast to,"un. 相形之下；与…相比；与…相反；与…对比
 “与……相比；与。。。相反；与……形成对照"
by contrast with,"prep. 和…比起来
 和…相对比；比较起来；和…对照"
in contrast with,"na. 和…成对比；和…大不相同
 与……相比；和…成对照；与……形成对比"
in control,"na. 由…控制(住)
 在控制之内；管理；孟楠"
in control of,"na. 由…控制(住)
 管理；掌管；掌握"
in depth,"na. 广泛
 深入地；全面深入地；深入的"
in detail,"na. 详细
 详细地；详细的；详尽"
in earnest,"na. 诚挚
 认真地；认真的；诚挚地"
in effect,"na. 实际上；总之；有效
 事实上；生效；正在实行"
in evidence,"na. 明显的
 显而易见的；显著的，出风头；到场"
in excess of,"na. 超过
 多于；超出；指超过"
in favor of,"na. 赞成；有利于；付与
 支持；赞同；为了支持"
in favour of,"na. 赞成；有利于；付与
 支持；赞同；以……为受益人"
in force,"na. 大举；有效
 有效的；实施中；大批地"
in full,"na. 详细地(填写姓名等)；全部地
 充足；全额；全文"
in general,"na. 一般；大体上
 通常；一般来说；一般而言"
in half,"na. 成两半
 分成两半；一半；把……切成两半"
in harmony,"un. 和弦；和声；协调一致地
 和谐无间；和谐为本；和谐的"
in harmony with,"un. 协调一致地；跟…调和；和衷共济；与…相合
 与…协调；与……协调一致；和谐"
in haste,"na. 急着；急忙地；仓促地
 匆忙；匆忙地；急速地"
in itself,"na. 本身；实质上；“in itself/of itself”的变体
 就其本身而言；本质上；本质上，就其本身而言"
in kind,"na. 用实物；以同样的方法(回敬)；性质上
 以货代款；以实物；实物给付"
in line with,"na. 和…成一直线；和…一致
 符合；按照；跟…一致"
in no case,"na. 决不
 在任何情况下都不；绝不要；无论如何不"
in no time,"na. 立刻
 马上；很快；立即"
in no way,"na. 决不
 一点也不；绝不；无论如何不"
in one's honor,找不到解释
in one's presence,找不到解释
in other words,"na. 换句话说
 换言之；也就是说；也就是"
in particular,"na. 特别；一一
 尤其；特别地；特别是"
in place of,"na. 代替
 取代；替代；取代，交换"
in private,"na. 秘密地
 私下；私下地；私下里"
in proportion to,"na. 与…成比例；与…相称；按…的比例(越…越…)
 成比例的；按……的比例；按比例"
in reality,"na. 事实上；实在
 实际上；在现实中；其实"
in relation to,"na. 关于…
 涉及；有关；与…相比"
in return,"na. 作报复；作替换
 作为回报；作为报答；作为交换"
in ruins, 成为废墟；一片废墟；成废墟
in search of,"na. 寻找；去找；追求；为了寻求
 为了寻找；搜索；查究"
in secret,"na. 秘密地；偷偷摸摸地
 秘密的；暗中；私下地"
in short,"na. 简单地说；总之
 简言之；简而言之；总而言之"
in so far as,"na. 到…的程度；只要；(表示程度,范围)就…
 至于；在…范围内；到...的程度"
in spite of,"na. spite of 不管；无视
 尽管；不顾；虽然"
in store,"na. 准备着
 贮藏着；必将发生；储藏着"
in summary,"adv. 扼要
 总之；总结；总的来说"
in terms of,"na. 依…；从…方面；用…特有的字眼
 根据；在...方面；按照"
in the event of,"na. 万一在…的时候
 如果发生；倘若；如果发生…万一"
in the event that, 如果；万一；假使
in the face of,"na. 不避；不管；在…前面；面临
 面对；在...面前；不顾"
in the first instance,"na. “in the first place”的变体
 首先；最初；起初"
in the habit of,"un. 养成习惯；一向；总得；动不动就
 有……的习惯；有…习惯；养成良好的习惯"
in the hands of,"un. 由…决定；随…发落；由…照顾；由…作主
 由…掌握；控制；负责"
in the interest of sb.,"na. 为了…的利益
 对……有利；为了……利益；符合……的利益"
in the interest of sth.,"na. 为了…的利益
 对……有利；为了……利益；符合……的利益"
in the interests of sb.,找不到解释
in the interests of sth.,找不到解释
in light of,"na. 按照；根据；鉴于
 考虑到；把…列入考虑"
in the light of,"na. 按照；以…的模样；当作…
 根据；鉴于；依据"
in the long run,"na. 归根到底；“in the long run/term”的变体
 从长远来看；最后；从长远观点看"
in the neighbourhood of,"na. 大约；在…的附近
 在……附近"
in the red,"n. 负债
 亏损；赤字；欠债"
in the same boat,"un. 破釜沉舟；连个退路都没有；同病相怜
 处境相同；同舟共济；风雨同舟"
in the wake of,"na. 在…后接踵而来；在后追随
 仿效；紧跟；随着"
in tune,"na. 合调；和谐；“in/out of tune”的变体
 协调；合调子；一致"
in tune with, 协调；与…和谐；适合
in turn,"na. 挨次
 依次；轮流；反过来"
in vain,"na. 无益地；轻慢地
 徒劳；徒然；白白地"
in view of,"na. 鉴于；为要；在…能看见的地方；估计到才
 考虑到；由于；为了"
inform sb. of sth.,找不到解释
inform sb. about sth.,找不到解释
inquire about,"v. 询问；了解
 打听；咨询；查询"
inquire into,"na. 调查；探索
 推求；查究；探讨"
insist on,"v. 坚持；强调
 坚决要求；坚持要；坚持认为"
insist upon,"v. 坚持；强调
 支持；坚决主张"
instead of,"prep. 代替；作为…的替换
 而不是；替代；取代"
integrate into, 融入到……中去；成为一体，融入；使并入
integrate with,"v. 结合起来
 使与…结合；结合在一起；与人交往"
interfere with sb.,找不到解释
invest in,"v. 投资到
 投资于；在…上投资；在…投入"
isolate from, 使隔离；使孤立；分开隔离
jump the queue,"na. 不按次序排队；企图获得优惠待遇
 插队；加塞；加塞儿"
jump a queue,找不到解释
just about,"na. 正是…附近
 几乎；差不多；正要"
keep an eye on,"v. 密切注意
 照看；留意；密切注视"
keep down,"na. 压住；压服；用小活字排印；缩减
 控制；镇压；控制，压制，镇压"
keep from,"na. 避开；禁止；抑制；隐瞒
 阻止；使免于；使…不"
keep in touch with,"v. 与…保持接触
 与……保持联系；和…保持联系；与…保持联络"
keep one's fingers crossed,"un. 对…了如指掌；祝愿
 交叉手指；祈求成功；乞求好运"
keep pace, 并驾齐驱；齐步并进；不落在后面
keep pace with,"na. 赶上；保持同步；随着…而增长
 跟…齐步前进；跟上；跟上…的最新发展"
keep pace with,"na. 赶上；保持同步；随着…而增长
 跟…齐步前进；跟上；跟上…的最新发展"
keep up,"na. 支持；保持；继续；停歇
 维持；坚持；持续"
kick about, <口>谈论; <口>存在; 漫不经心地踢; 漫不经心地游荡
kick around,"na. 仗势欺人；到处流浪；经常改变行业；从各个角度考虑
 多考虑一下；虐待；粗暴对待"
kick off,"na. (足球)中线开球；开始(某种活动)；死；踢脱(鞋等)
 开始干某事；启动；踢掉"
kick out,"na. 踢出；解雇；踢足球出界
 逐出；把球踢出界；开除"
kick up,"na. 踢起(灰尘)；引起(骚动)
 激起；扬起；出故障"
kind of,"na. 有点儿；有几分
 种类；稍微；相当"
knock about,"n. 武打戏的表演；结实的东西；狠斗；流浪汉
adj. 吵闹的；流浪的；(衣服)结实的
 碰撞；漫游；闲逛"
knock around,"na. “knock about”的变体
 漫游；游逛；漂泊沦落"
knock down,"na. 打倒；拆除；拆卸；(拍卖时)敲槌卖出
 撞倒；击倒；击落"
knock off,"na. 敲落；中止(工作)；即席作(诗文等)；减低(价格)
 下班；停工；打落"
knock out,"na. 敲出；敲空；使屈服；使无用
 击倒；击昏；打破"
know backward,找不到解释
know backwards,熟知; 精通
know better,"na. 明白事理(而不致于…)；很明白(而不致于…)
 有头脑；明事理；有不止如此的了解"
know better than,"un. 心中有数；很明白(不能去)…
 明白事理而不至于做；很懂得；明事理而不至于"
later on,"na. 过后；后来
 以后；随后；稍后"
launch into, （使）在（水）中漂浮; 使下水; 发射上天; （使）开始从事
launch in,找不到解释
lay aside,"na. 保存；放在一边；丢弃；留着
 储蓄；搁置；把…放在一边"
lay down,"v. 躺下；不反抗；屈服；顺从
 放下；制定；规定"
lay great emphasis on,找不到解释
lay off,"na. 辞退；停止；暂停
 解雇；下岗；裁员"
lay over,"n. 中途的短暂停留
 覆盖；涂，覆盖；延期"
learn about,"v. 得知关于；学习关于
 了解；学习有关…知识；学得"
least of all,"na. 尤其是
 最不；尤其不；最不重要的"
leave alone,"na. 丢下不管；不要管
 不理会；让独自呆着；不干涉"
leave to one's own devices, 听任…自便；让…自行发展；让某人自已去想办法
leave off,"na. 戒除；不再穿；休假许可
 停止；中断；停下来"
leave out,"na. 遗漏；忽略；(告诉某人)停下来
 省去；省略；不考虑"
let alone,"na. 任随；更不用说；放任；莫说…(连)
 更别提；更不必说；不管"
let go of,"v. 释放
 放开；松开；放弃"
let slide,"na. 不关心
 对…漫不经心；放过；放任自流"
level off,"na. 弄平；达到同一水准；(物价等)稳定；(飞机降落前)水平飞行
 达到平衡；平整；趋向平稳"
lie in,"na. 存在于；(分娩后)坐月子
 位于；睡懒觉；躺在"
log in,"na. 进入电脑工作系统；“log on”的变体
 登录；登入；登陆"
log out,"v. 退出
 登出；注销；退出系统"
long for,"v. 渴望
 盼望；思慕；思念"
look back,"na. 回头看；回顾；追想 (to；upon)；(对事业等)不起劲
 回忆；追忆；向后看"
look forward to,"na. 盼望
 期待；期望；期盼"
look over,"na. 浏览；检查；察看
 查看；翻阅；调查"
lose contact with, 与……失去联系；失掉联系；离开
lose heart,"na. 沮丧
 失去信心；灰心；丧失勇气"
lose one's temper,"na. 发脾气；发怒
 发火；动怒；生气"
major in,"v. 主修
 专修；专攻；以……为专业"
make a difference,"na. 发生差别；使…有差别；(结果等)是重要的
 有关系；有影响；很重要"
make a fool of,"na. 愚弄
 欺骗；出了洋相；捉弄"
make a thing of, 认为……重要；认为…非常重要；把……作为争论点
make a thing out of,对 ... 小题大做
make a top priority,找不到解释
make an example of, 惩一儆百；惩罚；惩罚…以警戒他人
make for,"na. 有利于；对…有益；倾向于；支持
 走向；向…前进；有助于"
make history,"na. 做名垂青史的大事
 创造历史；做出永垂史册的事情；创造了历史"
make no bones about,"na. 率直；对…毫不踌躇
 毫不犹豫；对……毫无顾忌；对…毫不犹豫"
make off,"na. 逃亡
 逃走；逃跑；急忙离开"
make one's hair stand on end, 令人发指
make out,"na. 理解；发现；起草；证明
 辨认出；填写；开列"
make sense,"na. (话等)有意义；合理；有道理；讲得通
 言之有理；使…有意义；好理解"
make sure,"na. 尽力做到；深信；务必；务请
 确保；查明；确信"
make the best of,"v. 充分利用
 尽量利用；善用；尽力而为"
make the grade,"na. 上陡坡；达到标准；成功
 拔尖；称职；够标准"
make up,"na. 弥补；起草；定；签订
 组成；化妆；编造"
make up for,"v. 偿还；赔偿
 弥补；补偿；补偿，弥补"
make use of,"na. 使用
 利用；利用某事物；利用好时间"
many a,na. 很多； an] one 许许多多人
map out, 在地图上标出; 筹划某事; 详细提出某事; 规
mess up,"na. 搞砸；弄糟；弄脏；弄乱
 搞糟；陷入困境；把…弄糟"
mess with,"v. 惹恼
 打扰；胡乱摆弄；干扰"
might as well,"na. 不如
 不妨；倒不如；最好"
mind your own business,找不到解释
mix up,"na. 调匀；混淆；使结交坏朋友；猛烈互击
 混合；搞糊涂；混合在一起"
mix with,"v. 混合
 与…混合；与…混合在一起；和…混合"
more often than not,"na. 通常
 多半；时常；往往"
move around,"v. 走来走去
 绕着……来回转；四处搬迁；迁徙"
move off,"na. 离去；死；(货物)畅销
 离开；出发；走掉"
move on,"na. 继续前进；(使)继续前进；向前!
 继续移动；往前走；继续前行"
move out,"na. 搬出；开始行动
 搬出去；搬走；迁出"
much as, 虽然；多达；非常像
neither ... nor, 既不……也不；两者都不；均不
no doubt,"na. 无疑地；很可能
 毫无疑问；必定；不要怀疑合唱团"
no matter,"na. 没事儿
 无论；不管；不论"
none other than,"na. 正是；而是；恰恰是
 不是别的；不是别人而正是；不是别人正是"
not in the least,"na. 一点也不
 毫不；绝不；一点儿也不"
not to mention,"na. …不用说
 更不用说；更不必说；更别提"
not until, 直到……才；引导的句子要倒装；引起倒装
now that,"na. 由于
 既然；既然已；现在已经"
nowhere near,"na. 远远没有；总不如(那么好等)
 远不及；差得远；离得远，差得远"
object to sb.,找不到解释
object to sth.,找不到解释
occur to, 想到；被想起；被想到
odds and ends,"n. 零碎；琐碎的东西；小玩意
 零碎的工作；零碎东西；零星杂物"
of a kind, 同类的；同一类的；徒有其名的
of late,"na. 近来
 最近；最近发生的事；最近以来"
of necessity,"na. 必然；不得已；不可避免地
 必然地；必定；无法避免地"
of no account,"na. 不重要的
 无价值的；毫不重要；无足轻重"
off balance,"un. 偿清债务；趔趄
 失去平衡的；失去平衡；不平衡"
on account of,"na. 因为
 由于；为了；基于"
on a dime,"na. 在极小的地方；立刻
 立即；极小地方；在极小的空间中"
on approval,"na. (商品)供试用的
 包退包换的；试销；看货和试用后决定"
on average, 平均；平均起来；通常
on the average,"na. 平均；一般说来
 平均起来；按平均值；平均而言"
on behalf of,"na. 替；为…的利益
 代表；代表某人；以…名义"
in behalf of,"na. 为…
 代表；为…的利益；代表……利益"
on board,"na. 在船上；在车上；出垒
 到船上；上船；已装船"
on business,"na. 因公
 因事；出差办事；有事"
on campus,"na. 在校内
 在校园；在校园里；在校园内"
on condition,"na. 在…的条件下
 接通条件；只要；启动条件"
on condition that,"na. 在…的条件下
 在…条件下；条件是；如果"
on demand,"na. 请求即
 按需；随选；随需应变"
on end,"na. 继续；竖着
 连续地；竖立着；直立"
on grounds of,"以...为理由, 以...为借口, 根据..."
on the grounds of,"na. 根据
 以…为理由；由于；想抓住"
on loan,"na. 出借
 暂借的；借出；借调"
on occasion,"na. 有时；遇必要时
 间或；偶尔；不时"
on occasions, 不时地；有必要时；在…场合
on one's behalf,"为…的利益,代表"
on one's own,"na. 独自地；独立地；凭自己力量；主动地
 单独；靠自己；靠自己的力量"
on schedule,"na. 按时；按时间表；按照预定计划
 准时；按预定时间；正点"
on the contrary,"na. 反之
 正相反；相反地；相反的"
on the fence,"na. 犹豫未决的；中立的
 保持中立；抱观望态度；抱骑墙态度"
on the hour,"na. 准时地；按整小时地
 整点；在整点时刻；每小时"
on the quiet,"na. 私下；偷偷
 秘密地；偷偷地；私下地"
on the shelf,"un. 废弃的；滞销的；闲置的
 在书架上；在架子上；束之高阁"
on the spot,"na. 当场；立刻；用现货；(人)准备妥当
 在现场；在场；马上"
on the spur of the moment,"na. 一时兴起；当场
 一时冲动；一时冲动之下；一时冲动地"
on thin ice, 如履薄冰；履於薄冰；步履薄冰
only if,"conj. 只有当
 只要；除非；只要…就"
open up,"na. (打)开；割开；开发(资源)；揭示
 打开；开辟；开放"
or else,"na. 不然
 否则；要不然；否则，要不然"
or so,"un. 与其说…不如说…；大约
 左右；上下；大概"
or something,"na. 大概是…之类的
 或什么的；诸如此类的什么；或是什么的"
originate from,"v. 起源于；发源于
 来源于；来自；起源於"
other than,"na. 与…不同；除了
 不同于；除…之外；而不是"
out of joint,"na. 脱节；纷乱；不协调；不满
 脱臼；下巴被人打得脱臼；脱臼的"
out of step,"na. 错了步伐
 不协调；步调不一致；不合拍"
out of style,"na. 没有样子；“in/out of style”的变体
 过时的；不时髦；不时髦的"
out of the blue,"un. 难得到的；突然；突如其来；出人意料
 出乎意料；突然地；一日狂徒"
out of the way,"na. 向旁边；让开；迷失；误
 让路；不挡道；不碍事"
out of tune,"na. 不合调；失调；“in/out of tune”的变体
 走调；不协调；走调儿"
owe to,"v. 由于；把…归功于
 应该把…归功于；欠；因为"
owing to,"conj. 由于；因为
prep. 因为；由于
 归因于；由于…的原因；多亏"
pack in,"na. 停止
 放弃；大量吸引"
pack off,"na. “pack away”的变体
 把…打发走；解雇；送走"
pack up,"na. 把…打成包；打包；捆好东西；解雇
 收拾；收拾行李；把…打包"
pair off,"na. 使分成一对一对；两个成一组
 成对而去；分成一对一对；成双配对"
parcel out,"na. 分派
 分配；把……分成若干部分；分送"
participate in,"v. 参加；分享
 参与；参加某事；参加例句"
pass off,"na. 拿(假货)卖给 (on somebody)；混过去；结束；顺利完成
 停止；终止；消失"
patch up,"na. 拼凑；结束；制止；匆忙处理
 修补；平息；解决"
pay off,"na. 偿清(债务等)；付清；发清(工钱)；发清工钱解雇
 还清；偿还；报复"
persist in,"v. 坚持
 固执；坚持不懈；坚持不懈，执意"
persist in sth.,找不到解释
persist in doing sth.,找不到解释
pick out,"na. 挑选；掘出；闻出；领会
 挑出；选出；选出，挑出，拣出"
pick up,"v. 拾起；探出；重新开始
 捡起；拿起；学会"
pitch in,"na. 热情参加
 努力投入；投身于；作出贡献"
plug in,"v. 插入；插插头；插上
 插件；连接；插上电源"
point out,"na. 指出
 指明；说明；指示"
polish off,"na. “polish away”的变体
 草草做完；狼 吞 虎 咽；完成"
portion out,"un. 分配:
 分成若干份"
pour out,"v. 倾吐；诉说
 涌出；倾诉；倾倒"
prevail on,"v. 说服；劝说
 诱使；是劝说"
prevail upon,"v. 说服；劝说
 劝诱；劝说好；词根记忆"
prevail over,"v. 胜过
 压倒；战胜；占优势"
prevent from, 防止；阻止；预防
previous to,"adj. 前于
adv. 在…之前
 先于；在……以前；在…之前的"
prior to,"adj. 前于
 此前；在…之前；先于"
profit by,"v. 得益于
 受益；从…中得益；受益于"
profit from,"v. 得益于
 从…获益；从…谋利；获益于"
provide for,"v. 为…作准备
 为…提供；供养；赡养"
pull apart,"na. 扯断(索子等)；劝开(吵闹)
 拉开；撕开；分开"
pull out,"na. 拔(牙等)；把船划出；(车,船等)开出；(人)出发
 拔出；驶出；抽出"
pull over,"na. (把衣裳)从头上套下来穿；推翻(桌子等)；把(车)靠拢路边
 靠边停车；开到路边；路边停车"
pull through,"na. 恢复健康；痊愈；渡过难关
 度过难关；渡过危机；度过危机"
pull together,"na. 通力合作；拼凑
 齐心协力；团结起来；同心协力"
pull up,"v. 拔起；使…停下
 停车；上拉；阻止"
push into, 推进；推动；小艇靠岸
put ... aside,"na. “set aside”的变体
 储蓄；撇开；放在一边"
put away,"v. 把…收起来；储存
 放好；把……收起来；收好"
put into effect,"na. 实行
 生效；实施；使生效"
put off,"na. 延期；辩解
 推迟；拖延；推延"
put out,"v. 扑灭；熄灭；放出；伸出
 关；关熄；消灭，关"
put through,"na. 经受；测试；试验；使…通过
 接通；完成；把……接通"
put to death,"na. 处死；处死刑
 杀死；处决；治死"
put up,提供；建造；举起；提高；推举，提名；供给…住宿；直接行动
put up with,"na. 忍住
 忍受；容忍；忍耐"
puzzle out,"na. 解决(难题等)
 想出；设法想出；苦苦思索"
quite a number of,"adj. 不少
 相当多的；相当数目的"
rail at,"un. 沉不住气；大骂；责备
 抱怨；奚落；责骂"
rail against, 抱怨；责骂；嘲骂
range over,"un. (在一个地区等)徘徊；俯视；涉及；考虑:
 包括；论及；范围包括"
rather than,"na. 而不
 而不是；宁愿；与其"
react against,"na. 反抗
 作出反抗或反对反应；起反作用；人民反抗侵"
react on,"v. 对…有反应
 影响；对…有影响；起作用于"
react upon,vt.影响
reaction against,找不到解释
reckon on,"v. 依赖；寄望于
 指望；依靠；希冀，倚赖"
reckon with,"na. 和…算账；将…加以考虑
 处理；计算；认为"
refer to,"v. 查阅；提到
 参考；涉及；谈到"
regardless of,"prep. 不管；不顾；不理会
 不论；无论；不注意"
rely on,"v. 依靠；信赖
 依赖；依仗；凭借"
rely upon,"v. 依靠；信赖
 依赖；放心；指望"
remark on,"v. 评论；批评
 谈论；议论；对…的评论"
remark upon,"v. 评论；批评
 评论某事"
remind sb. of ...,找不到解释
resistant to,"adj. 抵抗
 耐……的；抵抗的；有耐药性的"
resolve into, 使分解为；归结为；还原成
resort to,"na. 使用(武力)
 诉诸于；求助于；采取"
respond to ...,找不到解释
result from,"v. 由于
 由...产生；起因于；由…引起"
result in,"na. 终于(失败)
 导致；结果是；造成"
rid sb. of sth.,找不到解释
rise above,"na. 凌驾…之上；超越…；摆脱
 克服；不受……的影响；超然"
rob of,"v. 抢走
 抢劫；盗取；抢夺"
rope in, <非正>说服（某人）（参与某项活动）; 拉拢; 笼络
round the clock,"na. 昼夜不停；整天整夜；昼夜不停地
 夜以继日的；日夜不停地；连续一整天"
rule out,"na. 排除
 排除…的可能性；划去；拒绝考虑"
run down,"na. 下乡；(钟表等)停止；衰弱；赶上(人,猎物)
 撞倒；跑下；撞沉"
run into,"na. 冲进；(河)注入(海)；撞上；到达
 偶遇；跑进；陷入"
run out,"na. 耗尽；用光；过有效期；失效
 用完；用尽；到期"
run over,"v. 轧过；碾过；演练；排练
 辗过；溢出；浏览"
run through,"na. 穿过；匆匆忙忙看一遍；不间断地排练；花光
 贯穿；浏览；跑着穿过"
scale down,"na. (按比例)缩减；分频；“scale back”的变体
 按比例缩小；缩小比例；按比例减少"
scrape by, 勉强度日；勉强维持；勉强过日子
scrape through,"na. 好容易完成；(考试)勉强及格；勉强对付过去；勉强通过
 擦过；勉强度过；勉强取得进入的资格"
scrape together,"na. 一点一点地贮蓄；设法凑拢
 七拼八凑；东拼西凑；积攒"
scrape up,"na. 一点一点地贮蓄；设法凑拢
 积攒；勉强凑足；积蓄"
screw up,"na. 拧紧；钉上；卷成螺丝状；扭歪(嘴,脸等)
 弄糟；搞砸；搞砸了"
see about,"na. 注意；查看；查询；留意于
 考虑；料理；负责处理"
see out,"na. “see through”的变体
 完成；熬过；送到大门口"
see red,"na. 勃然大怒
 生气；冒火；火冒三丈"
see that, 务必；注意；要注意使
see to it that, 保证；务必；务必要
see to,"na. 注意；留心；当心；检查
 负责；照料；留意"
seize on,"na. 猛扑；袭击；利用；采用(提议)
 抓住；抓住，抓紧；占有"
seize upon,"na. 猛扑；袭击；利用；采用(提议)
 抓住；牢牢抓住"
sell off,"na. (打折扣)销完；卖清(存货)
 廉价出清；廉价出售；廉价卖清"
sell out,"na. 卖完；脱销；背叛；欺骗
 售完；卖光；出卖"
sell up,"na. 拍卖；变卖(债务人的财产以抵债)
 卖光；为还债而变卖；卖完"
send away,"na. 撵走；开除；解雇；把…送到远处
 赶走；送走；打发走"
send for,"na. 派人去叫；遣人去拿；乞求
 派人去请；派人去请，召唤；派人去拿"
send in,"na. 拿出；提出；递(名片)；送
 送来；呈报；提交"
set a good example, 树立榜样；树立好榜样；树立好的榜样
set about,"na. 动手；开始；下手；着手
 散布；着手做某事；开始做"
set apart,"na. 分开；分离；留出(充当别用)
 使显得突出；拨出；使分离"
set aside,"na. 搁置；拨出；驳回
 留出；取消；挑出，留出"
set back,"na. 阻碍；延迟；花费
 推迟；推迟，延缓；使退步"
set down,"na. 记入；登记；定；设
 记下；放下；写下"
set free,"na. 释放；使游离
 放走；被释放；赦免"
set foot in,"na. 进入；“set foot on/in”的变体
 踏进；踏上；涉足"
set in,"na. 固定；停当；涨潮；进来
 开始；来临；插入"
set one's heart on,"un. 使得…垂头丧气；热衷；下定决心
 渴望；一心想做某事，决心做某事；下决心做"
set out,"n. 开始；出发；动身；准备
 陈列；着手；陈述"
set the pace,"na. (给…)作步调示范；定出速率；树立榜样；领先
 掌握进攻节奏；掌握比赛节奏；定步速"
settle down,"na. 定居；成家；移居；平静下来
 安下心来；安定下来；安顿下来"
settle for,"na. 满足于
 勉强接受；将就；勉强认可"
settle in,"na. 定居；殖民；搬入(新住所)；使某人搬进(新住所)
 安顿下来；迁入；适应新环境"
settle into,"un. 安置安置；陷入
 适应；习惯于；开始在…居住"
settle on,"na. 决定；选定；授与；赠与(财产,遗产等)
 看中；定居；停在"
settle upon,"na. 决定；选定；授与；赠与(财产,遗产等)"
settle up,"na. 决定；解决；支付
 付清；结账；结清"
sew up,"na. 缝拢；缝合；把…缝入；缝进
 独占；解决；垄断"
shade in, 渐渐调和；渐变
shade into, 逐渐变为；渐渐变为
shake down, <美，口>彻底搜查; 勒索; 使因摇晃而下落; <英，非正> 适应新的生活环境
shake off,"na. 抛弃(坏习惯)；摆脱(坏朋友)；推开；拆开
 抖落；撵走；试图摆脱"
shed light on sth.,找不到解释
show off,"na. 卖弄；自以为是；趾高气扬；炫耀
 出风头；摆谱儿；使显眼"
shut in,"na. 监禁；围住；遮住；迫近
 关井；关进去；禁闭"
shut off,"na. 阻断；使隔开
 关掉；切断；关闭"
shut out,"na. 不让进来；遮得看不见；不让得分
 退关；排除；把…排斥在外"
shut up,"na. 关住；监禁；密封；停止
 闭嘴；住口；关闭"
side by side,"na. 并排着
 肩并肩；肩并肩地；朗文国际英语教程"
sign in,"v. 签到；登记；当你归还某项借出的物品时；在名单上签字以获得入场资格
 登录；登入；注册"
sign on,"na. 签字聘用；签字承认；作工作记录
 登录；签约雇用；签约受雇用"
sign up,"na. 同“sign”
 注册；报名；签约"
single out,"v. 挑选出；精选出
 挑出；是选出，挑出的意思；脱颖而出"
sink in,"un. 晕倒；西斜；渗入；打进心坎
 被理解；被了解；被完全理解"
sit around, 无所事事；坐着没事干；闲坐
sit back,"na. 松劲休息；不活动
 放松；袖手旁观；休息一下"
sit out,"na. “sit through”的变体
 袖手旁观；坐在户外；对……袖手旁观"
sit through,"v. 耐心听完
 看完；一直挺到结束；耐着性子看完"
sit up,"na. 仰卧起坐
 熬夜；坐直；坐正"
size up,"na. 够标准；估量；品评
 打量；估计；判断"
sketch out,"v. 拟订出
 草拟；概述；概略地叙述"
sleep through, 未被吵醒；睡过了；惊醒
slip up,"na. 滑一跤；弄错；失败
 失误；出差错；跌倒"
slow down,"na. 闲下来；减缓；放慢速度；减速
 慢下来；慢点；慢驶"
slow up,"na. 减缓；“slow down”的变体
 慢下来；减速；放慢速度，减速"
smooth over,"na. “smooth away”的变体
 消除；缓和；克服"
snap at,"v. 骂
 咬；厉声说；急促地说"
snap out of,"un. 怒气冲冲；震飞
 迅速从…中恢复过来；从……当中摆脱出来；使迅速从…中恢复过来"
snap up,"na. 咬住；突然插嘴
 抢购；争购；抢购，争夺"
so far,"na. 就是那么些；到现在为止；到目前(此地)为止；就此范围来说
 到目前为止；迄今为止；至今"
soak up,"v. 吸取
 吸收；摄取；吸收摄取"
something of,"na. 在某种意义(或程度)上
 在某种意义上；多少有点；在某种程度上"
sooner or later,"na. 迟早；早晚
 迟早会的；或迟或早；迟早有一天"
sound ... out,"v. 试探；打听
 用语言试探；试探是；试探口风"
spark off,"v. 引爆
 导致；引起；点爆"
speak for,"na. 代表…讲话；订购；要求得到
 为…辩护；为……说话；代表……说话"
speak highly of,"na. 称赞；赞扬
 高度赞扬；高度评价；评价高"
speak out,"na. 大声讲；老老实实讲
 畅所欲言；大胆地说；大胆讲出"
speak up,"na. “speak out”的变体
 大声说；大声地说；大声点"
specialize in,"v. 专攻；专门研究
 专营；专门经营；专门从事"
speed up,"na. 加快(机器等的)速度；使加紧做
 加速；加快速度；增加速度"
spell out,"na. 详细说明；正式拼写
 讲清楚；清楚地说明；拼出"
spin out,"na. 拖延；使(钱等)勉强再维持一段时间；磨度过；使汽车作回形滑行
 拉长；延长；拖长"
spit out,"na. 同“spit”
 吐出；吐出来；中吐出"
split up,"na. (使)分裂；吵架；同“split”
 分开；分手；离婚"
spread out,"na. 张开；铺开；扩张；同“spread”
 展开；散开；摊开"
stand for,"na. 忍耐；忍受；主张；拥护
 代表；象征；代替"
stand in for, 取而代之；替代；作…的替身
stand out,"na. 突出；显著；不参加战争；抵抗到底
 显眼；引人注目；站出来"
stand up for,"na. 拥护
 支持；维护；坚持"
stand up to,"na. 抵抗；反抗；反对；经得起
 勇敢地面对；勇敢面对；顶得住"
start off,"na. 动身
 出发；开始；上路"
start on,"un. 开场；开拓
 开始；开始进行；从做某事开始"
start out,"na. 跳出；开始；企图
 出发；动身；着手"
stay put,"na. 安装牢固
 停住不动；留在原处不动；留在原地"
steam up,"na. (玻璃)蒙上蒸汽而模糊；制造蒸汽；拿出精神；鼓励
 蒙上水汽；促进；使发怒"
steer clear of,"na. 机灵地脱身
 避开；绕开；避开……航驶"
stem from,"v. 出于；基于
 起源于；来自；源自"
stick to,"na. 忠于
 坚持；粘住；遵守"
stick with, 坚持；继续支持；坚持做
straight away,"adv. 马上
 立刻；立刻地；毫不犹豫地"
straight off,"na. 立刻；“right/straight off”的变体
 马上；立即；痛痛快快"
straighten out,v. 改正，清理，澄清; （ 使） 变直; 帮人（或自行）解决问题; （使某人）重回正轨; 解决问题（或困难）
stream into,找不到解释
submit to,"un. 使某人忍受某事:
 顺从；服从；屈服于"
substitute for,"v. 取代；替代
 代替；替换；的替代物"
stuff with,"v. 填入
 用…把…堵住；填满；把某物塞入"
swear by,"na. “swear before”的变体
 发誓；极其信赖；对…发誓"
swear in,"na. 使宣誓就职
 做就任宣誓；宣誓就任；使宣誓就职例句"
switch off,"na. 不收听(某一广播)
 关掉；切断；关闭"
switch on,"v. 打开；接通；参见
 开启；合闸；打开开关"
take a chance,"na. 冒险一试
 碰运气；碰碰运气；给自己一次机会碰碰运气吧"
take a fancy to,"na. 爱好
 喜欢；爱上；喜欢…起来"
take a stand,"na. 困守(城池等)；立定脚跟
 表明立场；明确立场；采取立场"
take account of,"na. 考虑
 考虑到；顾及；考虑到某事"
take advantage of,"na. 乘；利用；欺骗；引诱(女人)
 占便宜；充分利用；对……加以利用"
take after,"na. 尾随；仿效；像
 象；长得像；与相像"
take cover,"na. 躲避；利用掩护物；隐蔽
 找掩护；躲藏；以…为掩护"
take effect,"na. 有效验；生效
 起作用；见效；奏效"
take exception to,"na. 对…提出异议
 反对；不以为然；对…极端的反对"
take an interest in ...,找不到解释
have an interest in ...,找不到解释
feel an interest in ...,找不到解释
take an interest in ...,找不到解释
take no interest in ...,找不到解释
have no interest in ...,找不到解释
feel no interest in ...,找不到解释
take no interest in ...,找不到解释
take into account,"na. 考虑
 把…考虑进去；考虑到；顾及"
take ... into account,"na. 考虑
 把…考虑进去；考虑到；顾及"
take into consideration,"v. 顾及
 考虑到；把……考虑进去；予以考虑"
take sth. into one's confidence,找不到解释
take it easy,"na. “take things easy”的变体
 别紧张；别着急；放轻松"
take on,"na. 担任(工作等)；较量；装(某种样子)；呈现(形势)
 承担；雇用；雇佣"
take one's breath away, 令人咋舌；大为惊讶；目瞪口呆
take over,"na. 接管；继承
 接收；接任；接替"
take the blame,"na. 背过；受责难
 负过失的责任；担负过失；承担责任"
take ... to heart,"v. 非常关心
 认真；认真关注；对…耿耿于怀"
take up,"na. 拿起；举起；拾起；给搭(火车等)
 占据；从事；开始"
tear down,"na. 拆毁；扯下；猛冲
 拆除；拆卸；拆除某物"
tear up,"na. 撕碎；连根拔起；扰乱；跑上
 撕毁；撕掉；拔出"
tell sth. apart,找不到解释
tell sb. apart,找不到解释
tender for, 出某种面值的钱买；投票做某事
thanks to,"v. 感谢；幸亏；多亏
 由于；多亏了；归功于"
think back to, 回想；回想过去；回忆起
think better of,"na. 经考虑后决定不做(某事)；对…有较高评价
 重新考虑；改变主意；转念"
think through,"na. 仔细考虑；全面考虑
 思考…直到得出结论；想通；彻底地全面考虑"
throw away,"na. 抛弃；浪费；拒绝(劝告)；失去(机会)
 扔掉；丢弃；丢掉"
throw light on,"na. 弄明白
 阐明；解释；说明"
throw light upon, 阐明，使…清楚
throw a light on,"vt.帮助说明,阐明"
throw a light upon,"vt.阐明,有助于说明"
throw off,"na. 摆脱(习惯,拘束等)；抛弃；脱掉(衣服)；甩掉
 扔掉；摆脱掉；扔开"
throw up,"na. 呕吐；抛上；急造；丢弃
 吐出；抛起；举起"
thumb through,"na. 翻查一过
 翻阅；迅速翻阅；翻阅一遍"
tire out,"na. 使疲倦到极度
 筋疲力尽；使筋疲力尽；使……十分疲劳"
to a certain extent,"na. “to a certain degree”的变体
 在一定程度上；在某种程度上；达到某种程度"
to begin with,"na. 首先；本来
 第一；一开始；起初"
to date,"na. 至今
 到目前为止；迄今；迄今为止"
to death,"na. 到极点
 判某人死刑；打死；至死"
to excess,"na. (吸烟)过度
 过分；过量；太多"
to start with,"na. 首先
 第一；作为开始；一开始"
to the best of one's ability,"na. 竭力
 尽力；尽全力；尽量"
to the contrary,"na. 反对地
 意思相反的；相反地；正相反"
tone up,"na. 提高；变强；同“tone”
 加强；增强；增强色调"
touch on,"na. 说到
 涉及；提及；谈及"
touch upon,"与...有关, 涉及..., 提到..., 提及, 谈及"
trace back to,"v. 追溯
 追溯到；追溯往昔；逆水而行"
trail away, 散去; （声音）逐渐变弱
trail off,"na. (声音)逐渐消失；“trail away”的变体
 逐渐变弱；减弱；变小"
turn a deaf ear,"un. 回心转意；置之不理
 充耳不闻；不加理睬；听而不闻"
turn away,"v. 转变方向
 转过脸去；避开；走开"
turn down,"na. 翻下(衣领等)；扭小(灯火等)拒绝考虑；拒绝(某人)
 关小；调低；驳回"
turn one's back on,"na. 不理睬；丢弃；逃出
 背弃；抛弃；拒绝"
turn out,v. （以某种方式）发生；最后是；结果是 （尤指天气突然）变得（晴好） 原来是；结果发现 出席;参加;前去观看关掉，熄灭（电灯、煤气等） 出席;参加;前去观看生产；制造 （尤指把某人从其长期居住处）撵走，赶出，逐出 翻出；倒出 出席；参加；前去观看
turn over,"na. ￡ 500 a week 每星期卖得五百镑
 移交；翻转；翻过来"
turn the corner,"na. 转弯；度过危机；情形好转；拐过街角
 渡过难关；转危为安；拐弯"
turn to,"v. 向(某人)求助；求助于
 转向；变成；翻到"
under any circumstances,"un. 不管怎样；无论如何
 在任何情况下；在无论何种情况下；一个中文词语或英文单词"
under no circumstances,"na. 无论如何不
 决不；在任何情况下都不；无论在什么情况下都不要"
up to,"na. 干(着)；到；胜任；…的责任
 直到；多达；取决于"
vary from,"v. 不同于；不等于
 从……到……不同；在某方面不同；范围在"
wait on,"v. 等着
 服侍；侍候；伺候"
wear out,"na. 精疲力尽；用坏；穿破；磨破
 磨损；穿坏；穿旧"
weigh down,"na. 使负重担；压迫
 压倒；使…负重担；沉重地压在心头"
what if,"v. 应如何
 如果；如果…将会怎样；如果…将会怎么样"
wind up,结束；使紧张；卷起；（非正式）忽悠某人（wind sb up）；上紧(钟、表等的)发条
with regard to,"na. 关于；对于；为了答复；“in/with regard to”的变体
 至于；就…而言；至于，就"
in regard to,"na. “in regard of”的变体
 关于；至于；对于"
with respect to,"na. 考虑到
 关于；至于；有关"
without prejudice,"na. 无偏见；不违背；不使(合法权利等)受损害
 无妨碍；不损害；不得用以损害任何一方权益"
without prejudice to, 不损害；在不影响…的情况下；在不损害合法权利的前提下
word for word,"adv. 逐字翻译
 逐字的；逐字地；一字不变地"
work off,"v. 渐渐消除
 除去；售出；清理"
wrap up,包裹；圆满完成；（使）穿得暖和（wrap somebody/yourself up）；注意力完全集中于……
a range of,"det. 一大片；一排
 一系列；一些；一系列的"
access to, 接近；进入；通向…的入口
accuse sb. of doing sth.,找不到解释
adapt oneself to,"na. 适应(环境)
 使自己适应；使自己适应或习惯于；使自己适应于"
all night long,"na. 整夜；一夜
 整晚；一整夜；风骚俏佳人"
all over,"adj. 满
n. 全花织物
 到处；遍及；结束"
amuse sb. by doing sth.,找不到解释
apply to,"v. 应用于
 适用；适用于；应用到"
argue with,"un. 争论
 与……争论；争吵；争辩"
arrange for,"na. 约(会面时间)
 安排；准备；为…作安排"
attach to,"v. 连接在…上；归于
 附属于；贴上；附上"
attitude toward, 对…的态度；意见；对于···的态度
attitude towards,"un. 对…态度
 对…的态度；科技态度；看法"
attract attention,"na. 惹眼
 引起注意；吸引注意；吸引注意力"
attract one's attention,找不到解释
balance between A and B,找不到解释
be absorbed in,"na. 全神贯注在…；热衷于
 全神贯注于；专心于；一心从事"
be accused of, 被指控；被指责，谴责；被控诉，控告
be advisable to,找不到解释
be annoyed with sb.,找不到解释
be applicable to,"v. 适用于；能应用
 应用于；适应于；适当的"
be away from, 远离；离开；从……离开
be aware of,"na. 知道
 意识到；觉察；了解"
be beneficial to,"v. 有益于
 对…有益；有利于；对…有利"
be bound to,"v. 一定要；决心
 必定；注定；一定会"
be certain of,"v. 确信；深信
 肯定；有把握；一定"
be characterized by,"na. 有…的(显著)特点
 以…为特征；的特点在于；典型代表了"
be conscious of,"na. 意识到
 察觉；知道；觉察"
be content with,"na. 以…为满足
 对…满意；满足于；对……满足"
be designed to, 被设计用于做；目的是；被设计作
be doubtful about,对…感到怀疑
be enthusiastic about, 热衷于；对…热情；对……怀着热情
be envious of,"v. 嫉妒
 羡慕；妒忌；非常羡慕"
be essential to,"v. 对…必不可少
 对…不可缺少；必不可少的；非常重要的"
be essential for, 对……至关重要；对……很必要；对…很重要
be inferior to, 劣于；不如；低于
be in the mood, 想要做某事；在状态；有心情
be not in the mood,找不到解释
be in the mood for sth.,找不到解释
be not in the mood for sth.,找不到解释
be in the mood to do sth.,找不到解释
be not in the mood to do sth.,找不到解释
be involved in,"na. 被包入；被卷入漩涡
 参与；涉及；介入"
be keen to do sth.,找不到解释
be loyal to,"v. 忠实于
 对……忠诚；忠于；忠诚于"
be meant to, 有意要；应该是；打算
be opposed to,"v. 反对；与…相对
 她不反对必要的改变；强烈地反对；反对老师的观点"
be popular with sb.,找不到解释
be relevant to,"v. 有关
 与…有关；和……相关；与……相关"
be reluctant to, 不愿意；不情愿；不愿做…的
be remarkable for, 以…而著称；在某方面显著；很突出
be responsible for,"v. 负责；担负
 对…负责；为…负责；对……负责任"
be skeptical about,找不到解释
be stuck with, 无法摆脱；遇到困难无法进行下去；解脱不了
be suitable for,"v. 合适
 适合于；对……合适；对…适合"
be supposed to,"na. …(在职务上)要；不许
 应该；被认为；被期望"
be sure of,"na. 确信
 对……有把握；确定；深信"
be to blame,"na. 该负责
 该受责备；应该负责；应受责备"
begin with,"na. 从…开始
 以…开始；开始于；以…为起点"
benefit from,"v. 从…得到好处
 受益于；从……中受益；从…中获益"
beyond expression,"na. 形容不出；无法表达
 无法形容；说不出的；无法用语言来形容"
by design,"un. 设计；有意的
 故意地；设计的；故意的"
chase after,"v. 追逐
 追赶；追求；同本义"
claim for,"v. 要求
 索取；索赔；提出…原因的索赔"
combine with,"na. 和…结合；与…化合
 与…结合；联合；与…混合"
come on to, 吃豆腐；对……轻薄；献殷勤
command of, 掌握；对…精通；国家需要更多精通英语的人
commit suicide,"na. 自杀；自尽
 寻短见；自裁；自杀身亡"
communicate with,"v. 联络
 与…交流；和…交流；沟通"
compete against,"v. 竞争
 展开竞争；与……竞争；与某人竞争"
compete with,"v. 竞争
 与……竞争；与…抗争；高下"
compete in,"v. 竞争
 参加比赛；在某方面竞争；参加……的比赛"
compose oneself to do sth.,找不到解释
concentrate on,"na. 集中在；专心于
 全神贯注于；专注于；集中精力于"
concentrate on sth.,找不到解释
concentrate on doing sth.,找不到解释
conclude from, 相信某事物；从··推断出；从···中得出结论
conclude ... with ...,找不到解释
confess to sth.,找不到解释
confess to doing sth.,找不到解释
convert to,"na. 使(某人)改信(某教,尤指改信基督教)
 转换到；转换为；转换至"
convince sb. of,"na. 使(人)承认
 确信；使确信；使信服"
cooperate with sb.,找不到解释
cooperate with sb. in doing sth.,找不到解释
credit card,"n. 信用卡
 贷记卡；申请信用卡；意思是信用卡"
cut away,"na. 切开；乱砍；逃走
 砍掉；切掉；切除"
devote oneself to,"na. 专心从事(研究)；一味贪玩
 献身于；致力于；致力于，献身于"
discourage sb. from doing,找不到解释
distinguish ... from ...,找不到解释
distract from, 分散；转移；使人分心
dozens of,"adj. 许多
 几十；几十个；很多"
draw away,"na. 拉走；离开；拔出；(赛马,赛跑等)跑到前头
 引开；拉开；闪开"
drive out,"v. 逐出；乘车出去
 驱逐；赶出去；驱赶"
economic recession,"un. 经济衰退
 经济萧条；经济不景气；经济萧条期"
elaborate on,"v. 详细说明
 阐明；详细谈论；详述"
be opposed to,"v. 反对；与…相对
 她不反对必要的改变；强烈地反对；反对老师的观点"
equip with,"v. 装备
 配备；以…装备；用…装备"
even so,"na. 即使如此；确是那样；正是那样
 虽然如此；尽管如此；即使这样"
exist in,"na. 存在于…中
 存在于...中；存在……中；存在于……之中"
fail to,"v. 未能；使…失望
 不能；没有；没能做成"
fall into,"na. 开始；分解(成几部分)；陷入(网等)中；变成
 落入；分成；陷于"
fight for,"v. 争取
 为…而战；为……而斗争；为…而战斗"
fit into, （使）适合， （使）合乎…的时间，与…融为一体; 纳入
for an instant,"na. 一瞬间
 片刻；只是一个瞬间；一时"
for the purpose of,"na. 为…
 为了…目的；为……目的；为了……的目的"
free of charge,"na. 免费
 不收费；免费的；无偿"
frighten away,"v. 吓走
 吓跑；吓走例句"
gather up,"na. 收集；总括(事件)；蜷缩(手,脚等)；集中力量
 收集起；拾起；概括"
get into the habit of,"na. 养成某种习惯
 养成……的习惯；染上…的习惯；养成习惯"
get out of,"na. 逐渐放弃(恶习)；避免；由…出来；拔出
 逃避；摆脱；离开"
a glimpse at,找不到解释
go back to,"v. 追溯到
 回到；返回到；追溯至"
go on strike,"na. 实行罢工
 举行罢工；进行罢工；罢工行动"
hand round,"na. 顺次传递；分交；传递给每一个人
 传阅；分发；分发给众人"
have access to,"na. 得接近；得会见；得进入
 使用；有权使用；可以接近"
have an acquaintance with sb.,找不到解释
have an advantage over,"na. 胜过
 优于；比……有优势；比…处于有利地位"
have an effect on,"na. 对…有影响
 对……产生影响；对……产生作用；对……有效果"
have an insight into sth.,找不到解释
give an insight into sth.,找不到解释
have confidence in,"信任,信赖 in confidence 秘密地,私下,暗中"
have faith in,"na. 相信
 信任；对……有信心；信仰"
have no idea,"un. 心中有数；对…一无所知；感到茫无头绪；不想
 不知道；不清楚；一点不知道"
have trouble with,"v. 同某人发生纠纷
 同…闹纠纷；在……方面有麻烦；有病痛"
hold to,"na. “Hold fast”的变体
 坚持；紧握；坚持某个看法"
hold true,"na. “Hold good”的变体
 有效；适用；依然正确"
impress with,"v. 深深打动
 使铭记；因…获得好印象；对……印象深刻"
impress sb. with,"v. 深深打动
 使铭记；因…获得好印象；对……印象深刻"
in an instant,"na. 立刻
 马上；一会儿；霎时间"
in hot water, In hot water的意思并不是“在热水中”，它的确切意思是指某人或某些人遇到非常麻烦的问题了。
inform sb. of,"v. 通知关于
 告诉；将…告知；报告"
inform sb. about,找不到解释
in that,"na. 因为；以…的理由
 由于；在于；在…方面"
in the form of,"na. 用…的形式
 以…形式；以……的形式；以某种形式"
in the process of,"na. 在…的过程中
 在……的过程中；在…过程中；在进程中"
in the shape of,"na. 以…的形状；呈…的形状；以…的形式；作为…
 以……的形状；呈...形状；以……形状"
in this way,"na. 用这个办法
 这样；用这种方法；以这种方式"
infer from,"v. 推断
 从…推断出；从…中推断；推论"
influence on ...,找不到解释
influence with ...,找不到解释
influence upon ...,找不到解释
inspire sb. with sth.,找不到解释
inspire sth. in sb.,找不到解释
interpret ... as ...,找不到解释
isolate ... from ...,找不到解释
be isolated from ...,找不到解释
just as,"na. 正像；正在…的时候
 正如；正象；正当…的时候"
keep a record of,"un. 公开(提倡)；把…记下来
 记录；登记；把……记录下来"
keep one's distance,"na. 避开
 保持疏远；不接近；保持一定距离"
kill two birds with one stone,"na. 一举两得；一石两鸟
 一箭双雕；一石二鸟；一石双鸟"
lag behind,"na. 落后
 滞后；落在后面；落后于"
lay the foundation for,"na. 给…打下基础
 给...打下基础；给奠定基础；为……奠定基础"
lock away,"na. 锁起来
 把…锁藏起来；把它锁起来；下锁保管"
lose one's nerve, 没勇气；丧失理智；紧张
make a bargain with,"和……讨价还价
与......达成协议"
make a fortune,"na. 发财
 赚大钱；发大财；发财致富"
make a mess of,"na. 把…弄糟
 搞糟；弄乱；制造乱七八糟"
make a profit, 获利；赚钱；赚取利润
make an appointment,"n. 预约
 约会；预约挂号；约时间"
make mention of,"na. 写到
 提及；提到；说到"
make one's acquaintance of sb.,找不到解释
make sense of,"na. 了解…的意义
 理解；弄懂……的意思；懂得"
measure up to,"na. 达到(希望等)
 符合；够得上；符合标准"
mistake sb. for sb.,找不到解释
no more than,"na. 不过是；仅仅
 至多；只是；只不过"
note down,"un. 记录
 记下；记下来；写下"
on one's own behalf,找不到解释
on the edge of,"na. 快要
 在…的边缘；处于……的边缘；在边缘"
on the instant,"na. 立即；即刻
 马上；立刻"
optional course,"un. 选修课
 选修课程；公共选修课；公选"
pass down,"un. 过；一闪即逝；下达
 传递；传下去；传下来"
pay for,"na. 付开销；赔偿(损失)；(为某种过失)付出代价；吃亏
 付款；付钱；支付"
peer at, 凝视；仔细看；眯眼看
persist for,找不到解释
pile up,"na. 堆积；积聚；(汽车等)挤在一起；(使)(船)搁浅
 累积；堆起来；积累"
plunge into,"v. 投入；跳进
 跳入；纵身投入，跳入；投身于"
polish up,"na. 完成；改善；同“polish”
 擦亮；磨光，擦亮；润色"
pop up,"v. 突然出现
 弹出式；弹出窗口；弹出式调查"
pour down,"v. 倾注；奔流而下
 倾泻；倾盆而下；倾泻而下"
pour into, 不断地流进; 注入; 灌注; 倾注
praise for, 称赞；因…表扬某人；因某事称赞某人
prohibit from,"v. 禁止
 不准许；阻止；禁止做某事"
propose to do, 打算；打算做某事；建议做
propose to doing,找不到解释
protect against,"un. 防止；陪伴
 保护；防御；防范"
provide with,"v. 供给；供应
 提供；给…提供；以…装备"
push up,"v. 提高；强使(物价等)上升
n. 俯卧撑
 向上推；伏地挺身；掌上压"
put down,"na. 平定；贬低(的话)；(飞机的)降落
 放下；镇压；记下"
put forward,"na. 提出(计划,意见等)；建议；促进；推举(候补人等)
 提前；推荐；表提出"
put right,"na. 改正；修理；矫正；订正
 纠正；使恢复正常；整理"
qualify for, 有…资格；使具有…的资格；有资格充任
queue for,找不到解释
queue up for, 为……而排队等候；排队等待
read through,"na. (从头到尾)读完
 通读；读一遍；看完"
register with, 挂的号；注册码；登记
relate with,把…同…联系起来 connect sth in thought or meaning
require of,"v. 需要
 要求；对…的要求；要求得到"
root in, 扎根于；来源于；起因于
run a fever,"na. 发烧；“run a temperature/fever”的变体
 发高烧"
rush off, 匆忙走掉；冲出；匆忙离开
save on, 节省；节约；节省，节约
see eye to eye,"na. 看法一致
 看法完全一致；意见一致；我们意见相同"
sense of responsibility, 责任感；责任心；责任意识
shake one's belief,找不到解释
show respect for, 对…表示尊重；尊敬；尊敬某人
speak well of,"na. 称赞；“speak well for/of”的变体
 说…好话；说…的好话；赞扬"
stake ... on,"stake on
把(钱等)押在…上，用…打赌：
I would stake all my money on the chess with you.
我可以用我所有的钱跟你赌这盘棋。
冒…的风险去做(某事)；以…担保：
If you had taken my advice,you wouldn't have made such a bad mistake. I can stake my life on that.
如果你听了我的劝告，你就不会犯下这样的大错了，事情绝对是这样。"
stay up,"na. 不去睡觉；不沉
 熬夜；不睡觉；熬夜，不睡觉"
step out,"na. 下(车)；走出屋外；放大脚步；辞职
 跳出；单步跳出；失步"
strive for,"v. 争取；奋发图强；收下
 为…而奋斗；为…奋斗；力求"
suffer from, 患（某种病），受（某种病痛）折磨; 因…而受罚; 闹; 罹
take in,"na. 加以考虑；访问；收进；收容
 欺骗；吸收；接受"
take occasion to,"na. 乘机…
 利用机会"
tend to,"v. 倾向于；有助于
 趋向；趋于；往往"
the ability for sth.,找不到解释
the ability in doing sth.,找不到解释
the ability to do sth.,找不到解释
tidy up,"v. 整理干净
 收拾；收拾干净；拾掇"
to some extent,"na. 在某种程度上
 在一定程度上；从某种程度上讲；从某种程度来讲"
twist one's ankle,找不到解释
under discussion,"un. 正在讨论中
 讨论之中；所谈及的；处于讨论之中"
warn sb. of,"na. 警告(某人)有危险
 发出关于…的警告；警告某人某事；警告可能会出现某事"
with the exception of,"na. 除…外
 除...之外；除了；除了……之外"
a multitude of,"na. 许多
 大量；众多的；大批的"
account for,"na. 证明；由于；说明(银钱等的)用途；打死
 解释；占；说明…的原因"
acquaint with,告诉，告知，通知；使知道，使认识，使了解；使熟悉；使相识，与…结识，介绍
act on,"na. “Act upon”的变体
 按照…而行动；对…起作用；按照…行动"
adhere to,"v. 坚持；依附
 遵守；附着；粘着"
all at once,"na. 忽然；突然
 同时；一下子；突然地"
amount to,"v. 合计
 总计；等于；共计"
appeal to ... for, 求助于
apply for,"v. 寻求；申请
 提出申请；申请…职位；请求"
approach to,"v. 接近；近似于
 的方法；办法；途径"
argue against,"na. 反对…
 据理反对；争辩；为反对…而辩论"
ascribe to,"v. 把…归于
 归因于；归咎于；归功于"
ask around,"v. 到处问问
 到处打听；四处打听；四处询问"
assert oneself,"na. 坚持自己的权利；表现自己
 显示自己的权威；坚持自己的权力；维护自己"
associate ... with,"v. 与…联系
 结交；联合；交往"
at a premium,"na. (股票)以超过票面以上的价格；非常需要
 按溢价计算；溢价发行；按升水价格计算"
at every turn,"na. 在每一个关键时刻；在每一个角落；到处；老是
 事事；每次；经常"
at length,"na. 最后；充分地
 详细地；终于；终于，最终"
at risk,"un. 担风险
 有危险；在危险中；处于危险中"
attend to,"na. 照料(工作)
 照顾；注意；处理"
at the time of ...,找不到解释
at the time that ...,找不到解释
at will,"na. 任意；随意
 随心所欲；任意地；随意地"
at the outset,"na. 在开头时
 在开始时；从一开始；开始的时候"
from the outset,"na. 从一开始
 从一开始起；从开始时；伊始"
attach importance to,"na. 重视；把重点放在
 十分重视；认为重要；着重于"
attract attention,"na. 惹眼
 引起注意；吸引注意；吸引注意力"
available for, 可用于；适用范围；适用于某物
back and forth,"na. 来回地
 反复地；往返；前后"
back out,"na. 打退堂鼓；食言；退出；后退
 取消；收回；扭出"
bear up,"na. 支持；咬紧牙关坚持；驶向下风
 拥护；鼓起勇气；振作"
be abundant in,丰富的，富裕的
be adapted to,"v. 适合于；适应
 适合做某事；使适合；使…适合于"
be addicted to,"na. 嗜好
 沉溺于；对……上瘾；沉迷于"
be adequate for,适合
be at issue, 在争论中，不和的；待裁决的；成为讨论的焦点
be beyond question,"vi.毫无疑问,无可争辩"
be beyond all question,找不到解释
be blind to,"na. 不明
 对…是盲目的；不了解；对……视而不见"
be bound to,"v. 一定要；决心
 必定；注定；一定会"
be cautious about,找不到解释
be comparable with,"v. 可比于
 与…可比较的；没有哪；把…与…比较"
be comparable to, 比得上；和…相当；犹如
be composed of ...,找不到解释
be critical of, 批评的；爱挑毛病的；对……持批评态度
be deficient in,缺乏，欠缺…，在…方面有所不足
be dissatisfied with,"na. 不满于
 对……不满；对……不满意"
be doomed to, 注定；注定要；注定注定要
be exclusive of,"除去,不包括…"
be familiar to,"v. 熟悉
 为…所熟悉；对……熟悉；为…熟悉"
be fit to, 适合
be immune to,"对...有免疫力, 可避免..., 不受...的影响"
be implicit in,找不到解释
be in danger, 处于危险之中；处于危险中；处于危险当中
be in danger of,"na. 有…危险
 有危险；有……的危险；处于……的危险之中"
be in embryo,找不到解释
be in place, 在适当的地位；在位；合适
be in one's shoes,找不到解释
be inclined to,"v. 倾向于；想要
 有意；有某种倾向；倾向做某事"
be indicative of, 表明；暗示；表示
be instrumental in, 在某方面起到关键作用；在某方面起作用
be intent on,"v. 对…一心一意
 对某事专心致志；决心要做；专心于"
be irrespective of,找不到解释
be isolated from, 绝缘；自…被分离出来
be nervous about,找不到解释
be off the track,找不到解释
be on the alert, 警惕；戒备；注意
be open to,"na. 易受；易接受；对…开着门
 对……开放；易于接受；向---开放"
be optimistic about, 对……乐观；对…很乐观；对于…感到乐观
be prone to,"v. 易于…的
 倾向于；容易；有…的倾向"
be reluctant to, 不愿意；不情愿；不愿做…的
be sensitive to,"na. 对…敏感
 对…敏感的；对……感到敏感；易感受"
be stuck in, 陷入；陷进；陷于
be susceptible to,"na. 对…敏感
 易受影响的；容易受到；易患"
be stuck in, 陷入；陷进；陷于
be susceptible to,"na. 对…敏感
 易受影响的；容易受到；易患"
be suspicious of,"v. 怀疑
 对某事或某人持怀疑的态度；对…有疑心；对…怀疑的"
be tolerant of,"na. 对…能容忍
 对…容忍；对……的容忍；对……宽容"
be unaware of, 不知道；没有意识到；没意识到
be unfamiliar with, 不熟悉；对…不了解或不熟悉
be weary of, 对…感到厌倦；厌烦；厌烦的
be worthy of, 值得；配得上；对得起
behave oneself, 规规矩矩；守规矩；有礼貌
beyond description,"na. “beyond expression”的变体
 难以形容；无法形容；无法描述"
blame sb. for sth.,找不到解释
break away from,"v. 脱离；离开；断绝与…的关系
 摆脱；从…脱离；脱离等"
break up,"v. 拆散；打碎；剖割(兽体等)；破坏
 分手；结束；分解"
brim over,"un. 溢出
 盈溢；洋溢；充溢"
brim over with,"na. (精神等)饱满；(才华等)横溢；漫出
 充满；满溢；有丰富的"
brood on,"un. 郁闷地沉思
 耿耿于怀；念念不忘；计较"
brood over,"na. 俯视；笼罩
 郁闷地沉思；闷闷不乐；仔细考虑笼罩在……上"
brood about,"vt.苦思,沉思"
build up,"na. 同“build”；建立；复兴；集结(部队)
 逐步建立；增进；积累"
but for,"na. 要不是；除…而外
 如果没有；倘没有；要是没有"
buzz around," <俚>匆忙而紧张地行动, 乱哄哄地跑来跑去"
buzz about, 跑来跑去；闹哄哄地跑来跑去；匆忙而紧张地行动
by the name of,"na. 名叫…的
 名叫……的；以……之名；这人叫"
by analogy,"na. 照此类推
 用类推的方法；用类比的方法；用类推法"
by heart, 牢记；凭记忆；熟记
by means of,"na. 以
 用；依靠；借助于"
by nature,"na. 生就；从本性上说
 生来；天生的；生性"
by reason of,"na. 凭…的理由
 由于；因为；原因"
by the same token,"adv. 举证
 同样地；由于同样原因；由于同样的原因"
by virtue of,"na. 靠
 由于；凭借；因"
call about, 为调查…而访问；找…谈某事
carve out, 雕刻出…; 用辛勤的劳动创造出…; 剜
carve up, 把（某物）切成块; <贬><非正>瓜分（某物）; 脔割
cast light on, 映照；阐明；使明白
cast light upon,阐明;使人理解某事;使某事更为清楚 
check with,"na. 与…相符合
 与...相符合；与…一致；商议"
clamp down,"v. 严厉打击；强制执行；严禁；施压
 取缔；施加压力；对……施压"
clamp down on, 压制，取缔
clean up,"na. 收拾干净；改正；赚厚利
 打扫；打扫干净；清除"
cling to,"v. 依附；坚持
 墨守；紧紧抓住；附着"
coincide with,"v. 与…一致
 与……相符；不谋而合；符合"
collide with,"v. 碰撞
 冲突；互撞；抵触"
come apart,"na. (精神)错乱；分开了
 崩溃；破裂；瓦解"
come away,"na. 脱掉
 离开；脱落；脱离"
come away from, 某物脱离了另外一个物体；空手而回
come between,"na. 介入…之间；离间
 介入……之间；在…中间；妨碍"
come by,"na. 到手；通过附近；拜访
 得到；获得；看望"
come down,"na. 败落；退步；(飞机的)下降
 下来；病倒；降落"
come in contact with,"na. 和…接触；碰见
 与…取得联系；接触到；同…接触"
come in for,"na. 来取；接受；受到(处分等)
 领取；得到；遭到"
come into existence,"na. 产生；成立
 开始存在；形成；出现"
come off,"na. 同“come across”；(人)走了；(扣子,齿,发)脱落
 成功；实现；举行"
come out with,"na. 发表；讲出；泄露(秘密)；展出
 说出；公布；供应"
come over,"na. 渡过来；(从敌方)过来；变挂；欺骗
 顺便来访；从远方来；走过来"
come to grief,"na. 失败；受伤；受欺负；出毛病
 遭难；吃亏；无由之灾"
come to one's senses,"na. 恢复理性；恢复知觉；苏醒过来；醒悟过来
 恢复理智；不再做傻事；固定用法恢复知觉"
come up against,"na. 遭到(反对)；与…矛盾
 碰到；遇到；与...矛盾"
come up with,"na. 想出(一个主意或计划)；提出；提供；筹措
 赶上；找到；想出某事"
comply with,"v. 遵守
 遵从；依从；服从"
conceive of,"na. 想出(计划)
 设想；想象；构想"
confer on,"un. 授给
 授予；给予"
confide in,"v. 信任；吐露秘密
 对…讲真心话；依赖；向……吐露秘密"
conform to,"na. 遵照；顺应；遵守
 符合；遵从；适合，符合"
conform with,"v. 符合
 合乎；与一致；与某事物相符或相一致"
cook up,"v. 伪造
 虚构；编造；捏造"
cool off,"na. 变凉；使…冷静；(销量,价钱等)下降
 平静下来；冷却；冷静下来"
cope with,"v. 对付；应付
 处理；应对；解决"
correlate to, 使相互关联；相关；与…相互关联
correlate with, 找出一一对应的关系；与…相关；使相互关联
cover up,"na. 包庇(某人)；为某人打掩护；蒙盖；隐蔽
 掩盖；掩饰；掩饰，掩盖"
crash down,"v. 下坠
 哗啦一声倒下；猛然倒下；朝下猛撞"
crash into,"v. 撞入
 撞上；撞到……上；撞向"
contribute to,"na. 捐助；给…投稿；捐(款)给；投寄(一篇论文)给(某杂志)
 有助于；促成；贡献"
count on,"na. 指望；预料到；期望
 依靠；依赖；期待"
cut into,"na. 插入话头；多嘴；打断(话头)突然加入
 侵犯；切成；削减"
cut short,"na. 打断(讲话)；使停止；缩减；从简
 中断；突然停止；缩短"
dash off,"na. 飞出；急忙离开；一气写成(文章等)
 匆忙完成；迅速写；迅速完成"
date back to,"na. 回溯至
 追溯到；始于；可追溯到"
dedicate to,"v. 献给
 奉献；致力于；献身"
defend ... from,找不到解释
deprive of,"un. 剥夺
 剥夺某人的；使失去；使丧失"
descend from,"na. 是…的后裔
 从……下来；传下来；起源于"
descend on,"na. 袭击；突然访问
 突然袭击；突然到来；突然大批来访"
descend to,"v. 降低身份；屈就；沦落
 下降；传给；转而提到"
detach from,"v. 分离自
 使分开；拆卸；拆下"
deviate from,"v. 越轨；违背
 偏离；背离；背离，偏离"
die from,"na. 因伤致死
 死于；由于…而死；因某事而死"
die out,"na. 死绝
 灭绝；消失；逐渐消失"
dig down,"na. 挖倒；掏腰包
 挖下去；挖去；掘倒"
differentiate between,"un. 区分
 分辨…和；要能区分"
disapprove of,"v. 不赞成
 不赞同；不同意；反对"
discriminate against,"na. 歧视
 排斥；不一样对待；某些人歧视"
discriminate between,"v. 区别于
 辨别；区分；对类同人或物加以区别"
dispense with,"na. 省；免除；没有也行；豁免
 无需；没有...也行；省掉"
dispose of,"na. 安排；解决；办妥；杀掉
 处理；除掉；处置"
do a bunk, <俚>逃之夭夭，溜之大吉
doze off,"v. 打瞌睡
 打盹；打盹儿；打磕睡"
drag on,"na. 迁延；使拖延；拉长(声调等)；挨过
 拖长；延长；拖拖拉拉"
drag out,"na. “drag on”的变体
 拖延；延长；拖出"
draw attention to sth.,找不到解释
draw one's attention to sth.,找不到解释
drive away,"v. 赶走
 开走；把车开走；离开"
drop in,"(使)落进；(使)往里坍塌：
偶然(或顺便)走访(或访问)(on)；逐渐进入：
(有选择地)加入；愿意(或决心)参加：
放下(吊幕)，吊装布景："
drown out,"na. (洪水)把(人)赶跑；把(另一声音)压倒
 压过；盖过；常比喻声音被盖过"
dry out, （使）变干， （使）干涸; <非正>（使）戒（酒、毒等）; 晾干
dwell on,"na. 细想详述仔细研究强调；拖长(发音)仔细打量；减慢
 详细讲述；凝思；老是想着"
dwell upon,"na. 细想详述仔细研究强调；盯着看；减慢
 深思；仔细想，深思；详细讲述"
earn a living, 谋生；谋生或维持生活；赚钱谋生
eat up,"na. 吃完；消耗；沉迷于；很快走完(距离)
 吃光；吞灭；吃掉"
ebb and flow,"na. 消长；潮涨退；盛衰
 退潮；潮起潮落；潮的涨落"
endow with,"v. 捐助；赋予
 具有"
enroll in,"v. 登记
 报名参加；参加；加入"
enroll on,找不到解释
err on the side of, 宁失之；在…做过了头；过分表现
exempt from,"v. 使…免除
 豁免；免除的；免予"
fall off,"na. 下降；(从马上)掉下来；扫兴颓丧；离开
 跌落；减少；衰退"
fall prey to, 被困：陷入困境，有遭受迫害、毁灭或侵袭的危险
fall short of,"na. “come short”的变体；“fall short”的变体
 达不到；缺乏；不符合"
fall on,"na. 开始(行动)；袭击；适逢；忽然看出来
 落到；落在……上面；叠印"
fall upon,"na. 开始(行动)；进攻；(节日)正当；忽然看出来
 适逢；落在；开始行动"
feed back,"adj. 反馈的
 回声效果的反馈率；回馈；回授"
feel the pinch, 感到手头拮据；会说手头拮据；感到经济拮据
fetch up,"na. 到达；拿出；引起；收回
 呕吐；弥补；产生"
fight down,"na. 打败
 克服；压服；镇压"
fight off, 在战斗中击败（某人）; 竭力摆脱; 辟
file for, 申请；提起诉讼；提出申请
finish off,"na. 同“finish”；完成；用完；吃完
 结束；吃光；喝完"
finish up,"na. 完成；吃光；用尽；同“finish”
 结束；彻底完成；完成结束"
fit as a fiddle, 非常健康；身体很健康；如此健康
flatter oneself,"un. 自以为
 自鸣得意；自夸；自以为是"
flick through,"un. 浏览
 漫不经心地翻阅；突然地伸出；快速翻阅某物"
foul up,"na. 搞坏；同“foul”
 搞糟；搞砸；弄糟"
free from,"na. 无…的
 不受…影响的；免于；没有"
from scratch,"adj. 从零开始的；白手起家的
 从头开始；从头做起；从无到有"
gain momentum, 势头增大；深入发展；发展加快
gather momentum, 不断兴起
gamble away,"na. 乱花；赌输掉
 赌掉；输光；滥用"
get at,"na. 抓住；了解；到达；拿得到
 够得着；意指；接近"
get away,"na. 逃脱；出发；把…送出
 离开；逃离；逃跑"
get into,"na. 进入；穿上；成癖；陷于
 陷入；卷入；养成"
get the best of,"na. 获胜；胜过
 战胜；打败；从中得到最大益处"
have the best of, 胜过；从……中得到大好处；从……中占了大便宜
give rein to,"na. 让马自由走；使…自由发挥；给…自由
 使...自由发挥；放任；纵容"
give free rein to,对…放任；使…自由发挥；放纵；不加约束；放松缰绳，让马自由行走
give away,"na. 赠送；分发；放弃；露马脚
 泄露；出卖；分送"
give priority to,"na. 把优先权让给…
 为主；优先考虑；认为优先"
give shape to,"na. 给与一定的形状；弄成一个样子；使…成形；修整
 使成形；使具体化；使形成"
give vent to,"na. 发泄
 吐露；发出；宣泄"
glare at,"v. 怒目而视
 怒视；向人瞪眼；瞪着"
gleam with,表露某种情感
go ahead,"na. 取得进展
 继续；前进；干吧"
go downhill, 每况愈下; 走下坡路; 恶化; 衰落
go in,"na. 进入；放得进；参加；(纸牌赌博中)开价
 进去；参加比赛；入内"
go into action,"na. 开始行动；投入战斗
 行动起来；出马"
go off,"na. 进行得 (well； badly)；(话等)冒出
 爆炸；离开；离去"
go through with,"v. 完成；做到底
 把…进行到底；做完；将……进行到底"
go to extremes,"na. 走极端
 走向极端；无所不用其极；采取极端措施"
go to pieces,"na. “fall to pieces”的变体
 崩溃；瓦解；崩溃，瓦解"
go with,"na. 同…一致；跟…谈恋爱；带有；领会
 伴随；与…相配；跟…相配"
grieve for, 哀悼；缅怀；感到痛苦
grieve over,"v. 追念
 悼念；对…感到伤心；哀悼"
grope for,"v. 摸索；探索
 探寻；在黑暗中"
grope around,= grope about
hang around,"na. 在附近徘徊；踌躇不前
 闲荡；闲逛；逗留"
harmonize with,"vt.符合于,与...相称"
hate one's guts,对one恨之入骨
have a bearing on,"na. 关系到
 对…有影响；与……有关系；影响到"
have one's hands full,"na. 手头事很多
 很忙；忙得不可开交；离不开手儿"
here and there,"na. 到处；零零落落
 各处；处处；这儿那儿"
hinge on,"v. 随…而定；依赖
 取决于；以…为转移；靠…转动"
hinge upon,"v. 随…而定；依赖
 依赖著；决定"
hold in check,na. 阻止；制止
hold sth. in check,找不到解释
hold in contempt, 轻视，认为…不屑一顾; 不齿; 瞧不起; 看不上眼
hold sb. to ransom,找不到解释
hunt down,"na. 四处搜捕；穷追到底；搜寻；寻找
 追捕到；穷追直至抓获；猎杀"
hush up,"na. 掩盖
 肃静；隐瞒；别出声"
I dare say,"na. 大概；我想；我看(大概)
 我敢说；可能；我感说"
idle around,虚度时光; 在…附近闲逛
interfere with,干扰，干涉；妨碍；触动或弄坏；乱动；与……抵触
immerse in,将…浸在(水中); 使(自己)专心于…
in a sense,"na. 在某种意义上；有一点儿
 从某种意义上说；就某种意义来说；就某种意义而言"
in abundance,"adv. 充足
 丰富；大量；丰富的"
in accord with,"un. 符合；与…和谐；一致；与…观点一致
 与…一致；和……一致；同……不一致"
in accordance with,"na. 照；与…一致
 按照；根据；依照"
in agreement with,"na. 符合…照…
 与…一致；按照；同意"
in all probability,"na. 大概
 很可能；十之八九；多半"
in and out,"na. 迂曲；忽隐忽现
 进进出出；里里外外；进进出出的"
in any way,"adv. 完全是
 无论如何；以任何方式；在任何方面"
in black and white,"na. 白纸黑字；书面的
 以书面的形式；黑白分明；白纸黑字的"
in bulk,"na. 大批；不加包装
 散装；不散装的；大量"
in collaboration with,"na. 与…合作；与…勾结
 与...合作；与…勾结在一起；合作机构"
in confidence,"na. 秘密地
 信任；暗中；推心置腹地"
in default of,"na. 因无…
 因缺少；因为没有；因没有"
in essence,"na. 本质上；大体上
 实质上；在本质上；本质上地"
in hot pursuit,"na. 紧追；穷追
 穷追不舍；紧紧追赶；激烈的追求"
in need of,"adj. 需要
 急需；缺少；有…的需要"
in operation,"na. 活动着；运转着；施行着
 在运转；生效；在运行"
in practice,"na. 事实上；在实践中；在不断练习中；练习充足
 实际上；在实际中；从实践上看"
in pursuit of,"na. 寻求
 追求；为追求；追赶"
in quest of,"na. 为求…
 寻找；探求；为了寻求"
in response to,"na. 应…而
 响应；回答；对…做出反应"
in stock,"na. 有货
 备有；现货；有现货"
in the short term, 从短期来说；短期内；从眼前的观点看
in the case of,"na. 论到
 至于；就…来说；就…而言"
in the dark,"na. 秘密；在暗处；不知
 在黑暗中；蒙在鼓里；一无所知"
in the grip of,"un. 控制自己的情绪；被捏在…里；在…控制之下；患了
 受……控制；处于；受…的控制"
in the main,"un. 干线；(水电的)总干线；主桅；就大体而言
 基本上；大体上；总的说来"
in the meantime,"na. 在这期间
 与此同时；在此期间；其间"
in the midst of, 在…当中，在…中间；意思是在某一进程之中；正当…的时候
in the vicinity, 在附近；在邻近；在附近地区
in the vicinity of,"na. 在…附近；靠近…的；在…上下；在…左右
 在附近；在邻近；大约"
in the way of,"na. 妨碍；在…方面；使能于
 在……方面；关于；至于说"
in theory, 理论上；从理论上看；在理论上
in tow, 拖着；在一起；陪伴着
in transit,"na. 运输中
 运送中的；过境；在途中"
in vogue,"adv. 时髦；正在流行
 正时兴；时尚；流行表情"
in the circumstances,"na. 远不及
 在这种情况下；既然如此；既然这样"
under the circumstances,"na. 在这种情形下
 这种情况下；在这种情况下；既然如此"
indulge in,"v. 沉迷于
 沉溺于；沉湎于；尽情享受"
inflict on,"un. 遭受
 使承受负担；使遭受；施加"
inflict upon,使…受痛苦;给…以(打击、惩罚)
inherent in,"adj. 固有
 内在的；固有的；为…所固有的"
invest in,"v. 投资到
 投资于；在…上投资；在…投入"
junk mail,"n. 垃圾邮件
 邮寄宣传品；直接邮寄的广告宣传；垃圾信件"
keep off,"na. 不让接近；不接近
 避开；远离；防止"
keep one's promise,"na. 遵守诺言；守约
 遵守承诺；信守诺言；坚守诺言"
keep track of,"na. 追踪；记录；保持联系；密切注意…的动向
 与…保持联系；跟踪；保持对……的联系"
keep up to date, 使跟上时代；跟上潮流；与时并进
keep ... in mind,"na. 记在心里；记住；注意
 牢记；紧记；牢记在心"
know about,"v. 知道
 了解；知道关于；知道…的情况"
lash out,"na. 痛批；斥责；痛打；突然袭击
 猛烈抨击；攻击；指控，抨击"
lash out at,"v. 痛打；狠踢
 抨击；掊击；猛烈抨击"
laugh off,"v. 对…一笑置之
 用笑摆脱；笑而不理，表示不当一回事；一笑了之"
lay claim to,"na. 要求(…是自己的)；自以为是
 主张；声称；认领"
lay out,"n. 布局；设计；规划；安排
 布置；摆开；花费"
lay stress on,"na. 强调
 重视；着重于；注重"
leaf through, 迅速翻阅；匆匆翻阅；快速翻阅
let out,"na. 放宽；打；放出；泄漏
 泄露；发出；放掉"
let down,"na. 使失望；放下；丢面子
 失望沮丧；辜负；松劲"
life span,"n. 寿命
 使用寿命；生命期；使用期限"
linger on,"na. 同“linger ”
 流连忘返；苟延残喘；继续逗留"
live out,"na. 住在外面；活过
 实践；度过；身体力行"
live up to,"na. 量…过日子；实行(主义等)；够得上；达到预期标准
 不辜负；符合；实践"
log on,"un. 注册
 登录；登陆；登入"
look for a needle in a haystack,找不到解释
look into,"na. 窥视；调查；过问
 研究；检查；了解"
look upon,"na. 像很健康；看上去漂亮；(事情)顺利
 看待；看作；把…看作"
lose control of,"na. 失却对…的控制力
 失去对…的控制；失去控制；失控"
lose track of,"na. 忘记
 失去线索；失去联系；失去消息"
make a contribution to,"na. 捐赠；贡献给
 为……做贡献；为……做出贡献；作出贡献"
make a fool of,"na. 愚弄
 欺骗；出了洋相；捉弄"
make a mistake,"na. 犯错误
 出错；弄错；犯了一个错误"
make an effort,"na. 努力作出
 作出努力；做出努力；尽一番努力"
make an offer,"na. 提议；提供；出价
 在线出价；发盘；报价"
make contact with,"un. 与…接触
 联系；打交道；接通"
make do with,"na. 用(某物)设法应付
 将就；凑合用；吃…来凑合"
make one's way,"na. 前往；发迹
 前进；行进；走去"
make over,"na. 让；改造
 转让；移交；改变"
make peace with,"v. 和…和好
 讲和；与……讲和；与……和好"
make way for,"v. 让路
 给……让路；让路给；让路于"
mark down,"na. 记下；减价；记清(禽兽逃往处)
 降价；写下；标价降低数"
mark up,"na. 涨价；赊账
 把…标出；标记；加价"
mediate in,找不到解释
mediate between,在…之间调解
miss out,"na. 错过(机会等)；遗漏
 漏掉；错过机会；错失"
mop up,"na. 揩干；吸取(利润等)；痛击；狼吞虎咽地吃
 擦去；扫荡；作扫尾工作"
move up,"na. 提上
 上移；向上移动；提升"
mow down,"v. 杀死；扫杀
 摧毁；割倒；消灭"
next to,"prep. 紧邻；在…近旁；仅次于；紧接
 在…旁边；紧挨着；与……相邻"
not to be sneezed at,"na. 值得考虑
 不可轻视；例句；不可小瞧"
now and then, 偶尔；时而；不时
no wonder, 难怪；怪不得；不足为奇
off the cuff,"na. 马上；即兴地；非正式地
 即席；无准备地；让我们看看是否可以即席"
on a large scale,"na. 大规模地
 大规模的；大批量；大量"
on file,"na. 合订成册
 存档；记录下来备查；归档，存卷"
on impulse, 一时冲动；一时心血来潮；冲动的
on no account,"na. … on any account 决不
 无论如何；不论什么原因也不；绝对不"
on strike,"adj. 罢工
 在罢工；罢工中；在罢工中"
on the basis of,"na. 以…为基础
 根据；在…基础上；在…的基础上"
on the run,"na. 跑着
 我很忙；亡命鸳鸯；逃亡"
on the fast track,平步青云，飞黄腾达；迅速发展的(常指有所创新)
on the threshold of,"na. 在…的开头
 在...的开头；即将开始；在……的前夕"
on the verge of,"na. 将近(几岁)；即将…
 濒于；接近于；濒临于"
on oath,"na. 发誓
 必定；依照誓言"
under oath,"na. 发誓
 宣过誓；受誓言的约束；发誓说真话"
once again,"na. 一再；再一次；“once again/more”的变体
 再度；再次；又一次"
once in a while,偶尔；有时（等于every once in a while）
orient to, 适应；以……为方向；动物与人皆适应
orient toward,找不到解释
originate in,"v. 来源于
 起源于；起源於；从某物中派生出"
originate from,"v. 起源于；发源于
 来源于；来自；起源於"
originate with, 伴随…而产生形成；出身；由某人发起
out of,"prep. 来自；离开
 从...中；由于；从……向外"
out of the way,"na. 向旁边；让开；迷失；误
 让路；不挡道；不碍事"
overflow with,"na. 充溢
 充满；充满着；充满了"
own up,"na. 坦白地承认；供认
 爽快承认；坦白承认；承认罪行"
palm off, 甩掉；用欺骗手段把…卖掉；用欺骗手段出售货物
pass away,"na. 消失；Vi. 经过；去；终止
 去世；逝世；过世"
pass by,"na. 经过；不过问；打…旁边过去；通用(…这个名字)
 路过；走过；忽略"
pass over,"na. 越过；通入；弹；过(日子)
 忽略；忽视；经过"
pay down,"na. 付现；即时支付；(分期付款购货时)先支付部分货款
 即时交付；用现金支付；付头款"
peel off,"na. 离队；开始离队急降
 剥离；剥落；剥掉"
peg away at,"un. 继续做:
 坚持不懈地做；孜孜从事；集中力量于"
persist in,"v. 坚持
 固执；坚持不懈；坚持不懈，执意"
phase in,"na. 逐步采用
 逐渐采用；逐步引入；分阶段引入"
phase out,"na. 使逐步结束；使逐步撤出；逐步淘汰；逐部停止(活动等)
 使逐步淘汰；逐渐停止；逐步取消"
pick to pieces, 严厉批评，对…吹毛求疵
pull to pieces,"na. 扯碎；批评得一文不值
 把……撕成碎片；拆开；撕碎"
pie in the sky, 天上的馅饼；天上掉馅饼；空头支票
play down,"na. (迎合对方的意思)放低语气  减弱；轻描淡写
 贬低；淡化；降低"
play havoc with, 陷入大混乱；搅乱；破坏
play second fiddle to, 当的副手；居次位
poke fun at,"na. 嘲弄
 取笑；调笑；戏弄"
poke one's nose into,"na. 管…的闲事；干涉
 干预；探听；管闲事"
preside at,"un. 作主席:
 主持；指挥"
preside over,"v. 主持会议
 负责；掌管；管理，负责"
presume on,不正当地利用; 指望
prey on,"v. 捕食；掠夺
 杀害；掠夺折磨；折磨，损害"
prick up one's ears,"na. (狗)竖耳
 洗耳恭听"
prop up,"na. (把…)撑住；给…撑腰
 支撑；支持；给……撑腰"
pull away,"un. 绷起脸；开走；抽回；挖走
 脱身；离开；拉离"
pull down,"na. 挣钱；压低；拆坏(房子等)；(疾病使人)衰弱
 拆毁；推翻；拉下，降低"
pull in,"na. 使后退；节省(费用)；(火车等)到站；船靠近(海岸)
 进站；靠岸；到岸"
pull off,"na. 赢得；做成某事；(在路边)停车；下载
 完成；脱下；努力实现"
pull together,"na. 通力合作；拼凑
 齐心协力；团结起来；同心协力"
put across,"na. 使承认；欺骗人；美满完成；堂堂开张
 解释；表达；使人接受"
put over,"na. “put across”的变体；(船)渡过去；延期
 拖延；完成；推迟"
put an end to,"na. 结束
 终止；废除；停止"
put through,"na. 经受；测试；试验；使…通过
 接通；完成；把……接通"
put a premium on,"na. 诱发；助长；鼓励；奖励
 重视；强调；高度评价"
place a premium on,"na. 诱发；助长；鼓励；奖励
 一个中文词语或英文单词"
rain cats and dogs,"v. 大雨倾盆
 倾盆大雨；下倾盆大雨；瓢泼大雨"
raise money,"na. 筹款
 筹钱；募捐；集资"
range from A to B,找不到解释
rattle off,"un. 口若悬河；一口气讲
 飞快地说出；急促背诵地；急促流畅地背诵出"
rattle on, 喋喋不休；飞奔；罗嗦
reach an agreement, 达成协议；达成一致；达成共识
recover from,"v. 恢复
 痊愈；从……中恢复；从…恢复"
reel off,"na. 从纺车上把线拉出；(用茧)缫(丝)；滔滔不绝地讲
 一口气说；退绕；重复"
refrain from,"na. 戒(烟)
 忍住；避免；克制"
register for, 注册；选课；登记参加
rein in,"na. 勒住(马)；控制
 抑制；放慢；约束"
remind sb. of,"v. 提醒
 使记起；想起；使想起"
reside in, 居住；存在于；居住于
result from,"v. 由于
 由...产生；起因于；由…引起"
revolve around,"v. 旋绕
 围绕…转；旋转；环绕"
ripe for, 为什么做好准备；时机成熟；准备好
run across,"na. “Come across”的变体
 偶然碰见；穿过；不期而遇"
run away with,"na. 拐走；带着…逃跑；贸然接受(别人意见等)；消耗(金钱时间等)
 战胜；偷走；不受约束"
run counter to,"na. 违反
 背道而驰；与…背道而驰；对着干"
run low,"na. 减少；消耗尽；缺乏
 快用完了；几乎耗尽；短缺"
run off,"na. 逃走；流出；(火车等)出轨；越轨
 跑掉；跑掉，逃掉；复印"
run riot,"na. 猎狗认错猎物臭味乱跑；追来追去；越出常轨；放纵自己的想像
 放肆；肆无忌惮；猖獗"
run to,"na. (数量等)达…；陷于(毁灭,衰亡等)
 跑向；跑到某地；向……跑去"
run up,"na. 抬高(市价等)；升(旗等)；造；增加(费用,债款等)
 短而低的近距离击球；向上跑；积欠"
set off,"na. 分；分割；划开；区划
 出发；动身；引起"
scream for, 强烈要求；为……而尖叫；为了…尖声地叫喊
see through,"na. 看穿；看透；识破；办好某事
 看破；看穿某人；帮助渡过难关"
seek out,"na. 找出；寻求；想获得
 挑出；找到；搜寻出"
set apart,"na. 分开；分离；留出(充当别用)
 使显得突出；拨出；使分离"
shove off,"na. (拿篙子)把船撑开；乘船离开；走掉
 动身；出发；动身离开"
show up,"na. 显眼；揭发；嘲笑；露面
 出现；出席；揭露"
shrug off,"na. (耸肩)表示轻蔑；摆脱；扭身脱掉(衣服)
 耸肩表示对…不屑理睬；对…不屑一顾；对……满不在乎"
sign up for ...,找不到解释
smooth down,"v. 烫平
 使平静；弄平；铺平"
snatch up,"v. 抢夺
 抓起；夺取；掠夺忽然行动"
sniff out,"na. 闻出；发现
 发觉；寻找；嗅出"
sober up,"un. 使清醒；使不醉:
 清醒点；醒酒；酒醒"
sort out,vt.& vi. 把…安排妥当; （从…中）区分出来，辨别出来; 分类; 整理; 整顿; 解决
spill out,"v. 泄露出来
 溢出；洒出；散出"
spit out,"na. 同“spit”
 吐出；吐出来；中吐出"
sponge off,"un. 用海绵洗涤
 依赖他人生活；海绵除色；海棉除色法"
spy on,"v. 探听
 暗中监视；侦查；窥探"
stab in the back, 背后插刀；背后捅刀子；背后中伤
start up,"n. 创办中的公司；开机
v. 开办；发动(机器,引擎等)
adj. 新开张的
 启动；惊起；起动"
stay away from,"un. 退避三舍；回避；不要到…去；停止和…交往
 远离；与……保持距离；离…远点"
stay out,"na. 不干涉；(在外头)不回家；不在家；坚持到
 呆在户外；外出；呆在外面"
stick around,"v. 粘在旁
 逗留；在附近逗留或等待；在附近等着"
stumble across,"un. 踌躇地转着；偶然发现
 无意中发现"
stumble on,"un. 踌躇地转着；碰上
 偶然发现；无意中发现；绊倒"
subject to,"v. 处于…中；使服从
 受制于；以……为条件；以……为准"
submit to,"un. 使某人忍受某事:
 顺从；服从；屈服于"
subordinate to, 从属于；次要的；从属的
subscribe to,"v. 同意；赞成；订阅；定期捐款
 订购；认购；赞同"
sue for,"v. 诉讼要求
 控告；请求；因为…而起诉"
suffice it to say, 我只能说；只要……就够了；姑且一
suffice it to say that,"v. 满足…的需要
 只要说…就够了；只想说；一句话"
sum up,"na. 概括；总结
 总计；归纳；总括"
summon up,"na. 鼓起(勇气等) (to do； for)
 唤起；振作；奋起"
sting in the tail, （尤指令人不快的）意外结局
take a gamble, 冒险从事；得不赌一把；冒风险
take aback,vt. 使吃惊；惊吓
take apart,"na. 分解；拆分；剖析
 拆开；拆卸；卸开"
take away,"adj. 买回去的
 拿走；带走；外带"
take back,"na. 退回；收回(说过的话)；承认…是错的；拿回
 取消；取回；拿回来"
take charge of,"na. 看守
 负责；担任；主管"
take down,"na. 扯下；卷起；记下；卸下
 拿下；取下；拆卸"
take in stride,淡然处之
take in one's stride,轻而易举地做某事
take notice of,"v. 注意；理会；留心
 注意到；在意；睬"
take office,"na. 就职
 上任；就任；走马上任"
take out,"na. 取出；带出(散步等)；除去(污点等)；取得(专卖权等)
 拿出；去掉；拿出来"
take priority over,vt.比...优先
take to,"na. 嗜好；开始；参加；逃入
 喜欢；从事；喜爱"
take turns,"na. 替换
 轮流；轮流换班；轮流做某事"
take a hand in,"na. 参加
 插手；帮助；插手某事"
have a hand in,"na. 干与
 参与；插手；参与做"
talk sb. into doing,找不到解释
take the lead,"v. 率先
 独领风潮；带头；领先"
talk sense,"na. “speak sense”的变体
 讲得合情合理；说正经话；说话有道理"
tangle with, 争吵；纠葛；与…争吵
testify to,"v. 证明；证实
 表明；说明；为什么作证"
that sort of thing, 那一类的事情；那类事情；这一类的
tick away,"v. 滴答作响
 使在滴答声中溜走；时光流逝；过去"
tick by,过去滴答声过去
tidy up,"v. 整理干净
 收拾；收拾干净；拾掇"
tie up,"na. 绑；系；包扎；(船只)系泊
 捆；捆绑；占用"
time and again,"na. “time after time”的变体
 一次又一次；一再；屡次"
tip off,"na. 向…透露消息，泄密；暗中通知某人；(把水等从器皿中)倒干净；使…掉下来；杀死
 警告；通风报信；告密"
to all intents,找不到解释
to all intents and purposes,"na. 无论从哪一点来看
 实际上；事实上；实质上"
to and fro,"na. 前前后后
 来来回回；来回地；往复地"
to one's heart's content,"na. 尽情
 心满意足；尽情地；尽兴"
top out,"un. 最高达；上部建筑；停止爬升；达到顶点
 落成；顶出；油罐液面与罐顶接触"
trifle with,"un. 玩弄；心不在焉地做；摆弄:；戏弄:
 玩忽；视同儿戏；轻视"
tuck away,"na. 藏起
 畅饮；大嚼；藏起来"
tuck in,"na. 大吃一顿；掖被子；塞入；折进
 塞进；尽情吃；把一端塞进"
tumble to,"v. 领会；了解
 恍然大悟；领悟；明白"
turn a blind eye to,"na. 对…熟视无睹；假装不见
 对…视而不见；睁一只眼闭一只眼；对…装作不见"
turn into,"v. 变成
 成为；把……变成；变为"
up and down,"na. 忽上忽下；各处；来来去去；升降浮沉
 上上下下；来回；来来往往"
vote for,"na. 赞成；建议
 投票赞成；选举；投票选举"
ward off,"v. 挡开；架开
 避开；防止；挡住"
warm up,"na. 加热；变暖；热中起来；作准备动作
 热身；暖身；热身运动"
wave aside,"na. 挥手使站开；挥手拒绝
 置之不理；对…置之不理；不理会"
wear thin, 逐渐消失；磨薄；减弱
wear well,"na. 经用；显得年轻
 经久耐用；耐穿；经穿"
weed out,"na. 肃清；恣意多取(自己不该分取的利益等)
 清除；除去；淘汰"
weigh up,"na. 称量；称出；重得使另一头翘起来
 估量；掂量；衡量"
weigh ... against ...,找不到解释
wind up,结束；使紧张；卷起；（非正式）忽悠某人（wind sb up）；上紧(钟、表等的)发条
wink at,"na. 对…使眼色；假装没看见
 纵容；挤咕；睁只眼"
wipe out,"na. 擦去；遮蔽；遮蔽地域；封闭
 消灭；彻底摧毁；消灭，毁灭"
with a vengeance,"na. 猛烈地；彻底地；过度地
 厉害地；纽约大劫案；虎胆龙威第三集"
with a view to,"prep. 为了
 着眼于；为……起见；以…为目的"
work with,"na. 打动
 与…共事；和…工作；和……一起工作"
yield to,"v. 服从；屈服于；弯曲
 对…屈服；顺从；让步"
a bit,"na. 有点儿
 一点儿；稍微；有一点"
a great deal of,"det. 很多；重重
 大量的；许多；很多的"
a great many,"na. 很多的
 许多；大量；许许多多"
add up,"na. 合计；符合预期的数目
 加起来；相加；把……加起来"
after all,"na. 毕竟；终究；最后
 究竟；到底；终于"
agree on,"na. 对…意见一致
 同意；对……取得一致意见；商定"
aim at,"v. 目的在于
 瞄准；针对；旨在"
all kinds of,"na. 种种
 各种各样的；表示各种各样的；各种各类的"
and so on,"na. “And so forth”的变体
 等等；诸如此类；如此等等"
answer for,"na. 负…的责任；负责(受处分)；代(被问人)回答
 对…负责；保证；为…负责"
as a result,"adv. 结果
 因此；结果是；作为结果"
as a result of,"na. (作)为…的结果
 由于；由于…的结果；作为…的结果"
as soon as,"na. 一…就；见 soon 条
 一……就；一怎么样就怎么样；一经"
ask for,"na. 要(价)；来找
 请求；要求；要求得到"
at best,"na. 充其量也不过
 至多；最多；最好也只是"
at first,"na. 首先
 起先；最初；起初"
at least,"na. 至少
 最低限度；起码；最少"
at once,"na. 立刻；同时
 马上；立即；即刻"
at the same time,"na. 同时；另一方面；与此同时
 然而；在同时；可是"
be about to,"na. 准备
 即将；正打算；将要"
be born with, 天生具有；生而具有；生就
be concerned about,"na. 关心；挂念
 担心；对…关心；关注"
be concerned with,"na. 干与；关怀
 关心；与…有关；参与"
be different from,"na. 和…不同
 和……不同；不同于；与……不同"
be eager to,"v. 渴望
 热切想做；渴望要做；渴望做"
be familiar with,"na. 精通；同…相好
 熟悉；对…熟悉；对…而熟悉"
be filled with, 充满；装满；充满着
be fond of,"v. 爱好
 喜欢；喜爱；喜好"
be in hospital,"na. 住院
 生病住院；在住院；患病住院"
be interested in,"v. 对…感兴趣
 对……感兴趣；对某方面感兴趣；对……有兴趣"
be late for,"v. 迟到
 做某事迟到；因…迟到；迟到了"
be limited to, 限于；局限于；限制在
be made up of, 由…构成；组成；由…组成
be patient with,"v. 对…耐心
 对…有耐心；对某人有耐心；有耐性的"
be prepared for,"na. 准备着
 对……做好准备；为……做好准备；准备好做"
be proud of,"na. 以…自豪
 为…自豪；骄傲；以……为骄傲"
be ready to, 准备好；准备做某事；预备
be similar to,"na. 像
 与…相似；和……相似；类似"
be strict with, 对……严格要求；对…要求严格；对某人要求严格
be tired of,"v. 厌烦；厌倦
 对…厌倦；对……厌烦；讨厌"
be willing to,"na. 乐意进行
 愿意；乐于；情愿"
be worth doing,值得做……
because of,"na. 因
 因为；由于；由于，因为"
before long,"na. 不久；不(需很)久
 不久以后；很快；不久之后"
belong to,"v. 属于；附属
 归于；归属；属於"
break in,"na. 闯入；插嘴；驯(马)；训练(人)
 打断；强行进入；插话"
bring up,"na. 抚养；教导；教育；在…长大
 培养；提出；养育"
by the end of,"prep. 在…尽头
 到……为止；到……末为止；到……底为止"
by the way,"na. 见 way 条
 顺便说一句；顺便问一下；顺便说一下"
by way of,"na. 当做；作出…的样子；经由；以便
 通过…方式；取道；经过"
cannot help doing, 情不自禁；忍不住；禁不住做某事
call up,"na. 传；动员；打电话给；呼唤
 召集；使想起；召唤"
care for,"v. 照顾；关心；喜欢
 照料；关怀；照管"
catch one's breath,"na. 忍住呼吸；休息一下；紧张起来
 歇口气；喘气；屏息"
catch up with,"v. 赶上
 追上；赶上某人；跟上"
check in,"v. 报到；(旅馆)登记
 入住；办理登记手续；签到"
check out,"na. 开支票(提款)；(旅馆)付账后离开；及格；死
 退房；检查；结帐"
clean out,"na. 扫除干净；(把钱)花完
 清除；打扫干净；清扫"
come after,"na. 相继；跟着…来；探寻；来取
 跟在…后面；跟着...来；跟随"
come back,"na. 回来；想起来；复原；归
 恢复；回来吧；回想起来"
comment on,"v. 评论
 对…评论；对…发表评论；对……的评论"
complain of,"v. 抱怨；叫屈
 主诉；诉苦；埋怨"
complain about,"v. 埋怨
 抱怨；抱怨某事；抱怨某人或事情"
decide on,"na. 决心
 决定；选定；决定某事"
decide upon,"na. 决定(采取某种行动)
 决定一个计划；选定；决心"
depend on,"v. 依靠
 依赖；取决于；视……而定"
die of,"na. 因…而死
 死于；因……而死；因……病而死"
die from,"na. 因伤致死
 死于；由于…而死；因某事而死"
each other,"pron. 彼此
 互相；相互；各自"
earn money, 赚钱；挣钱；利用爱美之心赚钱
enjoy oneself,"na. 过得快乐
 玩得愉快；玩得开心；过得愉快"
fall asleep,"na. 入睡
 睡着；睡着了；睡觉"
find out,"na. 查出；发现；看清…的面目；识破
 查明；找出；了解"
first of all,"na. 第一
 首先；首要；是首先的意思"
for a moment,"na. 片刻
 一会儿；我拥有你；一时间"
for instance,"na. 例如
 比如；举例说；举例来说"
for example,"na. 例如
 举例；比如；比如说"
get a fever,找不到解释
get on with,"na. 同“get along ”
 继续干；与…相处；继续做"
get rid of,"na. 除掉；摆脱；撵走
 除去；去掉；处理掉"
give a hand,"un. 制住；帮着干一点
 帮助；帮忙；提供帮助"
give in,"na. 让步；屈服；投降；上交
 交上；认输；放弃"
go abroad,"na. 出国；到外国
 去国外；出洋；到国外"
go hunting,"na. 打猎去
 去打猎；去狩猎；行猎"
go sightseeing, 去观光；去观光旅行；出去观光
grow up,"na. 长大
 成长；长大成人；成年"
hand in,"na. 交进
 上交；交上；递交"
hand out,"na. 分；拿出来；施舍
 分发；散发；分给"
have on,"v. 戏弄
 穿着；戴着；穿戴"
hold one's breath,"na. 屏息
 屏住呼吸；憋住气；屏住气"
hurry up,"na. 催促；赶快
 快点；赶紧；匆匆完成"
at home and abroad,"na. 在国内外
 国内和国外；海内外；在国内和国外"
in a hurry,"na. 匆忙；容易地；急于要；愿意地
 匆忙地；立即；匆匆忙忙"
in a minute,"na. 马上
 一会儿；立刻；一分钟后"
in a moment,"na. 立刻；立即
 马上；一会儿；过一会儿"
in all,"na. 总计
 总共；一共；总共，合计"
in fact,"na. 事实上；总之
 实际上；其实；实则"
in front of,"na. 在…的前面
 在……前面；在……的前面；在…面前"
in order to,"na. 为了；从而；以便
 目的；为了……起见；以求"
in the distance,"na. 在远处；在很远的那边
 在远方；远方的；在远处那边"
in the end,"na. 终于
 最后；最终；结果到头来"
in time,"na. 经过一段时间以后；早晚；在恰好的时候；和…合拍
 及时；钟点战；时间规划局"
keep a diary,"na. 记日记
 写日记；坚持写日记；坚持记日记"
keep up with,"na. 不落后
 跟上；赶上；紧跟"
keep in touch with,"v. 与…保持接触
 与……保持联系；和…保持联系；与…保持联络"
get in touch with,"na. 和…联系
 与…取得联系；与……联系；和……取得联系"
kill time,"v. 消磨时间
 打发时间；浪费时间；消磨时光"
lack of,"v. 缺乏
 缺少；不足；不够"
laugh at,"na. 嘲笑；付之一笑；因…而发笑
 因……而发笑；取笑；因…而笑"
lead to,"na. 通向
 导致；引起；通往"
long before,"na. 很久以前；老早以前
 在…以前很久；很早以前；早在…之前"
look forward to,"na. 盼望
 期待；期望；期盼"
look out,"na. 挑选；注意；看外头；展望 (on；over)
 当心；小心；留神"
lose weight,"un. 体重减轻
 减肥；减轻体重；减重"
make a decision, 做出决定；做决定；作出决定
make friends, 交朋友；交友；结交朋友
make friends with,"na. 跟…做朋友
 与……交朋友；和……交朋友；与……交友"
make fun of,"na. 嘲弄
 取笑；嘲笑；开玩笑"
make money,"na. 赚钱；发财
 挣钱；生财；网路赚钱"
make way,"na. 进步
 让路；开路；腾出地方或位置"
more or less,"na. 有几分；约；或多或少；一点也…
 差不多；有点儿；溢短装"
neither ... nor, 既不……也不；两者都不；均不
no longer,"na. 不再
 已不；再也；再也不"
not at all,"na. 毫无(= You are welcome)
 一点也不；不用谢；根本不"
not only ... but also,"na. 不但…而且…；不仅…而且…
 不仅……而且；不但而且；两个不仅……而且"
on earth,"na. 到底；在地球上；全然
 究竟；在世上；在人间"
on the other hand,"na. 从另一方面来说；在另一方面
 一方面…另一方面；但是；表示而另一方面"
on time,"na. 按时；及时
 准时；正点；准时地"
on vacation, 度假；在度假；在度假中
one after another,"na. 一个又一个地；陆续；相继
 一个接一个；一个接一个地；先后"
one another,"pron. 互相
 相互；彼此；互相地"
pay attention to,"na. 注意
 重视；对……注意；关心"
play a role in,"v. 起作用于
 在……中起作用；在……扮演一个角色；在……中扮演角色"
plenty of,"na. 很多的
 许多；大量的；充足的"
prefer to,"un. 较喜欢；宁愿:
 更喜欢；宁可；倾向于"
prevent ... from,找不到解释
put on,"na. 假话
 穿上；上演；戴上"
quite a few,"na. 很多；许多；相当多
 不少；还不少；有相当数目的"
regard as,"v. 当作
 认为；把…认作；视为"
right away,"na. 立刻
 马上；立即；立即，马上"
run away,"na. 私奔；逃；弄不好
 逃跑；逃走；跑开"
search for,"na. 寻找；寻求；探求
 搜寻；搜索；搜查"
see off,"na. 送行；送别；告别；赶走
 给…送行；为…送行；给某人送行"
send out,"na. “send forth”的变体
 发出；派遣；发送"
sense of humor, 幽默感；有幽默感；幽默风趣
set off,"na. 分；分割；划开；区划
 出发；动身；引起"
set up,"na. 建立；创立；发起；开办
 设立；设置；成立"
so as to,"na. (= in order to) 以便；为使
 为了；为的是；使得"
so ... as to,找不到解释
so far as,"na. 就…而论；尽…说；只就…说
 就…而言；就...而论；就...说"
so long as,"na. 只要；“as/so long as”的变体
 如果；表示只要；只要…就"
so that,"conj. 因此；以便
 为了；以致；以便于"
so ... that,"所以,因而"
speak to,"na. 向…说；说到；招呼；恳求
 和……讲话；和……说话；对…讲话"
stand up,"na. 站起来；持久；露头角；背约
 起立；我挺你；站得住脚"
succeed in,"v. 成功于
 在…成功；成功地做；取得成功"
such as,"un. 例如；像；象…这样；诸如…之类
 比如；像这种的；像……那样的"
take action,"na. 动手；采取行动；采取(快速)措施；提起诉讼
 行动起来；采取措施；实施行动"
take care of,"na. 照看；处理；清除
 照顾；照料；爱护"
take care,"v. 当心；留心
 保重；小心；注意"
take notes,"na. 做记录
 记笔记；做笔记；作笔记"
take off,"v. (飞机)起飞；出去；拿掉；移送
 脱下；脱掉；脱去"
take place,"na. 发生；举行
 产生；多指通过人为安排的发生；进行"
take sth. for granted,"v. 想当然
 认为…理所当然；视为当然；认为…是理所当然"
take ... as,找不到解释
take ... for,找不到解释
tell a lie,"v. 说谎
 撒谎；说谎话；说慌"
the same as,"adj. 与…同样
 与…相同；与…一样；和……相同"
think of,"na. 想起
 考虑；认为；想到"
think over,"v. 仔细考虑
 仔细思考；仔细考虑一下；再三考虑"
traffic jam,"n. 堵车；交通阻塞
 交通堵塞；交通拥挤；塞车"
try out,"na. (采用前)严密试验；筛矿；量(金属的)纯度
 试用；尝试；考验"
turn back,"na. 同“turn down ”
 折回；往回走；翻回到"
turn down,"na. 翻下(衣领等)；扭小(灯火等)拒绝考虑；拒绝(某人)
 关小；调低；驳回"
turn in,"v. 向里弯曲
 上交；上床睡觉；交出"
turn off,"v. 关掉
 关上；关闭；解雇"
turn on,"na. 转向；对…进行突击
 打开；接通；开启"
turn up,"v. 朝上翻；出现
 开大；找到；露面"
wait for,"na. 等；等待
 等候；动作上的等待；等待某人"
watch out,"na. 当心；留神；小心；提防
 注意；密切注视；监视"
work at,"na. 从事；用功读
 致力于；在某处工作；钻研"
work on,"na. 对…有效；动(人,感情等)；向…做工作；左右
 从事；致力于；继续工作"
work out,"v. 作出；拟定；制定；计划一下
 算出；解决；制定出"
worry about,"v. 发愁；担忧；为…发愁；替…担忧
 担心；烦恼；为……担心"
a bit,"na. 有点儿
 一点儿；稍微；有一点"
a great deal of,"det. 很多；重重
 大量的；许多；很多的"
a great many,"na. 很多的
 许多；大量；许许多多"
after all,"na. 毕竟；终究；最后
 究竟；到底；终于"
agree on,"na. 对…意见一致
 同意；对……取得一致意见；商定"
aim at,"v. 目的在于
 瞄准；针对；旨在"
all along,"na. 一直都；一路；始终；一贯
 自始至终；自始自终；一向"
all kinds of,"na. 种种
 各种各样的；表示各种各样的；各种各类的"
and so on,"na. “And so forth”的变体
 等等；诸如此类；如此等等"
answer for,"na. 负…的责任；负责(受处分)；代(被问人)回答
 对…负责；保证；为…负责"
as a result,"adv. 结果
 因此；结果是；作为结果"
as a result of,"na. (作)为…的结果
 由于；由于…的结果；作为…的结果"
as soon as,"na. 一…就；见 soon 条
 一……就；一怎么样就怎么样；一经"
as usual,"adv. 照常；照例
 像往常一样；像平常一样；和往常一样"
ask for,"na. 要(价)；来找
 请求；要求；要求得到"
at any rate,"na. 无论如何；至少；总而言之
 不管怎样；反正；总之"
at any time,"adv. 随时
 在任何时候；在任何时间；在任何时候，而其他"
at best,"na. 充其量也不过
 至多；最多；最好也只是"
at first,"na. 首先
 起先；最初；起初"
at least,"na. 至少
 最低限度；起码；最少"
at once,"na. 立刻；同时
 马上；立即；即刻"
at the same time,"na. 同时；另一方面；与此同时
 然而；在同时；可是"
be about to,"na. 准备
 即将；正打算；将要"
be concerned about,"na. 关心；挂念
 担心；对…关心；关注"
be concerned with,"na. 干与；关怀
 关心；与…有关；参与"
be different from,"na. 和…不同
 和……不同；不同于；与……不同"
be eager to,"v. 渴望
 热切想做；渴望要做；渴望做"
be fond of,"v. 爱好
 喜欢；喜爱；喜好"
be friends with,"na. 跟…要好
 对…友好；与…交上朋友；跟...做朋友"
be late for,"v. 迟到
 做某事迟到；因…迟到；迟到了"
be limited to, 限于；局限于；限制在
be made up of, 由…构成；组成；由…组成
be on the job,找不到解释
be out of date,过时的；已废的
be out of temper,找不到解释
be out of work, 失业；砸饭碗；工作的人已经失业
be prepared for,"na. 准备着
 对……做好准备；为……做好准备；准备好做"
be proud of,"na. 以…自豪
 为…自豪；骄傲；以……为骄傲"
be ready to, 准备好；准备做某事；预备
be similar to,"na. 像
 与…相似；和……相似；类似"
be strict with, 对……严格要求；对…要求严格；对某人要求严格
be tired of,"v. 厌烦；厌倦
 对…厌倦；对……厌烦；讨厌"
be worth doing,值得做……
be worthy of, 值得；配得上；对得起
because of,"na. 因
 因为；由于；由于，因为"
belong to,"v. 属于；附属
 归于；归属；属於"
break in,"na. 闯入；插嘴；驯(马)；训练(人)
 打断；强行进入；插话"
bring up,"na. 抚养；教导；教育；在…长大
 培养；提出；养育"
by the way,"na. 见 way 条
 顺便说一句；顺便问一下；顺便说一下"
by way of,"na. 当做；作出…的样子；经由；以便
 通过…方式；取道；经过"
care about,"v. 在意
 关心；在乎；担心"
care for,"v. 照顾；关心；喜欢
 照料；关怀；照管"
catch one's breath,"na. 忍住呼吸；休息一下；紧张起来
 歇口气；喘气；屏息"
catch up with,"v. 赶上
 追上；赶上某人；跟上"
change one's mind,"na. 改变想法
 改变主意；变卦；改变心意"
check in,"v. 报到；(旅馆)登记
 入住；办理登记手续；签到"
check out,"na. 开支票(提款)；(旅馆)付账后离开；及格；死
 退房；检查；结帐"
complain of,"v. 抱怨；叫屈
 主诉；诉苦；埋怨"
complain about,"v. 埋怨
 抱怨；抱怨某事；抱怨某人或事情"
decide on,"na. 决心
 决定；选定；决定某事"
decide upon,"na. 决定(采取某种行动)
 决定一个计划；选定；决心"
depend on,"v. 依靠
 依赖；取决于；视……而定"
die of,"na. 因…而死
 死于；因……而死；因……病而死"
die from,"na. 因伤致死
 死于；由于…而死；因某事而死"
each other,"pron. 彼此
 互相；相互；各自"
enjoy oneself,"na. 过得快乐
 玩得愉快；玩得开心；过得愉快"
fall asleep,"na. 入睡
 睡着；睡着了；睡觉"
find out,"na. 查出；发现；看清…的面目；识破
 查明；找出；了解"
first of all,"na. 第一
 首先；首要；是首先的意思"
follow one's advice,找不到解释
for ever,"adv. 永远地；永恒地；无休止地；永无止境地
n. 永恒；相当长的时间
 永久；长期地；直到永远"
for instance,"na. 例如
 比如；举例说；举例来说"
for example,"na. 例如
 举例；比如；比如说"
get a fever,找不到解释
get in touch with,"na. 和…联系
 与…取得联系；与……联系；和……取得联系"
get on with,"na. 同“get along ”
 继续干；与…相处；继续做"
get rid of,"na. 除掉；摆脱；撵走
 除去；去掉；处理掉"
give in,"na. 让步；屈服；投降；上交
 交上；认输；放弃"
give up,"na. 放弃；断绝；投降；自首
 停止；抛弃；认输"
go hunting,"na. 打猎去
 去打猎；去狩猎；行猎"
go sightseeing, 去观光；去观光旅行；出去观光
grow up,"na. 长大
 成长；长大成人；成年"
hand in,"na. 交进
 上交；交上；递交"
hand out,"na. 分；拿出来；施舍
 分发；散发；分给"
have no idea,"un. 心中有数；对…一无所知；感到茫无头绪；不想
 不知道；不清楚；一点不知道"
have on,"v. 戏弄
 穿着；戴着；穿戴"
hold one's breath,"na. 屏息
 屏住呼吸；憋住气；屏住气"
hurry up,"na. 催促；赶快
 快点；赶紧；匆匆完成"
in a hurry,"na. 匆忙；容易地；急于要；愿意地
 匆忙地；立即；匆匆忙忙"
in all,"na. 总计
 总共；一共；总共，合计"
in fact,"na. 事实上；总之
 实际上；其实；实则"
in front of,"na. 在…的前面
 在……前面；在……的前面；在…面前"
in general,"na. 一般；大体上
 通常；一般来说；一般而言"
in memory of,"na. 纪念…
 为纪念；为了纪念；以纪念"
in order to,"na. 为了；从而；以便
 目的；为了……起见；以求"
in person,"na. 亲自；身体上；外貌上
 本人；当面；亲自上阵"
in practice,"na. 事实上；在实践中；在不断练习中；练习充足
 实际上；在实际中；从实践上看"
in the distance,"na. 在远处；在很远的那边
 在远方；远方的；在远处那边"
in the end,"na. 终于
 最后；最终；结果到头来"
in time,"na. 经过一段时间以后；早晚；在恰好的时候；和…合拍
 及时；钟点战；时间规划局"
instead of,"prep. 代替；作为…的替换
 而不是；替代；取代"
keep up with,"na. 不落后
 跟上；赶上；紧跟"
kill time,"v. 消磨时间
 打发时间；浪费时间；消磨时光"
lack of,"v. 缺乏
 缺少；不足；不够"
laugh at,"na. 嘲笑；付之一笑；因…而发笑
 因……而发笑；取笑；因…而笑"
lead to,"na. 通向
 导致；引起；通往"
listen in, 收听广播节目; 在一旁听人讲话; 监听;  窃听
little by little,"na. “by little and little”的变体
 逐渐地；一点一点地；一点点地"
live on,"na. 以…为主食；靠…生活；继续活着；靠［吃］…生活
 以……为主食；靠……为生；以…为食"
long for,"v. 渴望
 盼望；思慕；思念"
look forward to,"na. 盼望
 期待；期望；期盼"
look out,"na. 挑选；注意；看外头；展望 (on；over)
 当心；小心；留神"
lose weight,"un. 体重减轻
 减肥；减轻体重；减重"
make a decision, 做出决定；做决定；作出决定
make friends, 交朋友；交友；结交朋友
make friends with,"na. 跟…做朋友
 与……交朋友；和……交朋友；与……交友"
make fun of,"na. 嘲弄
 取笑；嘲笑；开玩笑"
make ready,"na. 作好准备；整装
 准备好；准备时间；把准备好"
make way,"na. 进步
 让路；开路；腾出地方或位置"
many a,na. 很多； an] one 许许多多人
more or less,"na. 有几分；约；或多或少；一点也…
 差不多；有点儿；溢短装"
neither ... nor, 既不……也不；两者都不；均不
night and day,"na. 日夜；不分昼夜
 日日夜夜；夜与日；日以继夜"
no longer,"na. 不再
 已不；再也；再也不"
not at all,"na. 毫无(= You are welcome)
 一点也不；不用谢；根本不"
not only ... but also,"na. 不但…而且…；不仅…而且…
 不仅……而且；不但而且；两个不仅……而且"
nothing but,"na. 不外；的确
 只有；只不过；只是"
of late,"na. 近来
 最近；最近发生的事；最近以来"
on record, 记录在案的；记录在案；记录下来的
on the eve of,"prep. 在…前夕
 在……的前夜；在……前夕；在…的前夕"
on the other hand,"na. 从另一方面来说；在另一方面
 一方面…另一方面；但是；表示而另一方面"
on time,"na. 按时；及时
 准时；正点；准时地"
one another,"pron. 互相
 相互；彼此；互相地"
or else,"na. 不然
 否则；要不然；否则，要不然"
owing to,"conj. 由于；因为
prep. 因为；由于
 归因于；由于…的原因；多亏"
pay attention to,"na. 注意
 重视；对……注意；关心"
prefer to,"un. 较喜欢；宁愿:
 更喜欢；宁可；倾向于"
prevent ... from,找不到解释
put on,"na. 假话
 穿上；上演；戴上"
regard as,"v. 当作
 认为；把…认作；视为"
rely on,"v. 依靠；信赖
 依赖；依仗；凭借"
right away,"na. 立刻
 马上；立即；立即，马上"
run away,"na. 私奔；逃；弄不好
 逃跑；逃走；跑开"
send out,"na. “send forth”的变体
 发出；派遣；发送"
set off,"na. 分；分割；划开；区划
 出发；动身；引起"
set up,"na. 建立；创立；发起；开办
 设立；设置；成立"
so as to,"na. (= in order to) 以便；为使
 为了；为的是；使得"
so far as,"na. 就…而论；尽…说；只就…说
 就…而言；就...而论；就...说"
so long as,"na. 只要；“as/so long as”的变体
 如果；表示只要；只要…就"
so that,"conj. 因此；以便
 为了；以致；以便于"
so ... that,"所以,因而"
stand up,"na. 站起来；持久；露头角；背约
 起立；我挺你；站得住脚"
succeed in,"v. 成功于
 在…成功；成功地做；取得成功"
such as,"un. 例如；像；象…这样；诸如…之类
 比如；像这种的；像……那样的"
take care of,"na. 照看；处理；清除
 照顾；照料；爱护"
take off,"v. (飞机)起飞；出去；拿掉；移送
 脱下；脱掉；脱去"
take part in,"na. 参加；贡献
 参与；参加活动；参与…活动"
take place,"na. 发生；举行
 产生；多指通过人为安排的发生；进行"
take sth. for granted,"v. 想当然
 认为…理所当然；视为当然；认为…是理所当然"
take ... as,找不到解释
take ... for,找不到解释
tell a lie,"v. 说谎
 撒谎；说谎话；说慌"
thanks to,"v. 感谢；幸亏；多亏
 由于；多亏了；归功于"
the same as,"adj. 与…同样
 与…相同；与…一样；和……相同"
think of,"na. 想起
 考虑；认为；想到"
think over,"v. 仔细考虑
 仔细思考；仔细考虑一下；再三考虑"
traffic jam,"n. 堵车；交通阻塞
 交通堵塞；交通拥挤；塞车"
try out,"na. (采用前)严密试验；筛矿；量(金属的)纯度
 试用；尝试；考验"
turn back,"na. 同“turn down ”
 折回；往回走；翻回到"
turn down,"na. 翻下(衣领等)；扭小(灯火等)拒绝考虑；拒绝(某人)
 关小；调低；驳回"
turn in,"v. 向里弯曲
 上交；上床睡觉；交出"
turn off,"v. 关掉
 关上；关闭；解雇"
turn on,"na. 转向；对…进行突击
 打开；接通；开启"
turn up,"v. 朝上翻；出现
 开大；找到；露面"
use up,"na. 用完；耗尽
 用光；用尽；消耗"
wait for,"na. 等；等待
 等候；动作上的等待；等待某人"
watch out,"na. 当心；留神；小心；提防
 注意；密切注视；监视"
work at,"na. 从事；用功读
 致力于；在某处工作；钻研"
work on,"na. 对…有效；动(人,感情等)；向…做工作；左右
 从事；致力于；继续工作"
work out,"v. 作出；拟定；制定；计划一下
 算出；解决；制定出"
worry about,"v. 发愁；担忧；为…发愁；替…担忧
 担心；烦恼；为……担心"
