act on,"na. “Act upon”的变体
 按照…而行动；对…起作用；按照…行动"
adapt to,"na. 使(自己行动)配合(同伴)
 适应；适应，适合；使适应"
add to,"na. 增加
 增添；增进；添加"
adhere to,"v. 坚持；依附
 遵守；附着；粘着"
apply to,"v. 应用于
 适用；适用于；应用到"
approve of,"na. 赞成
 赞同；同意；赞赏，同意"
arise from,"v. 从…而得的
 由…引起；起因于；由…产生"
a bit of,"na. 一点儿
 少量；少量的；有一点儿"
above all,"na. 最主要的；最重要的是
 首先；尤其是；特别是"
access to, 接近；进入；通向…的入口
according to,"prep. 根据；按照；据（…所说）；按（…所报道）
 依照；根据…所说；依据"
along with,"na. 与…一道；以外
 与……一起；伴随；和…一起"
anything but,"na. 决不是；除…外什么都
 除…以外任何事；一点也不；绝不"
apart from,"prep. 除了…外（都）；要不是；除了…外（还）；此外
 除……之外；除...外；除去"
as a result,"adv. 结果
 因此；结果是；作为结果"
as a result of,"na. (作)为…的结果
 由于；由于…的结果；作为…的结果"
as far as,"na. 远到；就；尽；至于
 远至；直到；就…而言"
as for,"na. 至于
 关于；就…而言；对于"
as to,"na. 至于；说到
 关于；如此……以便；关于至于"
as if,"na. 彷佛；活像
 好像；仿佛；似乎"
as usual,"adv. 照常；照例
 像往常一样；像平常一样；和往常一样"
as well as,"na. 和…一样；…不用说
 也；既…又；和...一样"
at all,"na. 全然；究竟
 根本；一点也不；丝毫"
at all costs,"na. 无论如何
 不惜任何代价；不惜一切代价；不惜代价"
at large,"na. 随便；拉杂地
 逍遥法外；在逃；未被捕获的"
at length,"na. 最后；充分地
 详细地；终于；终于，最终"
at odds with,"adj. 相抗争于
 与…不一致；与…不和；差异"
at risk,"un. 担风险
 有危险；在危险中；处于危险中"
at stake,"na. 被赌着；在危险中；利害攸关
 利害攸关；危如累卵；在危急关头"
at the end of,"na. 在…末端；在…的结尾
 在……的尽头；在……的末尾；在…结尾"
at times,"na. 时时
 有时；有时候；时常"
abide by,"na. 坚持；服从
 遵守；信守；遵循"
account for,"na. 证明；由于；说明(银钱等的)用途；打死
 解释；占；说明…的原因"
act for,"na. 代理
 代表；代为；律师代表他的客户"
adjust to,"v. 适应
 调整；调节；调整以适应"
agree on,"na. 对…意见一致
 同意；对……取得一致意见；商定"
agree to,"na. 承认(提议；条件)
 同意；同意某事；赞成"
agree with,"na. 适合；赞同；与…一致
 同意；与...一致；同意某人"
aim at,"v. 目的在于
 瞄准；针对；旨在"
appeal to,"v. 求助于；引起N
 呼吁；吸引；上诉"
apply for,"v. 寻求；申请
 提出申请；申请…职位；请求"
argue for,"na. 为…作争辩
 赞成；支持；主张"
arrive in,"v. 到达；达到
 抵达；可以说到达；到达大地点"
associate with,"v. 与…联系
 结交；联合；交往"
attach importance to,"na. 重视；把重点放在
 十分重视；认为重要；着重于"
attach to,"v. 连接在…上；归于
 附属于；贴上；附上"
attempt to,"un. 企图
 试图；尝试；尝试做"
attribute to,"na. 认为(成功)是(努力)的结果
 归因于；把…归因于；归咎于"
avail oneself of,"na. 利用时机
 趁；乘势；使自己充分利用"
alien to,"adj. 与…相反
 与……相反；不相容的；不同"
alien from,"adj. 与…不同
 相异的；与…大相径庭；与什么不同的"
all in all,"na. 全部；完全；第一
 总的说来；总而言之；总的来说"
all the same,"na. 依然；“all/just the same”的变体
 仍然；还是；尽管如此"
a majority of, 大部分；大多数；大多数的
a matter of,"na. 大约；…左右；…的问题
 几的事；是个…问题，事关；关于……的问题"
and so forth,"na. 等等；云云；“and so on/forth”的变体
 如此等等；诸如此类；诸如此类，如此等等"
and so on,"na. “And so forth”的变体
 等等；诸如此类；如此等等"
and yet,"na. 但
 然而；可是；但是"
a period of, 阵子
as a whole,"na. (作为一个)整体
 作为一个整体；总体上；作为整体"
as opposed to,"adv. 相反于
 和…相反；而不是；与…相对"
a spell of,找不到解释
as regards,"na. 至于；提到
 关于；至于……关于；就…来说"
as far as ... be concerned,找不到解释
so far as ... be concerned,找不到解释
as long as,"conj. 只要
 长达；如果；既然"
so long as,"na. 只要；“as/so long as”的变体
 如果；表示只要；只要…就"
as yet,"na. 至今还
 到目前为止；迄今；到那时为止"
at all events,"na. 无论怎样；总之
 无论如何；不管怎样；不管怎样，无论如何"
at all times,"na. 不论什么时候；老是；时时
 总是；随时；一直"
at a loss,"na. 无办法；(猎犬)失去猎物嗅迹；亏本地
 不知所措；困惑；茫然"
at an end,"adv. 完毕；结束
 终结；结束了；在尽头"
at any rate,"na. 无论如何；至少；总而言之
 不管怎样；反正；总之"
at a profit,"na. 赚钱
 获利；出售某物而获利；赢利"
at a time,"na. 一次(多少)；同时；曾经；连续
 每次；一下子；每一次"
at fault,"adv. 困惑；不知所措
 有错；有毛病；有责任"
at least,"na. 至少
 最低限度；起码；最少"
at leisure,"na. 在闲暇中；从容不迫地；失业
 有空；有空，闲暇时；从容地"
at random,"na. 碰运气地；无目标地
 随便地；随机地；随意地"
at sea,"na. 在海上；不知所措
 海上巡航；海上巡游；茫然"
at short notice,"na. 在短时间内；临时；一收到通知就…
 只给很少时间准备；提前很短时间通知；一得到通知"
at best,"na. 充其量也不过
 至多；最多；最好也只是"
at the best,"na. 充其量也不过
 至多；最多"
at the cost of,"na. 以…为牺牲
 以…为代价；以…代价；以之为代价"
at the expense of,"na. 以…为代价；由…出钱；牺牲…
 以…为牺牲；在损害…情况下；在损害……的情况下"
at the instant of,找不到解释
at the latest,"na. “at latest”的变体
 最迟；至迟；最晚"
at the longest,"na. 至多
 最久；之多；最长"
at the mercy of,"na. 完全受…支配
 在…支配下；完全受...支配；任由…摆布"
at the moment,"na. “for the moment”的变体
 此刻；现在；目前"
at worst,"adv. 无论怎样坏
 在最坏的情况下；最差的；就最不利的一方面看"
at the worst,"un. 无论怎样坏；在最坏的情况下
 在最坏情况下；最糟；坏达"
at will,"na. 任意；随意
 随心所欲；任意地；随意地"
a variety of,"det. 种种；形形色色
 各种各样的；多种多样的；多种的"
a flash in the pan,"na. 昙花一现(的人或物)
 昙花一现的人；虎头蛇尾；只是昙花一现"
akin to,"adj. 与…类似
 相似的；有亲密关系的；类似于"
appropriate to,"adj. 适合
 恰当的；适合的；适于"
benefit from,"v. 从…得到好处
 受益于；从……中受益；从…中获益"
bring about,"na. 造成；带来；(使船)回转
 引起；导致；产生"
be applicable to,"v. 适用于；能应用
 应用于；适应于；适当的"
be busy with,"v. 忙于
 忙于某事；忙于做某事；忙于干某事"
because of,"na. 因
 因为；由于；由于，因为"
be concerned with,"na. 干与；关怀
 关心；与…有关；参与"
be confronted with,"na. 碰到(困难)
 面临；面对；面临着"
be conscious of,"na. 意识到
 察觉；知道；觉察"
be considered as,"v. 被认为是
 被看作；被看做；被认为是一个独立的学科"
be dependent on,"na. 依靠
 依赖；依赖于；取决于"
be eager to,"v. 渴望
 热切想做；渴望要做；渴望做"
be entitled to, 有权；有资格；有权做
be exposed to, 暴露于；面临；暴露在
be inclined to,"v. 倾向于；想要
 有意；有某种倾向；倾向做某事"
be interested in,"v. 对…感兴趣
 对……感兴趣；对某方面感兴趣；对……有兴趣"
be likely to, 可能；很可能；很有可能
be obliged to,"na. 感谢；不得已而…
 不得不；被迫做；有义务"
be puzzled by,找不到解释
be regarded as, 被认为是；被当做是；视为
be resistant to, 抵抗的；抗拒；有抵抗力的
be satisfied with,"v. 满足于
 对……感到满意；对……满意；对……表示满意或满足"
be second to, 次于；仅次于；次於
be subject to,"un. 给；降伏；受…支配；受…影响
 受支配；服从；应受"
be vulnerable to, 易于患上；易受；对…无能为力
be willing to,"na. 乐意进行
 愿意；乐于；情愿"
be worth doing,值得做……
by accident,"na. 偶然 (opp. on purpose)
 偶然地；意外；不小心"
by all means,"na. 必定；千方百计；不惜一切；好的
 务必；一定；无论如何"
by chance,"na. 偶然
 碰巧；偶然地；意外地"
by contrast,"un. 相比之下；作对比；与此相反
 对比之下；对比而言；相比而言"
in contrast,"adv. 相反
 相比之下；对比；成对比"
by means of,"na. 以
 用；依靠；借助于"
by nature,"na. 生就；从本性上说
 生来；天生的；生性"
by way of,"na. 当做；作出…的样子；经由；以便
 通过…方式；取道；经过"
back up,"na. 支持；堵塞；抢救后方；把(文件等备份)
 倒退；后退；援助"
bear in mind,"na. 记住；铭记不忘；注意
 牢记在心；记在心里；考虑到"
keep in mind,"na. 记在心里；记住；注意
 牢记；紧记；牢记在心"
bear out,"na. 证明
 证实；支持；证实是正确的"
begin with,"na. 从…开始
 以…开始；开始于；以…为起点"
benefit by,"v. 得益于
 受益；从……得到好处；从…中获得好处"
bet on, 打赌；为某事打赌；就…打赌
bid for,"na. 投标求包(工程)；出价竞买(某物)；争取得到(拥护等)
 申办；许诺获支持；为……而竞标或争夺"
boast of,"na. 夸耀
 自夸；吹嘘；吹牛"
boast about,"na. 夸耀
 自夸；吹嘘；吹牛"
break up,"v. 拆散；打碎；剖割(兽体等)；破坏
 分手；结束；分解"
put into effect,"na. 实行
 生效；实施；使生效"
bring forth,"na. 提出；生
 产生；使产生；发表"
bring in,"na. 生产；生(利)；收获(农作物等)；挣得(报酬等)
 引进；带来；引入"
bring into, 使达到…; 把…拿入; 使开始生效; 使清楚地被人理解
bring out,"na. 公布；说出；出版；上演
 生产；阐明；说明"
build on,"na. 依赖；把…建筑于
 以……为基础；建立于；把…建立于"
burn down,"na. 把…烧成平地；(蜡烛等)逐渐烧完；火力减弱
 烧毁；烧光；烧为平地"
burn out,"na. 烧起来；烧光；烧尽；烧断
 烧掉；烧坏；熄灭"
burn up,"na. 烧完；旺起来；使恼怒；发怒
 烧起来；烧尽；烧光"
burst into,"na. 闯进；突然…起来
 闯入；突然发作；突然闯入"
burst out,"na. 冒出；现出；突然发作；突然发生
 突然……起来；迸发；爆发"
buy into,"na. (出钱)做股东
 买进；买入股票；相信"
buy out,"na. 出钱使某人出让地位；买下…的全部产权
 收购全部；买进全部产权或股权；买断"
buy up,"na. 囤积；整批收购；购进(其他公司)
 尽可能买进；全部买进；全部买下"
back and forth,"na. 来回地
 反复地；往返；前后"
bad debt,"n. 坏账；呆账；倒账
 坏帐；呆帐；不良贷款"
badly off,"adj. 穷困的；拮据的；境况不佳的
 贫苦；贫困；穷的"
be able to,"v. 能够
 会；有能力做某事；强调有能力"
be addicted to,"na. 嗜好
 沉溺于；对……上瘾；沉迷于"
be aware of,"na. 知道
 意识到；觉察；了解"
be beneficial to,"v. 有益于
 对…有益；有利于；对…有利"
be bound to,"v. 一定要；决心
 必定；注定；一定会"
be bound up with,"na. 与…有密切联系；与…结合在一起；和…有密切关系
 与...有密切联系；与…有密切关系；相关"
be characterized by,"na. 有…的(显著)特点
 以…为特征；的特点在于；典型代表了"
be different from,"na. 和…不同
 和……不同；不同于；与……不同"
be distracted by, 被…分心；对······心烦意乱
be enrolled in, 入学；进入
be equal to,"na. 等于；胜任；赶得上；忍耐得住
 与……相等；相当；能胜任"
be equipped for, 准备好；为…做好准备；为…装备
be equivalent to,"na. 等于；相当于
 等价于；等效；与…相当"
be essential to,"v. 对…必不可少
 对…不可缺少；必不可少的；非常重要的"
be faced with,"v. 面临
 面对；面临着；遇到"
be familiar with,"na. 精通；同…相好
 熟悉；对…熟悉；对…而熟悉"
be familiar to,"v. 熟悉
 为…所熟悉；对……熟悉；为…熟悉"
be fond of,"v. 爱好
 喜欢；喜爱；喜好"
behind the scenes,"na. 知道内幕；秘密地
 幕后花絮；在幕后；在后台"
be ignorant of,"na. 不了解
 不知道；对…不知道；对…无知"
be independent of,"na. 独立于…之外的；与…无关的
 与……无关；脱离……而独立；独立于……之外"
be indicative of, 表明；暗示；表示
be irrelevant to, 不切题；与…不相干；与…不相关
be jealous of,"v. 妒忌
 嫉妒；妒嫉；忌妒"
be liable for, 对…应负责任的；对…负责；有责任
be liable to,"该受(罚), 应遵守..., 有...的倾向, 易于..."
be made of,"na. …制的
 由……制成；用…制成；材料制成"
be marked by, 特点是；以…为特点；以…为明显特征
be of ... importance,找不到解释
be open to,"na. 易受；易接受；对…开着门
 对……开放；易于接受；向---开放"
be opposed to,"v. 反对；与…相对
 她不反对必要的改变；强烈地反对；反对老师的观点"
be popular with,"na. 受…欢迎
 受…的欢迎；受…欢迎的；受到……的欢迎"
be proud of,"na. 以…自豪
 为…自豪；骄傲；以……为骄傲"
be relevant to,"v. 有关
 与…有关；和……相关；与……相关"
be sensitive to,"na. 对…敏感
 对…敏感的；对……感到敏感；易感受"
be stuck in, 陷入；陷进；陷于
be supposed to,"na. …(在职务上)要；不许
 应该；被认为；被期望"
be to blame,"na. 该负责
 该受责备；应该负责；应受责备"
be tolerant of,"na. 对…能容忍
 对…容忍；对……的容忍；对……宽容"
be typical of,"v. 代表；象征
 是…的特点；典型的；有代表性的"
be unaware of, 不知道；没有意识到；没意识到
be unfamiliar with, 不熟悉；对…不了解或不熟悉
be urged to,找不到解释
be worthwhile to,找不到解释
be worthy of, 值得；配得上；对得起
beyond dispute,"na. 无争论余地；的确；无疑
 无可争议；不容争议的；不容争议的，无可争议"
beyond one's ability,找不到解释
bottom line,"n. 底线；底价；要旨；基本论点
 最低限度；绝对底线；账本底线"
box office,"n. 票房；售票处
 票房收入；票房作战；电影票房"
but then,"na. 但是；但是另一方面
 不过；但另一方面；然而"
by analogy,"na. 照此类推
 用类推的方法；用类比的方法；用类推法"
by and large,"na. 总的说来
 大体上；总的来说；基本上"
by hand,"na. 用手的；用手递交的；(婴儿)用牛奶抚养的
 用手工；手动；手工的"
by heart, 牢记；凭记忆；熟记
by mistake,"na. 因错误
 错误地；错误的；错拿某物"
by no means,"na. 决不；并没有
 一点也不；绝不；无论如何决不"
by reason of,"na. 凭…的理由
 由于；因为；原因"
by the end of,"prep. 在…尽头
 到……为止；到……末为止；到……底为止"
blow up,"v. 炸掉；爆炸；充气；放大
 炸毁；发脾气；爆发"
boot up,"un. 启动；自举；引导；使系统开始工作
 开机；开机后；起动"
build in,"na. 加入；埋入；围以(房屋,围墙等)
 固定；插入；内建"
be appropriate for,"na. 适于
 适合；适合于；适用于"
be charged with,"装满, 承担, 被控告
 负...责任, 受...指控"
be correlated with,"v. 与…相关连
 和……有关系；相关词组；与---有关"
be diligent in,找不到解释
be indispensable to, 对…必不可少；至关重要的；对……必不可少的
be indispensable for,找不到解释
between jobs, 失业；待业中；工作之间
beyond one's comprehension, 不可理解
beyond the capability of,找不到解释
beyond the dreams of,找不到解释
book value,"na. 账面价值；买卖净值；股本净值；单股价值
 帐面价值；帐面值；账面值"
by a large margin,找不到解释
by courtesy of,"na. 由于…好意
 由于…的作用；蒙…的好意，蒙…提供；由于..好意"
call for,"na. 呼吁；主张；需要；接(某人)
 要求；提倡；号召"
carry on,"adj. (飞机乘客的行李)可随身携带的
n. (飞机乘客的)随身行李
 继续；继续下去；进行"
check on,"na. 检查
 请检查；查对；核实"
cling to,"v. 依附；坚持
 墨守；紧紧抓住；附着"
come across,"na. 尽(义务)；发现；碰见；(穿过…)来到
 遇见；偶然遇见；碰到"
compete with,"v. 竞争
 与……竞争；与…抗争；高下"
comply with,"v. 遵守
 遵从；依从；服从"
conform to,"na. 遵照；顺应；遵守
 符合；遵从；适合，符合"
contribute to,"na. 捐助；给…投稿；捐(款)给；投寄(一篇论文)给(某杂志)
 有助于；促成；贡献"
cope with,"v. 对付；应付
 处理；应对；解决"
contrary to,"na. 跟…相反
 与……相反；违反；和…相反"
call off,"na. 命令停止；丢手；取消(婚约)；点(名)
 放弃；叫走，叫开；转移开"
call up,"na. 传；动员；打电话给；呼唤
 召集；使想起；召唤"
catch up,"na. 与…并驾齐驱 (to with)；扰乱(说话人)
 赶上；追上；跟上"
cater to,"v. 迎合
 投合；满足某种需要或要求；满足……的需要"
check out,"na. 开支票(提款)；(旅馆)付账后离开；及格；死
 退房；检查；结帐"
check up on,"na. “check on”的变体
 检查；核对；校对"
cheer on,"un. 欢呼；喝采；高呼加油:；为某人打气
 向…欢呼；为…加油；鼓励"
cheer up,"v. 鼓舞；振作一点
 振作起来；高兴起来；使高兴起来"
clean out,"na. 扫除干净；(把钱)花完
 清除；打扫干净；清扫"
clean up,"na. 收拾干净；改正；赚厚利
 打扫；打扫干净；清除"
close down,"v. 关闭；关门；倒闭；歇业
 停业；查封；封闭"
close up,"na. 靠紧；(伤)愈合；密闭；结束
 关闭；特写；靠近"
coincide with,"v. 与…一致
 与……相符；不谋而合；符合"
combine with,"na. 和…结合；与…化合
 与…结合；联合；与…混合"
come about,"na. 发生；(风等)变向；抢风调向
 产生；迎风折驶；形成"
come along,"na. 进步；同意；一道来；请过来
 出现；进展；快点"
come around,"na. 赶上；达到；袭击
 苏醒；顺便过来；拜访"
come round,"na. 苏醒；(生气的人)消除怒气；(病后)复原；(从某处)转来
 到来；再来；回心转意"
come at,"v. 得到；达到
 袭击；攻击；求得"
come by,"na. 到手；通过附近；拜访
 得到；获得；看望"
come down,"na. 败落；退步；(飞机的)下降
 下来；病倒；降落"
come down to,"v. 降至；归结起来；变为；归结为
 可归结为；到达；归根结底"
come in,"na. 进入；当选；上台；(党派)组阁
 进来；请进；流行起来"
come out,"na. 出来
 出现；出柜；现身"
come to,"na. 总计为；结果是；苏醒；把船朝着风头
 达到；来到；恢复知觉"
come up with,"na. 想出(一个主意或计划)；提出；提供；筹措
 赶上；找到；想出某事"
comment on,"v. 评论
 对…评论；对…发表评论；对……的评论"
communicate with,"v. 联络
 与…交流；和…交流；沟通"
compare to,"un. 核对记录；商量了一番；比较；和…相仿
 与…相比；比作；把…比作"
compare with,"na. 和…比较
 与…相比；与…相比较；与…比较"
complain about,"v. 埋怨
 抱怨；抱怨某事；抱怨某人或事情"
complain of,"v. 抱怨；叫屈
 主诉；诉苦；埋怨"
concentrate on,"na. 集中在；专心于
 全神贯注于；专注于；集中精力于"
consent to,"v. 同意；赞成
 同意某事；应允；赞同意义的词组"
consist of,"v. 由…合成
 由……组成；由…构成；包括"
count in,"na. 算入
 把…计算在内；把……算入；算上"
cut across,"na. 对直穿过；同“cut”
 抄近路；抄近路穿过；走捷径"
cut back,"na. 缩减；修剪(树枝等)；回叙往事
 削减；减少；消减"
cut down,"na. 砍倒；削减；减价；夺去…活动力
 减少；缩短；降低"
cut out,"na. 割掉；除去；剪下；开辟
 停止；删除；切掉"
cut up,"na. 割裂；弄伤；歼灭(敌军)；使心痛
 切碎；剪碎；宰后得肉"
capable of,"na. (事物)可以…的；能…的；易…的；(人)敢于…的
 能够；有…能力的；易于做出…的"
close to,"na. 接近于；在附近
 靠近；亲近；离…近"
come into being,"na. 发生
 形成；产生；开始存在"
come into effect,"na. 开始实施
 生效；开始生效；开始实行"
go into effect,"v. 生效
 施行；实施；开始生效"
come into use,"na. (某物)开始被使用
 开始使用；投入使用；开始投入使用"
come to a close,"na. 将完
 结束；临终；渐近结束"
come to life,"na. 苏醒过来
 复活；活跃起来；恢复生气"
come to light,"na. 显露
 真相大白；为人所知；出现"
come true,"na. (预言等)成事实；实现；(作物)不变种地发芽生长
 成为现实；成为事实；变成现实"
commit suicide,"na. 自杀；自尽
 寻短见；自裁；自杀身亡"
common to,"adj. 对…共同
 共同的；公共的；公用的"
comparable with,"adj. 可比于
 可与……比较；可与…相比的；比得上的"
comparable to,"v. 赶得上
 比得上的；相若；可比较的"
control over, 控制；支配；对…的控制
convenient to, 便于；方便的；对某人方便
choke up,"na. 使闷死；枯死；激动得说不出话来；同“choke”
 堵塞；闷住；阻塞"
clamp down,"v. 严厉打击；强制执行；严禁；施压
 取缔；施加压力；对……施压"
clear away,"na. 扫除；砍去；(雾等)消散
 收拾；把…清除掉；去掉"
clear off,"na. 理清(工作等)；清算；卖掉；撵走
 清除；消散；摆脱"
clear up,"na. 整顿；说明；(天气)转晴
 放晴；整理；清理"
come apart,"na. (精神)错乱；分开了
 崩溃；破裂；瓦解"
come in for,"na. 来取；接受；受到(处分等)
 领取；得到；遭到"
come into,"na. 归入；开始；得到；缔结
 进入；继承；加入"
compensate for,"v. 补偿；抵偿
 赔偿；弥补；补偿损失"
confess to,"v. 承认
 坦白；坦诚；拒绝做"
cool off,"na. 变凉；使…冷静；(销量,价钱等)下降
 平静下来；冷却；冷静下来"
correspond to,"v. 符合
 相当于；相应；对应"
crack down,"na. 敏捷地做；拼命做
 镇压；制裁；打击"
crack down on,"na. 对…进行制裁
 打击；镇压；严打"
curl up, （使）卷; 缭绕升起; （使）厌恶; （使）身体上垮掉
clear-cut,adj. 清晰的；轮廓鲜明的
come into operation,"na. 开始工作；生效
 开始运转；施行；开工"
go into operation,"na. 开始运转；生效
 开始工作；开工；投入生产"
come to a head,"na. (时机,事件等)成熟；逼近严重关头；(疮,疖等)化脓
 达到顶点；达到高潮；到达顶点"
come to blows,"na. 互相打起来；开战
 开始互殴；动手打起来；动手互殴"
come to grief,"na. 失败；受伤；受欺负；出毛病
 遭难；吃亏；无由之灾"
come to grips with,"na. 扭在一起；开始努力对付
 揪扭；着手解决或对付；开始搏斗"
come to hand,"na. 拿到手
 收到"
come to one's senses,"na. 恢复理性；恢复知觉；苏醒过来；醒悟过来
 恢复理智；不再做傻事；固定用法恢复知觉"
come to terms,"na. 谈判成功；投降
 达成协议；妥协；让步"
coupled with,"un. 接在一起
 加上；外加；加之"
cross section,"n. 横截面（图）；剖面（图）；断面（图）；典型的一群人（或事物）
 横断面；横切面；横剖面"
cut and dried,"adj. 已成定局；不容更改
 老生常谈；枯燥无味；早已决定的"
cut short,"na. 打断(讲话)；使停止；缩减；从简
 中断；突然停止；缩短"
deal with,"na. 办理；对待；与…交涉；与…交易
 处理；对付；应付"
depend on,"v. 依靠
 依赖；取决于；视……而定"
derive from,"v. 来自；起源于
 衍生；由来；来源于"
die out,"na. 死绝
 灭绝；消失；逐渐消失"
do harm to,"v. 损害
 对…有害；伤害；对……造成伤害"
doze off,"v. 打瞌睡
 打盹；打盹儿；打磕睡"
draw on,"na. 穿；依赖；靠；吸收
 利用；戴上；动用"
date back to,"na. 回溯至
 追溯到；始于；可追溯到"
dedicate to,"v. 献给
 奉献；致力于；献身"
deprive of,"un. 剥夺
 剥夺某人的；使失去；使丧失"
devote to,"v. 把…贡献给
 致力于；献身于；把……献给"
die down,"na. 殉国
 平息；变弱；渐渐消失"
differ in,"v. 不同
 在…方面不同；不同在；在……不同"
disagree with,"v. 不同意
 与…意见不一致；不同意某人；与…意见不同"
dispose of,"na. 安排；解决；办妥；杀掉
 处理；除掉；处置"
distinct from,"adj. 不同于N
 种类不同；与…截然不同的；与…截然不同"
do business,"na. 做买卖
 做生意；经商；特指经商"
do for,"na. 帮助；适合做；除掉；毁掉
 照料；对…有效；照应"
do justice to,"na. 公平评判；公平对待；逼真；大吃
 公正地评判；公正地对待；公平地对待"
do with,"na. 对付；忍耐；与…相处
 处理；处置；需要"
draw out,"na. 抽出；拔出；掏出；提出
 拉长；取出；拉出"
dress up,"na. 乔装；装扮；为…打扮；盛装打扮
 穿上盛装；装饰；精心打扮"
drive away,"v. 赶走
 开走；把车开走；离开"
drop by,"na. 随便访问一下
 顺便拜访；顺道拜访；非正式访问"
drop in,"(使)落进；(使)往里坍塌：
偶然(或顺便)走访(或访问)(on)；逐渐进入：
(有选择地)加入；愿意(或决心)参加：
放下(吊幕)，吊装布景："
drop off,"na. 同“drop”；睡着；(客)(一一)散去；衰落
 减少；减弱；下车"
drop out,"na. 退出；(因不满传统制度而)退出正常社会；落出；隐退
 退学；辍学；掉落"
drop out of,"v. 退出；退去
 失学；从……当中退出；不参与"
drop to,"un. 弄虚作假；坠入
 下降到；跌到；掉到"
dry out, （使）变干， （使）干涸; <非正>（使）戒（酒、毒等）; 晾干
dry up,"na. 干涸；逐渐枯萎；使干；(演员)忘记台词
 枯竭；干透；乾涸"
do one's best,"na. 竭尽所能；尽力
 尽最大努力；不遗余力；尽最大的努力"
try one's best,"na. 尽全力
 尽力；努力；竭尽全力"
double-digit,adj. 两位数的
dozens of,"adj. 许多
 几十；几十个；很多"
draw a comparison,"做比较
打比方"
drive sb. to do sth.,找不到解释
deduce from,"推断
 ...从...推断(推出)..."
discriminate against,"na. 歧视
 排斥；不一样对待；某些人歧视"
dispense with,"na. 省；免除；没有也行；豁免
 无需；没有...也行；省掉"
divide by,"un. 划分；用…去除；以…为分界
 除以；用…除；被除"
do away with,"na. 废除；干掉
 去掉；除去；消灭"
double up,"na. 折；捏起(拳头)；(旅客等)同住一室；弯着身子
 把…折起来；对折；把…折叠起来"
do up,"v. 修缮；收拾
 系；打扮；包扎"
dream up,"na. 凭空想出；凭空捏造出
 虚构；创造；梦想"
dwell on,"na. 细想详述仔细研究强调；拖长(发音)仔细打量；减慢
 详细讲述；凝思；老是想着"
dwell upon,"na. 细想详述仔细研究强调；盯着看；减慢
 深思；仔细想，深思；详细讲述"
dead end,"n. 一头封死的道路（或通道等）；绝境；僵局
 死胡同；死角；死路"
do one's bit,"na. 见 bit 条
 尽自己的一份力量；尽力；尽一份力"
do one's utmost,"na. 尽所有力量
 竭力；尽最大努力；尽全力"
do the honors,"na. 尽地主之谊
 作东；尽东道主之宜；有幸干某事"
draw dividend,找不到解释
drive into action,找不到解释
evolve from, 进化自；从……发展而成；由……进化而来
exert influence on, 施加影响；对…施加影响；感化
eat up,"na. 吃完；消耗；沉迷于；很快走完(距离)
 吃光；吞灭；吃掉"
embark on,"un. 着手
 从事；开始；开始着手做某事"
engage in,"na. 从事；参加
 参与；从事于；忙于"
engage with,"un. 与…交战；与…接洽
 建立友好关系；交流；与……交战"
escape from,"v. 逃脱
 从…逃脱；从……逃跑；逃离"
experiment on,"un. …的实验；试用
 尝试；对……进行实验；在…上做实验"
extract from,"un. 榨出(汁等)；提取:；拔取；拔出
 从…拔出；从…中提取；文件的摘录"
earn one's living, 谋生；营生；挣钱维持生计
either ... or,找不到解释
even if,"na. 即使…也
 纵然；就算；甚至"
even though,"na. “even if”的变体
 即使；尽管；虽然"
ever since,"na. 从…以来
 从那时起；自从；此后一直"
every other,"na. 每隔；所有其他；每隔一；其他的…都
 每隔一个的；每隔一个地；其他的...都"
every so often,"na. 不时
 偶尔；时时；有时"
except for,"na. 只有
 除了；除…之外；除了……之外"
expert in,"v. 精通于
 丈母娘竟然还精通；在……熟练；是…的专家"
fail to,"v. 未能；使…失望
 不能；没有；没能做成"
fall asleep,"na. 入睡
 睡着；睡着了；睡觉"
filter out,"un. 滤光；滤出；慢慢传出；听不进去
 过滤；滤除；过滤掉"
for example,"na. 例如
 举例；比如；比如说"
for fear of,"na. 因为怕；唯恐
 以免；害怕；以防"
for instance,"na. 例如
 比如；举例说；举例来说"
for long,"na. 长久 longs and shorts 1. 诗. 2. 长短砌合
 很久；很长时间；长久地"
fall behind,"na. 落后；跟不上；落下；拖欠
 落在后面；落后于；掉队"
fall down,"na. (向下游)流下；失败；跌倒；同“fall”
 倒下；摔倒；倒塌"
fall for,"v. 爱慕(某人)；赞赏(某事)；上当；受骗
 爱上；爱上，迷恋；信以为真"
fall off,"na. 下降；(从马上)掉下来；扫兴颓丧；离开
 跌落；减少；衰退"
feel like,"na. 想要…；愿意…；感觉像是…
 觉得；感到想要做；想做"
fight back,"na. 抵抗
 反击；还击；回击"
figure out,"na. 估计；解决；了解；确定
 想出；算出；计算出"
fill up,"na. 同“fill”
 装满；填补；填满"
fill with,"v. 充满
 使充满；装满；用……填充"
find out,"na. 查出；发现；看清…的面目；识破
 查明；找出；了解"
finish up,"na. 完成；吃光；用尽；同“finish”
 结束；彻底完成；完成结束"
fit in, 有地方容纳; 有时间从事（某事）; 有时间接待（某人）; 相处融洽
fit into, （使）适合， （使）合乎…的时间，与…融为一体; 纳入
fix on, 把…固定住; 把…集中在…上; 确定; 选定
fix up,"na. 修理；解决；组织；安顿住处
 安排；修补；商妥"
focus on, 致力于; 使聚焦于; 对（某事或做某事）予以注意; 把…作为兴趣中心
follow through,"v. 坚持到底
 自始至终完成工作；进行到底；随球动作"
fair play,"n. 按规则比赛；公平办事
 公平竞争；公平竞赛；费厄泼赖"
far from,"na. 远离；决不
 远非；完全不；远远不是"
far off,"adj. 远方的；遥远的
 在远处；远离；远隔的"
far-reaching,adj. 深远的；广泛的；伸至远处的
first and foremost,"na. 首先
 首要地；首要的是；第一位的和首要的"
first of all,"na. 第一
 首先；首要；是首先的意思"
fit for,"v. 适合；对…恰当
 适于；适合于；我适合"
fit to,"un. 调整到
 适合的；符合；配合"
follow suit,"na. 跟出同花色的牌；学样
 跟着做；照着做；跟风"
for a while,"adv. 片刻
 暂时；一会儿；一时"
for certain,"na. 的确
 肯定地；确凿地；确切地"
for ever,"adv. 永远地；永恒地；无休止地；永无止境地
n. 永恒；相当长的时间
 永久；长期地；直到永远"
for free, 免费地；免费的；为了免费
for good,"na. 永久地
 永远；一劳永逸地；永远地"
for one's part,"na. 至于某人
 对某人来说；讲到某人；就个人来说"
for one thing,"na. 第一；原因之一是
 首先；一则；一方面"
for sale,"na. 出售(的)
 待售；供出售；出售的"
for short,"na. 简称
 缩写；简称某人；把……简称为"
for sure,"adv. 确实
 肯定地；确切地；毫无疑问"
for the benefit of,"na. 为…(利益)打算；为惩戒…
 为了…的利益；为…的利益；为了……的好处"
for the most part,"na. 在极大程度上；就绝大部分而言；多半；基本上
 大多；大多数情况下；在大多数情况下"
for purpose of, 为了；为了什么原因；为…的目的
for the purpose of,"na. 为…
 为了…目的；为……目的；为了……的目的"
for the sake of,"adv. 为了…起见
 为了…的利益；为了…的目的；为了…的缘故"
full time,"adj. 全部时间的
n. （体育运动的）全场比赛结束时间
 全职；全日制；专职"
fall out of,"na. 放弃(习惯等)
 放弃习惯等；停止；从…掉落下来"
find fault with,"na. 吹毛求疵；找…的岔子
 挑剔；找岔子；挑毛病"
flare up,"na. 同“flare”；突然烧起来；突然发怒；忽然喧噪起来
 发火；勃然大怒；动怒"
flash on,"na. 立刻心领神会；(服迷幻药后)感觉飘飘然
 立即领悟；打开闪光灯；突然亮起来"
fool around,"na. “fool about”的变体
 闲荡；鬼混；吊儿郎当"
for good measure,"un. 作为额外增补
 另外；作为额外增添；作为额外添加"
for the time being,"na. 暂时；一时；临时；在目前
 暂且；眼下；now暂且，就现在来说"
get over,"na. 同“get across”
 克服；恢复；越过"
get rid of,"na. 除掉；摆脱；撵走
 除去；去掉；处理掉"
give in,"na. 让步；屈服；投降；上交
 交上；认输；放弃"
give up,"na. 放弃；断绝；投降；自首
 停止；抛弃；认输"
go against,"na. 违背；不利于
 反对；违反；不顺心"
go through,"na. 认真检查；仔细地搜；(提案或法案)通过；被批准
 经历；经受；仔细检查"
get ahead,"na. 获得成功；前进
 进步；超过；走在前面"
get back to,"un. 报复；回到
 再和……联系；回到某地；重新回到"
get in,"na. 进入；收(庄稼)；收集(税收,捐款等)；插入
 到达；收割；进站"
get into,"na. 进入；穿上；成癖；陷于
 陷入；卷入；养成"
get out,"na. 摆脱；走出；出去!
 离开；滚开；滚出去"
get out of,"na. 逐渐放弃(恶习)；避免；由…出来；拔出
 逃避；摆脱；离开"
give access to,"na. 接见；准许出入
 向…开放；得以进入；可以接近"
give birth to, 生（孩子），生育; 引起，产生; 娩出; 娩
give priority to,"na. 把优先权让给…
 为主；优先考虑；认为优先"
go along,"na. 前进
 进行；沿着……一直走；同意"
go out,"na. 出去；灭；辞职；下台
 熄灭；外出；过时"
go with,"na. 同…一致；跟…谈恋爱；带有；领会
 伴随；与…相配；跟…相配"
get going,"na. 采取行动；出去；使某人发怒
 开始；出发；动手"
get in the way,"na. 妨碍
 挡道；碍事；挡路"
get ready, 准备好；预备；做好准备
get on in life,"na. 立身处世
 发迹；出人头地；飞黄腾达"
get out of the way,"v. 解决；除去
 让开；避开；闪开"
have nothing to do with,"na. 办完；和…断绝关系；已和…无关
 与……无关；和……毫无关系；与……毫无关系"
hand over,"v. 转交；递给；送交(警察或有关当局)处理；移交(权力等)
 交出；让与；交给"
happen to sb.,找不到解释
happen to sth.,找不到解释
have a good time,"na. 过得愉快；很愉快
 玩得高兴；玩得开心；玩得愉快"
have an advantage over,"na. 胜过
 优于；比……有优势；比…处于有利地位"
have connection with,"un. 联运车(船)；有贸易关系的商号；食物联系；连接
 与…有联系；与……有关系；和……有关系"
have difficulty in, 在……方面有困难；在某方面有困难；在……有困难
have faith in,"na. 相信
 信任；对……有信心；信仰"
have no use for,"na. 不需要；不喜欢；讨厌
 用不着；对……无用；没有必要"
hear from,"na. 得到…的消息
 收到……的来信；收到……来信；收到…的信"
help to,"un. 替某人或自己取食物、饮料等:
 有助于；促进"
hold on,"na. 拉住；继续；坚持下去；(打电话时)不挂断
 等一等；坚持住；等一下"
hold up,"v. 举起；支撑；耽误；抢劫
n. 抢劫；延误；堵车
 阻挡；耽搁；拿起"
hundreds of thousands of,"na. 几十万
 无数；数十万的；贴个几十万"
insist on,"v. 坚持；强调
 坚决要求；坚持要；坚持认为"
intend to,"打算(做)..., 想要(做)..."
if only,"na. 只要；只要…就好了
 如果能再爱一次；要是……就好了；但愿"
in addition,"na. 加之
 另外；此外；又"
in and out,"na. 迂曲；忽隐忽现
 进进出出；里里外外；进进出出的"
in a sense,"na. 在某种意义上；有一点儿
 从某种意义上说；就某种意义来说；就某种意义而言"
in a word,"na. “in a few words”的变体
 总之；简言之；总而言之"
in brief,"na. 简单地说
 简言之；简而言之；总之"
in consequence,"na. 因此
 结果；因而；在…条件下"
in contrast,"adv. 相反
 相比之下；对比；成对比"
in effect,"na. 实际上；总之；有效
 事实上；生效；正在实行"
in face of,"v. 当面对
 纵然，即使；面临；不顾"
in fact,"na. 事实上；总之
 实际上；其实；实则"
in favor of,"na. 赞成；有利于；付与
 支持；赞同；为了支持"
in general,"na. 一般；大体上
 通常；一般来说；一般而言"
in line with,"na. 和…成一直线；和…一致
 符合；按照；跟…一致"
in order to,"na. 为了；从而；以便
 目的；为了……起见；以求"
in particular,"na. 特别；一一
 尤其；特别地；特别是"
instead of,"prep. 代替；作为…的替换
 而不是；替代；取代"
in terms of,"na. 依…；从…方面；用…特有的字眼
 根据；在...方面；按照"
in theory, 理论上；从理论上看；在理论上
in the wake of,"na. 在…后接踵而来；在后追随
 仿效；紧跟；随着"
in time,"na. 经过一段时间以后；早晚；在恰好的时候；和…合拍
 及时；钟点战；时间规划局"
in trouble,"na. 为难；被捕；未婚怀孕
 有麻烦；处于困境中；遇到麻烦"
in turn,"na. 挨次
 依次；轮流；反过来"
in vain,"na. 无益地；轻慢地
 徒劳；徒然；白白地"
identify with,"v. 相同于
 认同；认为…等同于；与…认同"
integrate into, 融入到……中去；成为一体，融入；使并入
integrate with,"v. 结合起来
 使与…结合；结合在一起；与人交往"
interact with,"v. 与…相互作用
 与……互动；与……组合；和……交往"
interfere with,干扰，干涉；妨碍；触动或弄坏；乱动；与……抵触
ill-informed,adj. 所知不多的；消息不灵通的
in action, 在行动中；在起作用；行动中的
in any case,"na. 无论如何；横竖
 不管怎样；总之；在任何情况下"
in-built,adj. 内置的；与生俱来的；同时附有的
in business,"un. 没有必要；经商
 经营；在做买卖；在经商"
in cash,"un. 占…便宜；用现钱支付的
 用现金；有现钱；现金支付"
in competition with, 与…竞争；在与…竞争之中；与……比赛
in contact with,"prep. 和…联系
 和……联系；接触；与…联系"
in danger,"na. 在危险中
 垂危；处于危险中；处于危险之中"
in depth,"na. 广泛
 深入地；全面深入地；深入的"
in despair,"na. 绝望地
 绝望的；失望；在绝望中"
in detail,"na. 详细
 详细地；详细的；详尽"
in dispute,"na. (在)争论中的
 在争议中；在争论中；处于争议中"
in exchange for,"na. 换
 交换；用……交换；作为交换"
influence on, 影响；对…的影响；对…有影响
in front of,"na. 在…的前面
 在……前面；在……的前面；在…面前"
in large numbers, 大量地；大量的；云涌
in matter of, 与……有关
in memory of,"na. 纪念…
 为纪念；为了纪念；以纪念"
in need, 在危难中；需要帮助的；在困难时
in order,"na. 整整齐齐；合规则；情况正常；健康
 按顺序；秩序井然；按次序"
in other ways, 在其他方面；用别的方式；用其他方法
in other words,"na. 换句话说
 换言之；也就是说；也就是"
in part,"na. 一部份地；有几成；在某种程度上
 部分地；一部分；有些部分"
in perspective,"na. 按照透视画法的；展望中的；正确的
 正确地；观察合理地；符合透视法地"
in practice,"na. 事实上；在实践中；在不断练习中；练习充足
 实际上；在实际中；从实践上看"
in print,"na. 已出版的；(书等)在出售中的；(书等)尚有供应的
 在印刷中；印出来；在销售中"
in public,"na. 公然
 当众；公开地；在公共场合"
in quest of,"na. 为求…
 寻找；探求；为了寻求"
in reality,"na. 事实上；实在
 实际上；在现实中；其实"
in respect of,"na. 关于
 就…来说；关于和涉及；至于"
in response to,"na. 应…而
 响应；回答；对…做出反应"
in return,"na. 作报复；作替换
 作为回报；作为报答；作为交换"
in return for,"na. 作…的报酬
 作为…的报答；作为对…的回报；作为…的交换"
in search of,"na. 寻找；去找；追求；为了寻求
 为了寻找；搜索；查究"
in short supply,"na. 供应不足
 短缺；供不应求；缺乏"
in some ways, 在某些方面；在某种程度上；在一些方面
in spite of,"na. spite of 不管；无视
 尽管；不顾；虽然"
in sympathy with,"na. 同情；赞成；跟着
 和...一致；赞同；同意"
in ... terms,找不到解释
in the background,"na. 背地下；在幕后(活动)
 在背后；在后面；在后台"
in the end,"na. 终于
 最后；最终；结果到头来"
in the eyes of,"na. 在…的心目中
 在……看来；眼里；观点看来"
in the heart of,"na. 在…中心
 处于重要的位置；在…中央；在……的中心地带"
in the interest of,"na. 为了…的利益
 对……有利；为了……利益；符合……的利益"
in the knowledge of,找不到解释
in the light of,"na. 按照；以…的模样；当作…
 根据；鉴于；依据"
in the long run,"na. 归根到底；“in the long run/term”的变体
 从长远来看；最后；从长远观点看"
in the long term,"na. 从长期看
 从长远角度看；从长远来看；从长远观点来看"
in the short term, 从短期来说；短期内；从眼前的观点看
in the manner of,"na. 照…的式样
 照...的式样；方式；以…方式"
in the past,"na. 在过去
 以往；从前；过往"
in the process of,"na. 在…的过程中
 在……的过程中；在…过程中；在进程中"
in the way,"na. 在路上；妨碍
 挡道；挡路；妨碍人的"
in the way of,"na. 妨碍；在…方面；使能于
 在……方面；关于；至于说"
in use,"na. 正在用；通行；“in/out of use”的变体
 在使用中；在使用着；在使用着的"
in words, 口头上；用语言；用言语
impose on,"v. 强迫；欺骗
 把…强加于；施加影响于；利用"
interfere in,"v. 干涉
 干预；在某件事上打扰；相关词组"
in ample supply,找不到解释
in a row,"na. 成一排；连续
 连续的；一连串；接连"
in blinding flash,找不到解释
in the pipeline, 在考虑（或规划、准备） 中; 在酿中; 在准备中; 在完成中
jump on,"na. 严词责备；突然袭击；同“jump”
 跳上；叱责；责骂"
keep down,"na. 压住；压服；用小活字排印；缩减
 控制；镇压；控制，压制，镇压"
keep an eye on,"v. 密切注意
 照看；留意；密切注视"
keep one's word,"na. 守约；履行诺言；说话算话
 守信用；遵守诺言；信守诺言"
keep up,"na. 支持；保持；继续；停歇
 维持；坚持；持续"
keep up with,"na. 不落后
 跟上；赶上；紧跟"
kill off,"na. 消灭
 杀光；扼杀，否决；除去"
keen on, 热衷于；喜爱；喜欢
keep one's eyes open,"na. 时刻提防；留神监视
 留心看着；保持警惕；留意"
keep abreast of,"na. 跟着(时代)跑
 了解……的最新情况；跟贴；跟上"
keep track of,"na. 追踪；记录；保持联系；密切注意…的动向
 与…保持联系；跟踪；保持对……的联系"
key in,"un. 插上；键入
 键盘输入；电脑操作及输入；按键矩阵输入"
lay off,"na. 辞退；停止；暂停
 解雇；下岗；裁员"
lead to,"na. 通向
 导致；引起；通往"
lead up to,"na. 渐渐诱入；设法引出
 导致；引起；把…一直带领到"
look for,"v. 寻找；探索；渴望；盼望
 期待；找寻；查找"
look up to,"v. 尊敬；另眼看待；向…一举一动看齐
 敬仰；仰望；尊重"
lead into,把…带入; 导致; (道路等)通向
lead on,"na. 哄骗；怂恿
 继续引领；雷帝；率领"
lean on,"na. 靠在；倚赖；据险(固守)
 依靠；依赖；倚靠"
let alone,"na. 任随；更不用说；放任；莫说…(连)
 更别提；更不必说；不管"
lie down,"v. 躺下；不反抗；屈服；顺从
 躺下不干；躺下来；躺倒"
lie with,"na. 和…发生性关系；(责任,义务,决定权等)在于…
 取决于；是…的责任；苟合"
line up,"na. 整顿(机械等)；排成一列；使(兵士)排齐；整顿阵容
 排队；整队；排成一行"
live by,"na. 靠…为生；住在…附近
 以……为生；靠……为生；靠……生活"
live in,"na. 住进；(雇员)住在东家
 居住在；住在某地；居住于"
live off,"na. 住在…之外；以…为生
 靠…生活；靠……供养；依赖…生活"
long for,"v. 渴望
 盼望；思慕；思念"
look back,"na. 回头看；回顾；追想 (to；upon)；(对事业等)不起劲
 回忆；追忆；向后看"
look back at,找不到解释
look back on,"v. 回顾
 回忆；回顾过去；回首"
look forward to,"na. 盼望
 期待；期望；期盼"
look into,"na. 窥视；调查；过问
 研究；检查；了解"
look out,"na. 挑选；注意；看外头；展望 (on；over)
 当心；小心；留神"
lose sleep,"na. 失眠
 忧虑；担心"
laughing stock,"n. 笑柄；笑料
 成了笑料；笑柄酒园；的笑柄"
less than,"adj. 少于
 不到；小于；低于"
life sentence,"n. 无期徒刑；终身监禁
 终生监禁；判处无期徒刑；无期徒刑之判决"
make fun of,"na. 嘲弄
 取笑；嘲笑；开玩笑"
make up,"na. 弥补；起草；定；签订
 组成；化妆；编造"
make no difference,"un. 在意；没关系；没有差别；无动于衷
 没有影响；没有区别；没影响"
make use of,"na. 使用
 利用；利用某事物；利用好时间"
manage to,"v. 设法处理
 达成；设法完成；设法做到"
marvel at,"v. 对…感到惊异
 惊奇；惊叹；感到惊讶"
meet the requirements of,vt.  适应(满足 ... 的需要)
move on,"na. 继续前进；(使)继续前进；向前!
 继续移动；往前走；继续前行"
multiply by,"v. 乘
 乘以；乘上；使相乘"
make an effort,"na. 努力作出
 作出努力；做出努力；尽一番努力"
make money,"na. 赚钱；发财
 挣钱；生财；网路赚钱"
make progress,"na. 前进；进展
 取得进步；取得进展；有进步"
make sacrifice,找不到解释
market-oriented,adj. 以市场为导向；市场取向
meet one's need,满足某人的需要
millions of,"det. 数百万
 数百万的；成百万的；数以百万计"
more often than not,"na. 通常
 多半；时常；往往"
more than,"na. …以上；比…更
 多于；超过；不止"
move against, 行动起来反对
merit pay, 绩效工资；绩效加薪；绩效薪酬
muscle tone,"un. 肌紧张
 肌肉张力；肌张力；肌肉紧张度"
no less than,"prep. 多达
 不少于；不亚于；不下"
no longer,"na. 不再
 已不；再也；再也不"
nothing more than,"un. 只有；跟…迥然不同；只不过
 仅仅；只不过是；无非是"
now that,"na. 由于
 既然；既然已；现在已经"
neglect of, 疏忽；对…的疏忽
neither ... nor, 既不……也不；两者都不；均不
never mind,"un. 没关系；不要紧；开诚布公地谈
 别介意；别放在心上；别在意"
no doubt,"na. 无疑地；很可能
 毫无疑问；必定；不要怀疑合唱团"
no other than,"na. 就是；只有
 正是；除…外没有；不是别的"
no sooner ... than,"na. 才…(就)
 一……就；不早于；刚…就"
not as ... as,找不到解释
not so ... as,找不到解释
not ... at all,找不到解释
not ... but,找不到解释
nothing but,"na. 不外；的确
 只有；只不过；只是"
not in the least,"na. 一点也不
 毫不；绝不；一点儿也不"
not to mention,"na. …不用说
 更不用说；更不必说；更别提"
no way,"na. 无论如何不
 不行；不可能；没门"
no wonder, 难怪；怪不得；不足为奇
owe to,"v. 由于；把…归功于
 应该把…归功于；欠；因为"
on average, 平均；平均起来；通常
on behalf of,"na. 替；为…的利益
 代表；代表某人；以…名义"
once for all,"na. 只此一次；断然
 一劳永逸地；永远地；彻底地"
only if,"conj. 只有当
 只要；除非；只要…就"
on the average,"na. 平均；一般说来
 平均起来；按平均值；平均而言"
on an average,"na. 平均；一般说来
 平均起来；平均而言；按平均"
on the basis of,"na. 以…为基础
 根据；在…基础上；在…的基础上"
on the contrary,"na. 反之
 正相反；相反地；相反的"
on the other hand,"na. 从另一方面来说；在另一方面
 一方面…另一方面；但是；表示而另一方面"
on the whole,"na. 整体上说
 总的来说；大体上；基本上"
other than,"na. 与…不同；除了
 不同于；除…之外；而不是"
out of date,"adj. 过时的；缺乏新信息的；陈腐的；失效的
 过期；过期的；过时了"
owing to,"conj. 由于；因为
prep. 因为；由于
 归因于；由于…的原因；多亏"
occur to, 想到；被想起；被想到
open up,"na. (打)开；割开；开发(资源)；揭示
 打开；开辟；开放"
operate on,"v. 对…施行手术；用…开动
 动手术；为……动手术；给……动手术"
originate in,"v. 来源于
 起源于；起源於；从某物中派生出"
originate from,"v. 起源于；发源于
 来源于；来自；起源於"
ought to,"modalv. 应该；应当；（表示期望或可能发生的事）应该；（表示劝告或建议）应该
v. 应该
 理应；应然；应该要"
of course,"na. 当然
 自然；当然可以；当然了"
off and on,"na. 断断续续；偶尔；(航海)时而靠岸时而离岸地；不规则地
 断断续续地；间歇地；不时地"
off balance,"un. 偿清债务；趔趄
 失去平衡的；失去平衡；不平衡"
off duty,"na. 下班；在工作时间外
 不在值班；下了班；不值班"
on account of,"na. 因为
 由于；为了；基于"
on a daily basis, 每天；日常；每天都
on business,"na. 因公
 因事；出差办事；有事"
once again,"na. 一再；再一次；“once again/more”的变体
 再度；再次；又一次"
once in a while,偶尔；有时（等于every once in a while）
once more,"na. 再一次；“once again/more”的变体
 又一次；再次；再来一次"
once upon a time,"na. 从前；很久很久以前；古时候
 童话镇；曾经；童话小镇"
on condition that,"na. 在…的条件下
 在…条件下；条件是；如果"
on demand,"na. 请求即
 按需；随选；随需应变"
on duty,"na. 在工作时间内；上班；值班
 值日；当班；在值班"
one after another,"na. 一个又一个地；陆续；相继
 一个接一个；一个接一个地；先后"
one another,"pron. 互相
 相互；彼此；互相地"
on earth,"na. 到底；在地球上；全然
 究竟；在世上；在人间"
one way or another,"na. 以某种方式；想方设法；无论如何；(好歹)设法
 不管怎样；表示某种方法或途径；以某种形式"
on fire,"na. 燃烧着；兴奋着
 着火；起火；起火着火"
on foot,"na. 步行；在进行中；徒步
 走路；步行时；走路去"
on guard,"na. 看守；值班
 站岗；警惕；防范"
on hand,"na. 现有；出席；在近处
 在手边；在场；在手头"
on impulse, 一时冲动；一时心血来潮；冲动的
on line,"un. 在线的；联机；电站并网；机控
 在线式；线上；上线"
on occasion,"na. 有时；遇必要时
 间或；偶尔；不时"
on one's own,"na. 独自地；独立地；凭自己力量；主动地
 单独；靠自己；靠自己的力量"
on order,"adj. 已定购
 已订购；定购中；已定购而尚未交货的"
on paper,"na. 纸上；统计上；理论上
 以书面形式；在纸上；在名义上"
on purpose,"na. 故意；意欲
 故意地；有意；故意的"
on sale,"na. 出售的；上市的；出售(的)；廉价出售(的)
 减价；打折；大减价"
on schedule,"na. 按时；按时间表；按照预定计划
 准时；按预定时间；正点"
on the air,"na. 广播中；(正在)广播；哭着；闹着
 正在播出的；播送；在广播"
on the decline,"na. 没落；在低落中；在衰退中
 走下坡路；在衰落；在下降"
on the go,"adj. 忙忙碌碌的
 忙个不停；在活动；正在忙碌中"
on the increase, 在增加；正在增加；正在增长
on the point of,"prep. 正要N；将要N
 正要…的时候；正要…之际；即将…的时候"
on the rise,"na. 在涨；在增加；好转
 在上升；正在上升；在上涨"
on the run,"na. 跑着
 我很忙；亡命鸳鸯；逃亡"
on the spot,"na. 当场；立刻；用现货；(人)准备妥当
 在现场；在场；马上"
on the verge of,"na. 将近(几岁)；即将…
 濒于；接近于；濒临于"
on time,"na. 按时；及时
 准时；正点；准时地"
open-minded,adj. 虚心的；思想开明的；无偏见的
or else,"na. 不然
 否则；要不然；否则，要不然"
or so,"un. 与其说…不如说…；大约
 左右；上下；大概"
out of control,"na. 失去控制
 失控；不受控制；过界"
out of doors,"na. 在户外；在外；“out-of-doors”的变体
 室外；户外的；不在"
out of hand,"na. 即时；脱手；告终；难对付
 无法控制；失去控制；失控"
out of the way,"na. 向旁边；让开；迷失；误
 让路；不挡道；不碍事"
over the years,"na. 长年累月
 多年来；这些年来；很多年来"
over time,"conj. 随着时间的过去
 三十拉警报；随着时间的推移；久而久之"
odds and ends,"n. 零碎；琐碎的东西；小玩意
 零碎的工作；零碎东西；零星杂物"
off-the-cuff,adj. 即席的
of no account,"na. 不重要的
 无价值的；毫不重要；无足轻重"
on cue, 恰好在这个时候；恰好在这时候；就在这个时候
on oath,"na. 发誓
 必定；依照誓言"
under oath,"na. 发誓
 宣过誓；受誓言的约束；发誓说真话"
on one's honor, 以名誉担保
on the blink,"na. 坏了；喝醉的；(机器等)出毛病；(人)不舒服
 失灵；身体不爽；性能不佳"
on the brink of,"na. 即将要
 濒于；濒临；在……的边缘"
on the horizon,"na. 在地平线上
 在那地平线上；即将来临的；刚刚冒出地平线"
on the ropes,"na. 被击倒在(拳击场的)围栏索上；使窘困
 岌岌可危；即将完蛋；摇摇欲坠"
on the sly,"na. 秘密地
 偷偷地；偷偷的；暗地里"
out of character,"na. 不适当
 角色个性偏差；不相称；不相符"
over-the-counter,adj. 不通过交易所而直接售给顾客的；不需处方可以出售的
pay attention to,"na. 注意
 重视；对……注意；关心"
point out,"na. 指出
 指明；说明；指示"
prefer to,"un. 较喜欢；宁愿:
 更喜欢；宁可；倾向于"
provide for,"v. 为…作准备
 为…提供；供养；赡养"
provide ... with,"v. 供给；供应
 提供；给…提供；以…装备"
put forward,"na. 提出(计划,意见等)；建议；促进；推举(候补人等)
 提前；推荐；表提出"
parallel to,"v. 和…相似
 平行；类似；平行于"
parallel with,"v. 和…相似
 平行的；比较；与…比较"
prior to,"adj. 前于
 此前；在…之前；先于"
participate in,"v. 参加；分享
 参与；参加某事；参加例句"
part with,"na. 跟…分别；解雇；卖掉(东西)
 放弃；割舍；辞退"
pass down,"un. 过；一闪即逝；下达
 传递；传下去；传下来"
pave the way for,"na. 为…铺平道路；使…容易到来
 为…创造条件；为…做好准备；为…铺路"
pay back,"na. 偿还；报答；向…报复；付还
 回报；还钱；还钱给"
pay for,"na. 付开销；赔偿(损失)；(为某种过失)付出代价；吃亏
 付款；付钱；支付"
pick up,"v. 拾起；探出；重新开始
 捡起；拿起；学会"
piece together,"na. 拼合
 拼凑；拼凑在一起；综合"
play with,"na. 玩弄(火等)；以…自娱
 玩耍；和……一起玩；和…玩"
prepare against, 准备应付；准备应付不好的事情；防备
prepare for, 准备；为…作准备；为…做准备
press for,"na. 催逼；(时间)迫促；(资金)短少
 迫切要求；催促；敦促"
press on,"na. 向前挤；坚决推进；“press ahead”的变体
 加紧赶路；加紧进行；压迫"
pull through,"na. 恢复健康；痊愈；渡过难关
 度过难关；渡过危机；度过危机"
push aside,"v. 推开
 把…推到一边；拨开；扒开"
push up,"v. 提高；强使(物价等)上升
n. 俯卧撑
 向上推；伏地挺身；掌上压"
put an end to,"na. 结束
 终止；废除；停止"
put through,"na. 经受；测试；试验；使…通过
 接通；完成；把……接通"
put up,提供；建造；举起；提高；推举，提名；供给…住宿；直接行动
package deal,"un. 一揽子交易
 一揽子交易中的条款；一揽子工程；一揽子计划"
persuade sb. to do sth.,找不到解释
point of view,"n. 观点；态度；意见；看法
 视角；视点；角度"
pose a contrast,找不到解释
preferable to,"adj. 优于；胜过
 更好的；更可取的；比…更可取"
public figure, 公众人物；公共人物；知名人士
put pen to paper,"na. 拿笔写；开始写
 落笔；着笔；下笔"
pin down,"na. 强迫(人)承认条约；用…束缚住；阻止；牵制
 确定；压制；使受约束"
plead for,"na. 恳求
 辩护；请求；为……辩护"
plough through,"un. 破浪航行
 费劲地阅读；吃力地钻研，艰难地通过；费力的阅读"
point at,"v. 指向
 指着；瞄准；对准"
point to,"v. 指向；针对
 指着；表明；指出"
prey on,"v. 捕食；掠夺
 杀害；掠夺折磨；折磨，损害"
part and parcel,"na. 重要部分；(…的)重要部分
 主要部分；重要的部分；不可或缺"
pink slip,"n. 解雇通知书
 解雇职工通知单；解雇通知单；解雇的通知"
prejudice against, 偏重；对……的偏见；对……偏见
put down roots, 扎根于：在某地建立永久的住所; 定居
quick-witted,adj. 机智灵敏的
refer to,"v. 查阅；提到
 参考；涉及；谈到"
resort to,"na. 使用(武力)
 诉诸于；求助于；采取"
rest on,"na. 被支持在…上；(目光等)停留在…上
 依靠；依赖；被搁在"
result from,"v. 由于
 由...产生；起因于；由…引起"
result in,"na. 终于(失败)
 导致；结果是；造成"
rather than,"na. 而不
 而不是；宁愿；与其"
regardless of,"prep. 不管；不顾；不理会
 不论；无论；不注意"
reflect on,"v. 考虑；回想
 反省；思考；仔细考虑"
relate to,"na. 有关联；与…有关；理解
 涉及；与…有联系；与……有关联"
rely on,"v. 依靠；信赖
 依赖；依仗；凭借"
reply to,"v. 答复；回答
 回复；答复某人；特此回信"
report back, 回禀；传达报告；汇报
resign from,"v. 辞职
 辞去；辞去……职务；从…辞职"
respond to ...,找不到解释
retreat from,"v. 放弃；撤退
 从退出；从……退却；避开"
return to,"v. 回到；返回；还给；降到
 返回到；恢复；回来"
ride on,"un. 在…上运动:；依…而定:；骑在(马、自行车等)上:；在…上航行
 骑在上面；取决于；乘"
root in, 扎根于；来源于；起因于
rule out,"na. 排除
 排除…的可能性；划去；拒绝考虑"
run out,"na. 耗尽；用光；过有效期；失效
 用完；用尽；到期"
rush through,"v. 匆匆完成
 匆忙做完；快速通过；匆忙通过"
ready for, 准备好干某事; 准备供（某人、事）用的; 准备应付; 对付
ready-made,adj. 现成的；做好的；陈旧的；平凡的
real estate,"n. 房地产；不动产；房产
 房地产业；房地产专业；房地产学"
reason for, 理由；原因；的原因
research into,"v. 研究
 探究；调查；对…进行研究"
research on,"v. 研究
 的研究；做有关…的研究；参考"
responsible for,"na. 为…负责；是造成…的原因
 的程度介乎前两种表达之间；应对……负责；对…负有责任"
responsible to, 有责任于；对…有反应；向某人负责
run wild,"na. 蔓延；狂暴起来；放肆起来；放荡
 胡闹；撒野；发疯"
revolve around,"v. 旋绕
 围绕…转；旋转；环绕"
rallying cry,"n. （团结众人的）战斗口号
 呐喊；鼓舞之吼；振奋战呼"
rumor has it, 流言蜚语；当真爱碰上八卦；据传言说
scrape through,"na. 好容易完成；(考试)勉强及格；勉强对付过去；勉强通过
 擦过；勉强度过；勉强取得进入的资格"
search for,"na. 寻找；寻求；探求
 搜寻；搜索；搜查"
seek to, 试图；设法；力图
show sympathy for,找不到解释
show up,"na. 显眼；揭发；嘲笑；露面
 出现；出席；揭露"
shut down,"na. 关闭；关拢(窗等)；停业；禁止
 关机；停工；使关闭"
shut out,"na. 不让进来；遮得看不见；不让得分
 退关；排除；把…排斥在外"
slow down,"na. 闲下来；减缓；放慢速度；减速
 慢下来；慢点；慢驶"
split up,"na. (使)分裂；吵架；同“split”
 分开；分手；离婚"
stay away from,"un. 退避三舍；回避；不要到…去；停止和…交往
 远离；与……保持距离；离…远点"
stick to,"na. 忠于
 坚持；粘住；遵守"
subscribe to,"v. 同意；赞成；订阅；定期捐款
 订购；认购；赞同"
suffer from, 患（某种病），受（某种病痛）折磨; 因…而受罚; 闹; 罹
sum up,"na. 概括；总结
 总计；归纳；总括"
similar to,"v. 与…类似
 相似；与……相似；与……类似"
so far,"na. 就是那么些；到现在为止；到目前(此地)为止；就此范围来说
 到目前为止；迄今为止；至今"
so long as,"na. 只要；“as/so long as”的变体
 如果；表示只要；只要…就"
as long as,"conj. 只要
 长达；如果；既然"
so that,"conj. 因此；以便
 为了；以致；以便于"
such as,"un. 例如；像；象…这样；诸如…之类
 比如；像这种的；像……那样的"
scale down,"na. (按比例)缩减；分频；“scale back”的变体
 按比例缩小；缩小比例；按比例减少"
search for,"na. 寻找；寻求；探求
 搜寻；搜索；搜查"
seize on,"na. 猛扑；袭击；利用；采用(提议)
 抓住；抓住，抓紧；占有"
send on,"na. 转送；转寄(信等)；预送；先送
 转交；派遣；预先运送或中转运送"
separate from,"把...和...分开, 把...和...区分开, 使...从...离析"
set off,"na. 分；分割；划开；区划
 出发；动身；引起"
set out,"n. 开始；出发；动身；准备
 陈列；着手；陈述"
shut up,"na. 关住；监禁；密封；停止
 闭嘴；住口；关闭"
side with,"v. 援助；偏袒
 支持；一边，支持；站在…一边"
sign up,"na. 同“sign”
 注册；报名；签约"
sit on,"na. 压制；责备；审理(案件等)；调查
 拖延；坐在……上；为…的成员"
sit up,"na. 仰卧起坐
 熬夜；坐直；坐正"
size up,"na. 够标准；估量；品评
 打量；估计；判断"
smell of, 有…的气味；闻到；闻出…的味道
sort out,vt.& vi. 把…安排妥当; （从…中）区分出来，辨别出来; 分类; 整理; 整顿; 解决
speak of,"na. 讲起；特别推荐说
 谈到；谈及；提到"
speak out,"na. 大声讲；老老实实讲
 畅所欲言；大胆地说；大胆讲出"
speak up,"na. “speak out”的变体
 大声说；大声地说；大声点"
speed up,"na. 加快(机器等的)速度；使加紧做
 加速；加快速度；增加速度"
spell out,"na. 详细说明；正式拼写
 讲清楚；清楚地说明；拼出"
spread out,"na. 张开；铺开；扩张；同“spread”
 展开；散开；摊开"
spread over,"na. (根据特殊需要而作的)部分工时调整
 遍布；传遍；遍布在"
spring up,"na. 跳上来；发生；萌芽；出现
 涌现；迅速生长；突然出现"
stand by,"na. 袖手旁观；站在旁边；待机；等待
 支持；待命；站在一边"
stand for,"na. 忍耐；忍受；主张；拥护
 代表；象征；代替"
stand in,"na. 加入；使花费
 代替；做替身；代替演员站好位置"
stand out,"na. 突出；显著；不参加战争；抵抗到底
 显眼；引人注目；站出来"
stand up for,"na. 拥护
 支持；维护；坚持"
stand up to,"na. 抵抗；反抗；反对；经得起
 勇敢地面对；勇敢面对；顶得住"
start off,"na. 动身
 出发；开始；上路"
start out,"na. 跳出；开始；企图
 出发；动身；着手"
start up,"n. 创办中的公司；开机
v. 开办；发动(机器,引擎等)
adj. 新开张的
 启动；惊起；起动"
start with,"v. 以…开始
 以……开始；从…开始；首先"
stay out,"na. 不干涉；(在外头)不回家；不在家；坚持到
 呆在户外；外出；呆在外面"
stay out of,"v. 仍然没有
 不介入；置身于……之外；远离"
stay up,"na. 不去睡觉；不沉
 熬夜；不睡觉；熬夜，不睡觉"
stay with, 和……呆在一起；与…呆在一起；同…住在一起
stem from,"v. 出于；基于
 起源于；来自；源自"
step in,"na. 调停；介入；挤进；走进
 干预；干涉；插手"
step out,"na. 下(车)；走出屋外；放大脚步；辞职
 跳出；单步跳出；失步"
step up,"v. 加紧；走上前；登上；增加
 舞出我人生；提高；舞出真我"
stick around,"v. 粘在旁
 逗留；在附近逗留或等待；在附近等着"
stick together,"v. 粘合起来
 团结一致；粘在一起；互相支持"
stick with, 坚持；继续支持；坚持做
stir up,"v. 转播；重播；搅拌；煽动
 激起；挑起；引起"
stop by,"na. 顺便到(某处)访问；同“stop off”
 顺便到访问；顺便拜访；顺便访问"
stop off,"na. 中途下一下车；用砂填塞(铸模的一部)；进监牢
 中途停留；中途下车；中途停下"
stop short,"na. 猛然停止；使(谈话等)停止；挡住
 突然停止；突然中止；中途停下"
straight away,"adv. 马上
 立刻；立刻地；毫不犹豫地"
strive for,"v. 争取；奋发图强；收下
 为…而奋斗；为…奋斗；力求"
strive to,"v. 争取；努力
 力图；力求；努力做某事"
submit to,"un. 使某人忍受某事:
 顺从；服从；屈服于"
succeed in,"v. 成功于
 在…成功；成功地做；取得成功"
suffer from, 患（某种病），受（某种病痛）折磨; 因…而受罚; 闹; 罹
supply to, 供应；给的供应；为……提供
sweep into, 涌入；席卷市场；把…扫入
switch off,"na. 不收听(某一广播)
 关掉；切断；关闭"
switch on,"v. 打开；接通；参见
 开启；合闸；打开开关"
switch to,"v. 转换到
 切换到；转到；切换到，转到"
safe and sound,"na. 平安无恙
 安然无恙；平安无事；安全"
second-rate,adj. 二流的；二等的；平庸的
short of,"na. 缺少；达不到；除了；只要不是
 缺乏；不足；短缺"
side effect,"n. 副作用；意外结果；函数副作用
 没有副作用；副反应；副效应"
so as to,"na. (= in order to) 以便；为使
 为了；为的是；使得"
so-called,adj. 所谓的；号称的
something of,"na. 在某种意义(或程度)上
 在某种意义上；多少有点；在某种程度上"
sooner or later,"na. 迟早；早晚
 迟早会的；或迟或早；迟早有一天"
sort of,"adv. 有几分地
 （想不出恰当的词或不知下面该怎么说时用）可以说，可说是"
stand-point,立足点
state-owned,adj. 国有的；国营的；州立的
step by step,"na. 一步一步；切切实实
 逐步地；循序渐进；一步一步地"
stock option,"n. 股票期权；认股选择权（员工按固定价格购买所属公司股票的权利）
 股票选择权；优先认股权；持股权"
success in, 的成功；在…方面成功；在…上的成功
suitable for,"adj. 适合于N
 适合人群；适宜人群；适用于"
superior to,"adj. 胜过；优于
 比…好；级别高于；比…高级"
shell out,"na. 交出；付出；付款
 支付；交付；出需要的或应付的钱"
shrug off,"na. (耸肩)表示轻蔑；摆脱；扭身脱掉(衣服)
 耸肩表示对…不屑理睬；对…不屑一顾；对……满不在乎"
snap up,"na. 咬住；突然插嘴
 抢购；争购；抢购，争夺"
sniff out,"na. 闻出；发现
 发觉；寻找；嗅出"
soak up,"v. 吸取
 吸收；摄取；吸收摄取"
stake out,"na. “stake off”的变体
 立桩标出；放样；监视"
steer clear of,"na. 机灵地脱身
 避开；绕开；避开……航驶"
strike out,"na. 打去；打出(火花等)；涂去；拟出
 三振出局；删去；想出"
stumble across,"un. 踌躇地转着；偶然发现
 无意中发现"
swarm into,"v. 拥入；云集
 涌入；蜂拥而入；蜂涌而进"
self-contradictory,adj. 自相矛盾的
silver lining,"na. (失望或不幸中的)一线希望
 银边；一线光明；银线"
slot machine,"n. 投币自动售货机；吃角子老虎赌博机；老虎机
 角子老虎机；吃角子老虎机；角子机"
stand a chance of,"un. 想尽办法；可能
 有…的希望；有成功的机会；有可能"
take advantage of,"na. 乘；利用；欺骗；引诱(女人)
 占便宜；充分利用；对……加以利用"
take in,"na. 加以考虑；访问；收进；收容
 欺骗；吸收；接受"
take pride in,"na. 以…自豪；对…感到满意
 对…感到自豪；以……为自豪；骄傲"
tend to,"v. 倾向于；有助于
 趋向；趋于；往往"
thirst for,"v. 非常想望
 渴望；热望；渴求"
trifle with,"un. 玩弄；心不在焉地做；摆弄:；戏弄:
 玩忽；视同儿戏；轻视"
turn out,v. （以某种方式）发生；最后是；结果是 （尤指天气突然）变得（晴好） 原来是；结果发现 出席;参加;前去观看关掉，熄灭（电灯、煤气等） 出席;参加;前去观看生产；制造 （尤指把某人从其长期居住处）撵走，赶出，逐出 翻出；倒出 出席；参加；前去观看
take measures,"na. 测定
 采取措施；采取措施例句；采取行动"
take place,"na. 发生；举行
 产生；多指通过人为安排的发生；进行"
take the lead,"v. 率先
 独领风潮；带头；领先"
take account of,"na. 考虑
 考虑到；顾及；考虑到某事"
take after,"na. 尾随；仿效；像
 象；长得像；与相像"
take apart,"na. 分解；拆分；剖析
 拆开；拆卸；卸开"
take ... as,找不到解释
take away,"adj. 买回去的
 拿走；带走；外带"
take back,"na. 退回；收回(说过的话)；承认…是错的；拿回
 取消；取回；拿回来"
take care of,"na. 照看；处理；清除
 照顾；照料；爱护"
take down,"na. 扯下；卷起；记下；卸下
 拿下；取下；拆卸"
take hold,"un. 抓住
 固定下来；生根；扛着"
take note of,"na. 注意(到)
 注意到；留意；作记录"
take off,"v. (飞机)起飞；出去；拿掉；移送
 脱下；脱掉；脱去"
take on,"na. 担任(工作等)；较量；装(某种样子)；呈现(形势)
 承担；雇用；雇佣"
take over,"na. 接管；继承
 接收；接任；接替"
take part in,"na. 参加；贡献
 参与；参加活动；参与…活动"
take the place of,"na. 接替某人的位置
 代替；取代；替代"
take to,"na. 嗜好；开始；参加；逃入
 喜欢；从事；喜爱"
take up,"na. 拿起；举起；拾起；给搭(火车等)
 占据；从事；开始"
talk back,"na. 回嘴；反复重说；反唇相讥
 顶嘴；反驳；对讲"
talk down to,"v. 降低声调说
 傲视；用高人一等的口气对人说话；用高人一等的态度讲话"
talk into,"na. 说服(某人)做…
 说服做；劝说某人做某事；说服某人做某事"
talk over,"na. 商谈；说服
 商量；讨论；彻底地考虑"
team up,"un. 配合
 合作；协作；球员参与的社区互助活动"
tear at,"v. 撕
 撕扯；用力撕；撕开"
tear down,"na. 拆毁；扯下；猛冲
 拆除；拆卸；拆除某物"
tell off,"na. 数清；分派(工作)；编号；谴责
 斥责；责备；分派出"
think about,"un. 思考；探讨；为…费心思；想像
 考虑；回想；思索"
think back to, 回想；回想过去；回忆起
think better of,"na. 经考虑后决定不做(某事)；对…有较高评价
 重新考虑；改变主意；转念"
think highly of,"na. 尊重；评价极高
 看重；器重；高度评价"
think of,"na. 想起
 考虑；认为；想到"
think of ... as ...,找不到解释
think over,"v. 仔细考虑
 仔细思考；仔细考虑一下；再三考虑"
think up,"na. 想出；发明
 想起；设计出；是想出，编造"
throw away,"na. 抛弃；浪费；拒绝(劝告)；失去(机会)
 扔掉；丢弃；丢掉"
throw oneself into,"na. 开始热心做(某事)
 投入；投身于；积极从事"
throw out,"na. 投出；拒绝；否决(议案)；派出
 扔掉；赶走；扔出"
throw up,"na. 呕吐；抛上；急造；丢弃
 吐出；抛起；举起"
tie up,"na. 绑；系；包扎；(船只)系泊
 捆；捆绑；占用"
tire out,"na. 使疲倦到极度
 筋疲力尽；使筋疲力尽；使……十分疲劳"
toss out,"na. 同“toss”
 扔掉；扔掉，丢弃；扔出"
touch down,"na. 触地得分；着陆；着陆过程中的一部分；着陆时间
 降落；达阵；落地"
touch on,"na. 说到
 涉及；提及；谈及"
touch up,"na. 润色；完成；用鞭等轻轻打(马)；轻轻打痛
 修改；锡面修补；补漆"
trace to, 追溯到；上溯；找到…的根源
track down,"v. 追赶
 追捕到；查出；追踪"
trade off,"na. 卖出
 权衡；取舍；交替使用"
triumph over,"un. 击败；克服；战胜:
 成功；得胜；获胜"
try on,"na. 试穿；搞恶作剧(以试探能否被容忍)；耍花招
 试试看；试穿衣物；试衣服"
try out,"na. (采用前)严密试验；筛矿；量(金属的)纯度
 试用；尝试；考验"
try to, 设法；试图；试着
turn away,"v. 转变方向
 转过脸去；避开；走开"
turn back,"na. 同“turn down ”
 折回；往回走；翻回到"
turn down,"na. 翻下(衣领等)；扭小(灯火等)拒绝考虑；拒绝(某人)
 关小；调低；驳回"
turn in,"v. 向里弯曲
 上交；上床睡觉；交出"
turn into,"v. 变成
 成为；把……变成；变为"
turn off,"v. 关掉
 关上；关闭；解雇"
turn on,"na. 转向；对…进行突击
 打开；接通；开启"
turn over,"na. ￡ 500 a week 每星期卖得五百镑
 移交；翻转；翻过来"
turn round,"na. 旋转；(忽然)转过身来
 转身；转头；转过去"
turn to,"v. 向(某人)求助；求助于
 转向；变成；翻到"
turn up,"v. 朝上翻；出现
 开大；找到；露面"
take a chance,"na. 冒险一试
 碰运气；碰碰运气；给自己一次机会碰碰运气吧"
take action,"na. 动手；采取行动；采取(快速)措施；提起诉讼
 行动起来；采取措施；实施行动"
take care,"v. 当心；留心
 保重；小心；注意"
take effect,"na. 有效验；生效
 起作用；见效；奏效"
take ... for granted,"v. 想当然
 认为…理所当然；视为当然；认为…是理所当然"
take heart,"na. 鼓起勇气
 振作起来；受到鼓舞；振作精神"
take ... into account,"na. 考虑
 把…考虑进去；考虑到；顾及"
take ... into consideration,"v. 顾及
 考虑到；把……考虑进去；予以考虑"
take one's time,"na. 从容
 慢慢来；从容不迫；不急"
take pains,"na. 费苦心；尽力
 煞费苦心；下苦功；操心"
take root,"na. “strike root”的变体
 生根；扎根；生根，扎根"
take shape,"na. 成形；形成；具体化；有显著发展
 成型；初具规模；逐渐成形"
take steps,"na. 采取措施
 采取步骤；设法；采取行动"
take turns,"na. 替换
 轮流；轮流换班；轮流做某事"
thanks to,"v. 感谢；幸亏；多亏
 由于；多亏了；归功于"
that is,"na. 即；用于纠正之前说过的内容
 也就是说；那是；那就是说"
the same as,"adj. 与…同样
 与…相同；与…一样；和……相同"
think-tank,智囊团
thousands of,"adj. 几千；成千上万
 成千上万的；数以千计的；数千"
to a certain extent,"na. “to a certain degree”的变体
 在一定程度上；在某种程度上；达到某种程度"
to be fair,"na. 说良心话
 说句公道话；公平地说；公正地说"
to begin with,"na. 首先；本来
 第一；一开始；起初"
to be sure,"un. 当然；无疑
 诚然；固然；的确"
to date,"na. 至今
 到目前为止；迄今；迄今为止"
to death,"na. 到极点
 判某人死刑；打死；至死"
to excess,"na. (吸烟)过度
 过分；过量；太多"
to ... extent,找不到解释
together with,"na. 和…一起
 连同；和...一起；加之"
to one's knowledge, 据某人所知；据…所知；就某人所知
too ... to,找不到解释
to some extent,"na. 在某种程度上
 在一定程度上；从某种程度上讲；从某种程度来讲"
to the extent of,"na. 达到…的程度
 到……的程度；达到…程度；至于"
to the limit of,找不到解释
to the point,"na. 露骨；中肯
 切题；切中要害；扼要"
to the point of,"adv. 达到…的程度
 到…程度；达到……程度；到……的程度"
turn a deaf ear to,"na. 充耳不闻；装听不见
 对…充耳不闻；不听；不理睬"
take stock of,"v. 鉴定；估计
 估量；观察；盘点"
thumb through,"na. 翻查一过
 翻阅；迅速翻阅；翻阅一遍"
tune in,"na. 调谐；收听；开始
 收看；调入；调准"
take its toll, 造成损失；造成伤亡；伤害某人
take one's cue from,"na. 得到某人的指点
 听…的劝告；学…的样；学……的样子"
take the initiative,"na. 带头
 采取主动；倡导；积极主动"
take the plunge,"na. 冒险尝试；蛮干；毅然从事
 采取断然行动；孤注一掷；决定冒险一试"
throw one's weight around, 过分夸耀自己的地位；拿架子；骄横跋扈
to one's heart's content,"na. 尽情
 心满意足；尽情地；尽兴"
used to,"modalv. （用于过去持续或经常发生的事）曾经
v. 过去常常
 习惯于；过去经常；的用法"
use up,"na. 用完；耗尽
 用光；用尽；消耗"
under control,"un. 失去控制；被控制住；克制；在控制之下
 处于控制之下；在控制中；受到控制"
under fire,"na. 在炮火下；受到攻击；在弹雨下
 战火下；受攻击；遭到攻击"
under pressure,"un. 在压力下
 在压力之下；处于压力之下；承受压力"
under way,"na. 进行着；航行中
 在进行中；正在进行之中；正在进行中"
up in the air,"na. 悬而未决的
 在云端；挂在空中；型男飞行日记"
up to,"na. 干(着)；到；胜任；…的责任
 直到；多达；取决于"
up to date,"adj. 现代的；最新的；时髦的；新式的
 时新的；现代化的；切合目前情况的"
usher in,"na. 迎接(来客)；传报
 开创；开始；引领"
view ... as,找不到解释
wake up,"na. 同“wake”；叫醒；醒来；振作起来
 唤醒；起床；醒醒"
ward off,"v. 挡开；架开
 避开；防止；挡住"
wipe out,"na. 擦去；遮蔽；遮蔽地域；封闭
 消灭；彻底摧毁；消灭，毁灭"
with regard to,"na. 关于；对于；为了答复；“in/with regard to”的变体
 至于；就…而言；至于，就"
would rather,"na. 宁愿
 宁可；宁可…也不；宁肯"
wait for,"na. 等；等待
 等候；动作上的等待；等待某人"
wait on,"v. 等着
 服侍；侍候；伺候"
walk out,"na. 出去；罢工；(丢开人)走掉
 走出；退席；走出去"
walk up,"na. 使猎犬将(鸟等)惊飞
 沿……走；请进；走近"
warm up,"na. 加热；变暖；热中起来；作准备动作
 热身；暖身；热身运动"
warn of,"na. 警告(某人)有危险
 发出关于…的警告；警告某人某事；警告可能会出现某事"
wash out,"v. 洗掉
 洗出；冲洗；淘汰"
wash up,"na. 饭后洗碗；洗脸；将…冲上岸；(出人意料地)出现
 洗餐具；洗手洗脸；洗涤餐具"
waste away,"na. 消瘦
 日益消瘦；日渐衰弱；日趋消瘦"
watch out,"na. 当心；留神；小心；提防
 注意；密切注视；监视"
watch out for,"v. 期待；等待
 留意；密切注意；警惕"
wear away,"v. 消逝；磨损
 磨掉；消磨；使磨损"
wear off,"na. (精力)衰退；(衣服等)渐破
 逐渐消失；磨损；渐渐减少"
wear out,"na. 精疲力尽；用坏；穿破；磨破
 磨损；穿坏；穿旧"
win over,"na. 争取过来
 把…争取过来；战胜；战胜对方"
wish for,"v. 希望；想要
 愿望；希望得到；盼望"
work at,"na. 从事；用功读
 致力于；在某处工作；钻研"
work on,"na. 对…有效；动(人,感情等)；向…做工作；左右
 从事；致力于；继续工作"
work off,"v. 渐渐消除
 除去；售出；清理"
work out,"v. 作出；拟定；制定；计划一下
 算出；解决；制定出"
work through,"un. 急救；推敲；过…关；贯穿
 通过……工作；完成；修通"
work up,"na. 刺激；煽动；刻苦完成；展开(故事的情节)
 激发；激起；逐步引起"
work with,"na. 打动
 与…共事；和…工作；和……一起工作"
wrap up,包裹；圆满完成；（使）穿得暖和（wrap somebody/yourself up）；注意力完全集中于……
write down,"na. 记下来；贬低；减低账面价值；把…拨作公积金
 写下；写下来；减记"
write off,"na. 注销(债款等)；报废；提笔就写(文章等)；减低资产账面额
 勾销；取消；冲销"
well-balanced,adj. 匀称的；神智健全的；通情达理的；明智的
well-known,adj. 著名的；众所周知的；清楚明白的
well-meaning,adj. 善意的；好心的
what is more,"na. 加之
 而且；更重要的是；更有甚者"
whether or not,"conj. 是否
 无论；无论是否；是不是"
with respect to,"na. 考虑到
 关于；至于；有关"
word for word,"adv. 逐字翻译
 逐字的；逐字地；一字不变地"
wade through, 徒涉；艰难地通过；从河水中走过去
whip up,"na. 鞭(马等)飞跑；督促；集合(听众等)；抓住
 当场完成；激起；鞭打"
wind up,结束；使紧张；卷起；（非正式）忽悠某人（wind sb up）；上紧(钟、表等的)发条
when it comes to, 一谈到；当提到；当谈到
you bet,"na. 肯定
 当然；一定，当然；你说的没错"
