source,n. 来源；水源；原始资料
environment,n. 环境，外界
huddle,"n. 拥挤；混乱；杂乱一团
vt. 把...挤在一起；使缩成一团；草率了事
vi. 蜷缩；挤作一团"
society,n. 社会；交往；社团；社交界
activity,n. 活动；行动；活跃
mass,"n. 块，团；群众，民众；大量，众多；质量
adj. 群众的，民众的；大规模的，集中的
vi. 聚集起来，聚集
vt. 使集合"
since,"conj. 因为；由于；既然；自…以来；自…以后
prep. 自…以来；自…以后
adv. 后来"
emotion,n. 情感；情绪
community,n. 社区； 群落；共同体；团体
organism,n. 有机体；生物体；微生物
state,"n. 国家；州；情形
adj. 国家的；州的；正式的
vt. 规定；声明；陈述"
form,"n. 形式，形状；形态，外形；方式；表格
vt. 构成，组成；排列，组织；产生，塑造
vi. 形成，构成；排列"
plant,"n. 工厂，车间；植物；设备；庄稼
vt. 种植；培养；栽培；安置
vi. 种植"
mention,"vt. 提到，谈到；提及，论及；说起
n. 提及，说起"
century,n. 世纪，百年；（板球）一百分
author,"n. 作者；作家；创始人
vt. 创作出版"
species,"n.  物种；种类
adj. 物种上的"
art,"n. 艺术；美术；艺术品
v. 是（be的变体）
adj. 艺术的；艺术品的"
produce,"n. 农产品，产品
vt. 生产；引起；创作；生育，繁殖
vi. 生产，创作"
increase,"n. 增加，增长；提高
vt. 增加，加大
vi. 增加，增大；繁殖"
cause,"n. 原因；事业；目标
vt. 引起；使遭受"
region,n. 地区；范围；部位
sentence,"n.  句子，命题；宣判，判决
vt. 判决，宣判"
population,n. 人口； 种群， 群体；全体居民
study,"n. 学习，研究；课题；书房；学问
vt. 学习；考虑；攻读；细察
vi. 研究；用功"
fossil,"n. 化石；僵化的事物；顽固不化的人
adj. 化石的；陈腐的，守旧的"
theory,n. 理论；原理；学说；推测
term,"n. 术语；学期；期限；条款；(代数式等的)项
vt. 把…叫做"
artist,n. 艺术家；美术家（尤指画家）；大师
identical,"n. 完全相同的事物
adj. 同一的；完全相同的"
process,"n. 过程，进行；方法，步骤；作用；程序；推移
adj. 经过特殊加工（或处理）的
vt. 处理；加工
vi. 列队前进"
individual,"n. 个人，个体
adj. 个人的；个别的；独特的"
effect,"n. 影响；效果；作用
vt. 产生；达到目的"
culture,"n. 文化，文明；修养；栽培
vt.  培养（等于cultivate）"
occur,vi. 发生；出现；存在
include,vt. 包含，包括
provide,"vt. 提供；规定；准备；装备
vi. 规定；抚养；作准备"
indicate,vt. 表明；指出；预示；象征
sediment,n. 沉积；沉淀物
pressure,"n. 压力；压迫， 压强
vt. 迫使；密封；使……增压"
particular,"n. 详细说明；个别项目
adj. 特别的；详细的；独有的；挑剔的"
influence,"n. 影响；势力；感化；有影响的人或事
vt. 影响；改变"
modern,"adj. 现代的，近代的；时髦的
n. 现代人；有思想的人"
impact,"vi. 影响；撞击；冲突；压紧（on，upon，with）
n. 影响；效果；碰撞；冲击力
vt. 挤入，压紧；撞击；对…产生影响"
heat,"n. 高温；压力；热度；热烈
vt. 使激动；把…加热"
object,"n. 目标；物体；客体；宾语
vt. 提出…作为反对的理由
vi. 反对；拒绝"
power,"n. 力量，能力；电力，功率；政权，势力； 幂
adj. 借影响有权势人物以操纵权力的
vt. 激励；供以动力；使…有力量
vi. 快速前进"
type,"n. 类型，品种；模范；样式
vt. 打字；测定（血等）类型
vi. 打字"
major,"adj. 主要的；重要的；主修的；较多的
n.  成年人；主修科目；陆军少校
vi. 主修"
gas,"n. 气体； 瓦斯；汽油；毒气
vt. 加油；毒（死）
vi. 加油；放出气体；空谈"
cave,"n. 洞穴，窑洞
vi. 凹陷，塌落；投降
vt. 使凹陷，使塌落；在…挖洞穴"
technique,n. 技巧，技术；手法
structure,"n. 结构；构造；建筑物
vt. 组织；构成；建造"
rapid,"n. 急流；高速交通工具，高速交通网
adj. 迅速的，急促的；飞快的；险峻的"
ocean,n. 海洋；大量；广阔
ancient,"n. 古代人；老人
adj. 古代的；古老的，过时的；年老的"
contain,"vi. 含有；自制
vt. 包含；控制；容纳；牵制（敌军）"
glacier,n. 冰河，冰川
theater,n. 电影院，戏院，剧场；戏剧；手术室
condition,"n. 条件；情况；环境；身份
vt. 决定；使适应；使健康；以…为条件"
behavior,n. 行为，举止；态度；反应
variety,n. 多样；种类；杂耍；变化，多样化
nest,"n. 巢，窝；安乐窝；温床
vt. 筑巢；嵌套
vi. 筑巢；找鸟巢"
characteristic,"n. 特征；特性；特色
adj. 典型的；特有的；表示特性的"
government,n. 政府；政体；管辖
energy,n.  能量；精力；活力；精神
involve,vt. 包含；牵涉；使陷于；潜心于
feat,"n. 功绩，壮举；技艺表演
adj. 合适的；灵巧的"
movement,n. 运动；活动；运转；乐章
evidence,"n. 证据，证明；迹象；明显
vt. 证明"
equatorial,"n. 赤道仪
adj. 赤道的，近赤道的；中纬线的"
national,"adj. 国家的；国民的；民族的；国立的
n. 国民"
location,n. 位置（形容词locational）；地点；外景拍摄场地
aggressive,adj. 侵略性的；好斗的；有进取心的；有闯劲的
upper,adj. 上面的，上部的；较高的
atmosphere,n. 气氛；大气；空气
iron,"n. 熨斗；烙铁；坚强
adj. 铁的；残酷的；刚强的
vt. 熨；用铁铸成
vi. 熨衣；烫平"
facial,"n. 美容，美颜；脸部按摩
adj. 面部的，表面的；脸的，面部用的"
clay,"n.  粘土；泥土；肉体；似黏土的东西
vt. 用黏土处理"
urban,adj. 城市的；住在都市的
paint,"vt. 油漆；绘画；装饰；涂色于；描绘；（用语言，文字等）描写；擦脂粉等
vi. 油漆；描绘；绘画；化妆
n. 油漆；颜料，涂料；绘画作品；胭脂等化妆品；色彩，装饰"
economic,adj. 经济的，经济上的；经济学的
popular,adj. 流行的，通俗的；受欢迎的；大众的；普及的
production,n. 成果；产品；生产；作品
various,adj. 各种各样的；多方面的
technology,n. 技术；工艺；术语
layer,"n. 层，层次；膜；压条；放置者，计划者
vt. 把…分层堆放；借助压条法；生根繁殖；将（头发）剪成不同层次
vi. 形成或分成层次；通过压条法而生根"
insect,n. 昆虫；卑鄙的人
ability,n. 能力，能耐；才能
generally,adv. 通常；普遍地，一般地
apply,"vi. 申请；涂，敷；适用；请求
vt. 申请；涂，敷；应用"
transportation,n. 运输；运输系统；运输工具；流放
method,"n. 方法；条理；类函数
adj. 使用体验派表演方法的"
manufacture,"n. 制造；产品；制造业
vt. 制造；加工；捏造
vi. 制造"
contribute,"vt. 贡献，出力；投稿；捐献
vi. 贡献，出力；投稿；捐献
"
quality,"n. 质量， 品质；特性；才能
adj. 优质的；高品质的；<英俚>棒极了"
marine,"adj. 船舶的；海生的；海产的；航海的，海运的
n. 海运业；舰队；水兵；（海军）士兵或军官"
devour,v. 吞食；毁灭
economy,n. 经济；节约；理财
establish,"vi. 植物定植
vt. 建立；创办；安置"
extinction,n. 灭绝；消失；消灭；废止
complex,"n. 复合体；综合设施
adj. 复杂的；合成的"
climate,n. 气候；风气；思潮；风土
relatively,adv. 相当地；相对地，比较地
Jupiter,n.  木星；朱庇特（罗马神话中的宙斯神）
native,"adj. 本国的；土著的；天然的；与生俱来的；天赋的
n. 本地人；土产；当地居民"
primarily,adv. 首先；主要地，根本上
erosion,n. 侵蚀，腐蚀
contrast,"n. 对比；差别；对照物
vt. 使对比；使与…对照
vi. 对比；形成对照"
construction,n. 建设；建筑物；解释；造句
architecture,n. 建筑学；建筑风格；建筑式样；架构
supply,"n. 供给，补给；供应品
vt. 供给，提供；补充
vi. 供给；替代"
colonial,"n. 殖民地居民
adj. 殖民地的，殖民的"
statement,n. 声明；陈述，叙述；报表，清单
valley,n. 山谷；流域；溪谷
meteorite,n. 陨星；流星
factor,"n. 因素；要素； 因数；代理人
vt. 把…作为因素计入；代理经营；把…分解成
vi. 做代理商"
desert,"n. 沙漠；荒原；应得的赏罚
vt. 遗弃；放弃；逃跑
adj. 沙漠的；荒凉的；不毛的
vi. 遗弃；开小差；逃掉"
appear,vi. 出现；显得；似乎；出庭；登场
amount,"n. 数量；总额，总数
vi. 总计，合计；相当于；共计；产生…结果"
summary,"n. 概要，摘要，总结
adj. 简易的；扼要的"
store,"n. 商店；储备，贮藏；仓库
vt. 贮藏，储存"
political,adj. 政治的；党派的
plate,"n. 碟；金属板；金属牌；感光底片
vt. 电镀；给…装甲"
goods,n. 商品；动产；合意的人；真本领
expose,vt. 揭露，揭发；使曝光；显示
element,n. 元素；要素；原理；成分；自然环境
complete,"adj. 完整的；完全的；彻底的
vt. 完成"
base,"n. 基础；底部；垒
adj. 卑鄙的；低劣的
vt. 以…作基础"
advantage,"n. 优势；利益；有利条件
vt. 有利于；使处于优势
vi. 获利"
range,"n. 范围；幅度；排；山脉
vt. 漫游；放牧；使并列；归类于；来回走动
vi. （在...内）变动；平行，列为一行；延伸；漫游；射程达到"
rarely,adv. 很少地；难得；罕有地
rate,"n. 比率，率；速度；价格；等级
vt. 认为；估价；责骂
vi. 责骂；被评价"
protect,vt. 保护，防卫；警戒
pheromone,n. 信息素（用于生化领域）；费洛蒙（昆虫分泌以刺激同种昆虫之化合物质）
feature,"n. 特色，特征；容貌；特写或专题节目
vt. 特写；以…为特色；由…主演
vi. 起重要作用"
expression,n. 表现，表示，表达；表情，脸色，态度，腔调，声调；式，符号；词句，语句，措辞，说法
define,vt. 定义；使明确；规定
product,n. 产品；结果； 乘积；作品
local,"n.  局部；当地居民；本地新闻
adj. 当地的；局部的；地方性的；乡土的"
mark,"n. 标志；马克；符号；痕迹；分数
vi. 作记号
vt. .标志；做标记于；打分数
n. . 标志；做标记于；打分数"
ecosystem,n. 生态系统
craft,"n. 工艺；手艺；太空船
vt. 精巧地制作"
express,"n. 快车，快递，专使；捷运公司
vt. 表达；快递
adj. 明确的；迅速的；专门的"
experience,"n. 经验；经历；体验
vt. 经验；经历；体验"
reflect,"vt. 反映；反射，照出；表达；显示;反省
vi. 反射，映现；深思"
origin,n. 起源；原点；出身；开端
literature,n. 文学；文献；文艺；著作
identify,vt. 确定；鉴定；识别，辨认出；使参与；把…看成一样 vi. 确定；认同；一致
vary,"vi. 变化；变异；违反
vt. 改变；使多样化；变奏"
substance,n. 物质；实质；资产；主旨
role,n. 角色；任务
quantity,n. 量，数量；大量；总量
consider,"vi. 考虑；认为；细想
vt. 考虑；认为；考虑到；细想"
aspect,n. 方面；方向；形势；外貌
approach,"n. 方法；途径；接近
vt. 接近；着手处理
vi. 靠近"
pacific,"adj. 和平的；温和的；平静的
n. 太平洋
adj. 太平洋的"
grass,"n. 草；草地，草坪
vt. 放牧；使……长满草；使……吃草
vi. 长草"
carbon,"n.  碳；碳棒；复写纸
adj. 碳的；碳处理的"
predator,n.  捕食者； 食肉动物；掠夺者
particle,n. 颗粒； 质点；极小量；小品词
force,"n. 力量；武力；军队；魄力
vt. 促使，推动；强迫；强加"
advance,"n. 发展；前进；增长；预付款
adj. 预先的；先行的
vt. 提出；预付；使……前进；将……提前
vi. 前进；进展；上涨"
square,"n. 平方；广场；正方形
adj. 平方的；正方形的；直角的；正直的
vt. 使成方形；与…一致
vi. 一致；成方形
adv. 成直角地"
rise,"n. 上升；高地；增加；出现
vt. 使…飞起；使…浮上水面
vi. 上升；增强；起立；高耸"
gradually,adv. 逐步地；渐渐地
frequently,adv. 频繁地，经常地；时常，屡次
diversity,n. 多样性；差异
democrat,n. 民主党人；民主主义者；民主政体论者
style,"n. 风格；时尚；类型；字体
vt. 设计；称呼；使合潮流
vi. 设计式样；用刻刀作装饰画"
significant,"n. 象征；有意义的事物
adj. 重大的；有效的；有意义的；值得注意的；意味深长的"
project,"n. 工程；计划；事业
vt. 设计；计划；发射；放映
vi. 设计；计划；表达；投射"
preserve,"n. 保护区；禁猎地；加工成的食品
vt. 保存；保护；维持；腌；禁猎"
grain,"n. 粮食；颗粒； 谷物；纹理
vt. 使成谷粒
vi. 成谷粒"
whale,"n. 鲸；巨大的东西
vt. 猛揍；使惨败
vi. 捕鲸"
thus,"conj. 因此
n. 乳香
adv. 因此；从而；这样；如此"
shape,"n. 形状；模型；身材；具体化
vt. 形成；塑造，使成形；使符合
vi. 形成；成形；成长"
relationship,n. 关系；关联
lack,"vt. 缺乏；不足；没有；需要
vi. 缺乏；不足；没有
n. 缺乏；不足"
galaxy,"n. 银河； 星系；银河系；一群显赫的人
n. 三星智能手机品牌 2015年三星中国公布Galaxy的中文名称为“盖乐世”（Galaxy）
"
draw,"n. 平局；抽签
vi. 拉；拖
vt. 画；拉；吸引"
discover,"vi. 发现
vt. 发现；发觉"
decade,n. 十年，十年期；十
labor,"n. 劳动；工作；劳工；分娩
vi. 劳动；努力；苦干
vt. 详细分析；使厌烦"
function,"n. 功能； 函数；职责；盛大的集会
vi. 运行；活动；行使职责"
crater,"n. 火山口；弹坑
vt. 在…上形成坑；取消；毁坏
vi. 形成坑；消亡"
locate,"vt. 位于；查找…的地点
vi. 定位；定居"
sculpture,"n. 雕塑；雕刻；刻蚀
vt. 雕塑；雕刻；刻蚀
vi. 从事雕刻"
rural,adj. 农村的，乡下的；田园的，有乡村风味的
replace,vt. 取代，代替；替换，更换；归还，偿还；把…放回原处
hold,"n. 控制；保留
vi. 支持；有效；持续
vt. 持有；拥有；保存；拘留；约束或控制
又作“Hold住”使用，中英混用词汇，表示轻松掌控全局。
"
dioxide,n. 二氧化物
cetacean,"n. 鲸鱼；鲸类动物
adj. 鲸类的；鲸鱼的"
organic,adj.  有机的；组织的；器官的；根本的
remove,"n. 移动；距离；搬家
vt. 移动，迁移；开除；调动
vi. 移动，迁移；搬家"
entire,adj. 全部的，整个的；全体的
depend,vi. 依赖，依靠；取决于；相信，信赖
current,"n. （水，气，电）流；趋势；涌流
adj. 现在的；流通的，通用的；最近的；草写的"
adapt,"vi. 适应
vt. 使适应；改编"
steam,"n. 蒸汽；精力
adj. 蒸汽的
vt. 蒸，散发；用蒸汽处理
vi. 蒸，冒水汽"
folk,"n. 民族；人们；亲属（复数）
adj. 民间的"
fiber,n. 纤维；光纤（等于fibre）
feet,n. 脚（foot的复数形式）；尺；韵脚
drill,"n. 训练；钻孔机；钻子；播种机
vt. 钻孔；训练；条播
vi. 钻孔；训练"
act,"n. 行为，行动；法令，法案；（戏剧，歌剧的）一幕，段；装腔作势
vt. 扮演；装作，举动像
vi. 行动；扮演，充当；表现，举止；假装，演戏；起作用，见效"
artistic,adj. 艺术的；风雅的；有美感的
aggression,n. 侵略；进攻；侵犯；侵害
original,"n. 原件；原作；原物；原型
adj. 原始的；最初的；独创的；新颖的"
wire,"n. 电线；金属丝；电报
vt. 拍电报；给…装电线
vi. 打电报"
remain,"n. 遗迹；剩余物，残骸
vi. 保持；依然；留下；剩余；逗留；残存"
relate,"vt. 叙述；使…有联系
vi. 涉及；认同；符合；与…有某种联系"
impulse,"n. 冲动； 脉冲；刺激；神经冲动；推动力
vt. 推动"
illustrate,"vi. 举例
vt. 阐明，举例说明；图解"
huge,adj. 巨大的；庞大的；无限的
emphasize,vt. 强调，着重
colony,n. 殖民地；移民队；种群；动物栖息地
survive,"vi. 幸存；活下来
vt. 幸存；生还；幸免于；比...活得长"
settler,n. 移居者；殖民者
paleolithic,
interest,"n. 兴趣，爱好；利息；趣味；同行
vt. 使……感兴趣；引起……的关心；使……参与"
demonstrate,"vt. 证明；展示；论证
vi. 示威"
artisan,n. 工匠，技工
affect,"n. 情感；引起感情的因素
vt. 影响；感染；感动；假装
vi. 倾向；喜欢"
expand,"vt. 扩张；使膨胀；详述
vi. 发展；张开，展开"
skeleton,"n. 骨架，骨骼；纲要；骨瘦如柴的人
adj. 骨骼的；骨瘦如柴的；概略的"
plain,"n. 平原；无格式；朴实无华的东西
adj. 平的；简单的；朴素的；清晰的
adv. 清楚地；平易地"
oxygen,n.  氧气， 氧
interior,"n. 内部；本质
adj. 内部的；国内的；本质的"
engine,n. 引擎，发动机；机车，火车头；工具
electricity,n. 电力；电流；强烈的紧张情绪
deposit,"n. 存款；押金；订金；保证金；沉淀物
vt. 使沉积；存放
vi. 沉淀"
crow,"n.  乌鸦；鸡鸣；撬棍
vi. 啼叫；报晓"
continue,"vt. 继续说…；使…继续；使…延长
vi. 继续，延续；仍旧，连续"
cell,"n. 细胞；电池；蜂房的巢室；单人小室
vi. 住在牢房或小室中"
attract,"vt. 吸引；引起
vi. 吸引；有吸引力"
tradition,n. 惯例，传统；传说
private,"n. 列兵；二等兵
adj. 私人的；私有的；私下的"
physical,"n. 体格检查
adj.  物理的；身体的；物质的；根据自然规律的，符合自然法则的"
gather,"n. 聚集；衣褶；收获量
vt. 收集；收割；使…聚集；使…皱起
vi. 聚集；化脓；皱起"
dye,"n. 染料；染色
vt. 染；把…染上颜色
vi. 被染色"
decline,"n. 下降；衰退；斜面
vt. 谢绝；婉拒
vi. 下降；衰落；谢绝"
consist,vi. 由…组成；在于；符合
tuna,n. 金枪鱼，鲔鱼
response,n. 响应；反应；回答
specific,"n. 特性；细节；特效药
adj. 特殊的，特定的；明确的；详细的； 具有特效的"
promote,"vi. 成为王后或其他大于卒的子
vt. 促进；提升；推销；发扬"
audience,n. 观众；听众；读者；接见；正式会见；拜会
acorn,n.  橡子； 橡实
emotional,adj. 情绪的；易激动的；感动人的
cultural,adj. 文化的；教养的
transport,"n. 运输；运输机；狂喜；流放犯
vt. 运输；流放；使狂喜"
extinct,"adj. 灭绝的，绝种的；熄灭的
vt. 使熄灭"
traditional,adj. 传统的；惯例的
stability,n. 稳定性；坚定，恒心
spot,"n. 地点；斑点
adj. 现场的；现货买卖的
vt. 认出；弄脏；用灯光照射
vi. 沾上污渍；满是斑点
adv. 准确地；恰好"
sculptor,n. 雕刻家
obtain,"vi. 获得；流行
vt. 获得"
nitrogen,n.  氮
melt,"vi. 熔化，溶解；渐混
vt. 使融化；使熔化；使软化；使感动
n. 熔化；熔化物"
landscape,"n. 风景；风景画；景色；山水画；乡村风景画；地形；（文件的）横向打印格式
vt. 对…做景观美化，给…做园林美化；从事庭园设计
vi. 美化（环境等），使景色宜人；从事景观美化工作，做庭园设计师"
evolution,n. 演变；进化论；进展
eventually,adv. 最后，终于
distinguish,"vi. 区别，区分；辨别
vt. 区分；辨别；使杰出，使表现突出"
core,
compose,"vt. 构成；写作；使平静；排…的版
vi. 组成；作曲；排字"
effective,adj. 有效的，起作用的；实际的，实在的；给人深刻印象
volcano,n. 火山
vast,"n. 浩瀚；广阔无垠的空间
adj. 广阔的；巨大的；大量的；巨额的"
trail,"n. 小径；痕迹；尾部；踪迹；一串，一系列
vt. 追踪；拖；蔓延；落后于
vi. 飘出；蔓生；垂下；拖曳"
renaissance,n. 文艺复兴（欧洲14至17世纪）
religious,"n. 修道士；尼姑
adj. 宗教的；虔诚的；严谨的；修道的"
reaction,n. 反应，感应；反动，复古；反作用
petroleum,n. 石油
observation,n. 观察；监视；观察报告
oak,"n. 橡树；橡木色；橡木家具
adj. 栎树的；栎木制的"
normally,adv. 正常地；通常地，一般地
focus,"n. 焦点；中心；清晰；焦距
vt. 使集中；使聚焦
vi. 集中；聚焦；调节焦距"
flight,"n. 飞行；班机；逃走
vt. 射击；使惊飞
vi. 迁徙"
feather,"n. 羽毛
vt. 用羽毛装饰
vi. 长羽毛"
evolve,"vi. 发展，进展；进化；逐步形成
vt. 发展，进化；进化；使逐步形成；推断出"
estimate,"n. 估计，估价；判断，看法
vt. 估计，估量；判断，评价
vi. 估计，估价"
crust,"n. 地壳；外壳；面包皮；坚硬外皮
vi. 结硬皮；结成外壳
vt. 盖以硬皮；在…上结硬皮"
conflict,"n. 冲突，矛盾；斗争；争执
vi. 冲突，抵触；争执；战斗"
compete,vi. 竞争；比赛；对抗
combine,"n. 联合收割机；联合企业
vt. 使化合；使联合，使结合
vi. 联合，结合；化合"
alder,n.  桤木
ritual,"n. 仪式；惯例；礼制
adj. 仪式的；例行的；礼节性的"
release,"n. 释放；发布；让与
vt. 释放；发射；让与；允许发表"
performance,n. 性能；绩效；表演；执行；表现
muscle,"n. 肌肉；力量
vt. 加强；使劲搬动；使劲挤出
vi. 使劲行进"
era,n. 时代；年代；纪元
device,n. 装置；策略；图案
decrease,"n. 减少，减小；减少量
vt. 减少，减小
vi. 减少，减小"
erode,"vt. 腐蚀，侵蚀
vi. 侵蚀；受腐蚀"
appearance,n. 外貌，外观；出现，露面
completely,adv. 完全地，彻底地；完整地
throughout,"prep. 贯穿，遍及
adv. 自始至终，到处；全部"
standard,"n. 标准；水准；旗；度量衡标准
adj. 标准的；合规格的；公认为优秀的"
scale,"n. 规模；比例；鳞；刻度；天平；数值范围
vt. 测量；攀登；刮鳞；依比例决定
vi. 衡量；攀登；剥落；生水垢"
root,"n. 根；根源；词根；祖先
vt. 生根，固定；根源在于
vi. 生根；根除"
practice,"n. 实践；练习；惯例
vt. 练习；实习；实行
vi. 练习；实习；实行"
hydrogen,n.  氢
dramatic,adj. 戏剧的；急剧的；引人注目的；激动人心的
display,"n. 显示；炫耀
vt. 显示；表现；陈列
adj. 展览的；陈列用的
vi.  作炫耀行为"
climax,n. 高潮；顶点；层进法；极点
character,"n. 性格，品质；特性；角色； 字符
vt. 印，刻；使具有特征"
bottom,"n. 底部；末端；臀部；尽头
adj. 底部的
vt. 装底；测量深浅；查明真相
vi. 到达底部；建立基础"
biological,adj. 生物的；生物学的
aquifer,n. （美）蓄水层；含水土层
architectural,adj. 建筑学的；建筑上的；符合建筑法的
tone,"n. 语气；色调；音调；音色
vt. 增强；用某种调子说
vi. 颜色调和；呈现悦目色调"
solar,"n. 日光浴室
adj. 太阳的；日光的；利用太阳光的；与太阳相关的"
revolution,n. 革命；旋转；运行；循环
prey,"n. 捕食；牺牲者；被捕食的动物
vi. 捕食；掠夺；折磨"
microscope,n. 显微镜
metal,"n. 金属；合金
vt. 以金属覆盖
adj. 金属制的"
helium,n.  氦（符号为He，2号元素）
frame,"n. 框架；结构； 画面
adj. 有木架的；有构架的
vt. 设计；建造；陷害；使…适合
vi. 有成功希望"
contemporary,"n. 同时代的人；同时期的东西
adj. 当代的；同时代的；属于同一时期的"
claim,"n. 要求；声称；索赔；断言；值得
vt. 要求；声称；需要；认领
vi. 提出要求"
glacial,adj. 冰的；冰冷的；冰河时代的
characterize,"vt. 描绘…的特性；具有…的特征
vi. 塑造人物"
survival,n. 幸存，残存；幸存者，残存物
composition,n. 作文，作曲，作品； 构成；合成物；成分
tension,"n. 张力，拉力；紧张，不安；电压
vt. 使紧张；使拉紧"
task,"n. 工作，作业；任务
vt. 分派任务"
stimulate,"vi. 起刺激作用；起促进作用
vt. 刺激；鼓舞，激励"
spread,"n. 传播；伸展
adj. 伸展的
vt. 传播，散布；展开；伸展；铺开
vi. 传播；伸展"
solid,"n. 固体；立方体
adj. 固体的；可靠的；立体的；结实的；一致的"
present,"n. 现在；礼物；瞄准
adj. 现在的；出席的
vt. 提出；介绍；呈现；赠送
vi. 举枪瞄准"
pot,"n. 壶；盆；罐
vt. 把…装罐；射击；节略
vi. 随手射击"
measure,"n. 测量；措施；程度；尺寸
vt. 测量；估量；权衡
vi. 测量；估量"
irrigation,n. 灌溉； 冲洗；冲洗法
improvement,n. 改进，改善；提高
bury,vt. 埋葬；隐藏
attitude,n. 态度；看法；意见；姿势
approximately,adv. 大约，近似地；近于
painter,n. 画家；油漆匠
arcade,"n. 拱廊；（内设投角子电子游戏机等的）游乐场；有拱廊的街道
vt. 使有拱廊"
therefore,adv. 因此；所以
subject,"n. 主题；科目； 主语；国民
adj. 服从的；易患…的；受制于…的
vt. 使…隶属；使屈从于…"
stable,"n. 马厩；牛棚
adj. 稳定的；牢固的；坚定的
vt. 赶入马房
vi. 被关在马厩"
sign,"n. 迹象；符号；记号；手势；指示牌
vt. 签署；示意
vi. 签署；签名"
route,"n. 路线；航线；通道
vt. 按某路线发送"
prefer,"vt. 更喜欢；宁愿；提出；提升
vi. 喜欢；愿意"
opportunity,n. 时机，机会
intense,adj. 强烈的；紧张的；非常的；热情的
global,adj. 全球的；总体的；球形的
flow,"n. 流动；流量；涨潮，泛滥
vt. 淹没，溢过
vi. 流动，涌流；川流不息；飘扬"
figure,"n. 数字；人物；图形；价格；（人的）体形；画像
vt. 计算；认为；描绘；象征
vi. 计算；出现；扮演角色"
familiar,"n. 常客；密友
adj. 熟悉的；常见的；亲近的"
differ,"vi. 相异；意见分歧
vt. 使…相异；使…不同"
diet,"n. 饮食；食物；规定饮食
vt.  照规定饮食
vi. 节食"
decoration,n. 装饰，装潢；装饰品；奖章
visible,"n. 可见物；进出口贸易中的有形项目
adj. 明显的；看得见的；现有的；可得到的"
shelter,"n. 庇护；避难所；遮盖物
vt. 保护；使掩蔽
vi. 躲避，避难"
resemble,vt. 类似，像
principal,"adj. 主要的；资本的
n. 首长；校长；资本；当事人"
maintain,vt. 维持；继续；维修；主张；供养
fungi,n. 真菌；菌类；蘑菇（fungus的复数）
lichen,"n. 地衣；青苔
vt. 使长满地衣"
emerge,vi. 浮现；摆脱；暴露
desire,"n. 欲望；要求，心愿；性欲
vt. 想要；要求；希望得到…
vi. 渴望"
compare,"vi. 相比，匹敌；比较，区别；比拟（常与to连用）
vt. 比拟，喻为；构成
n. 比较"
communication,n. 通讯， 通信；交流；信函
citizen,n. 公民；市民；老百姓
center,"n. 中心，中央；中锋；中心点
adj. 中央的，位在正中的
vt. 集中，使聚集在一点；定中心
vi. 居中，被置于中心"
benefit,"n. 利益，好处；救济金
vt. 有益于，对…有益
vi. 受益，得益"
arch,"n. 弓形，拱形；拱门
adj. 主要的
vt. 使…弯成弓形；用拱连接
vi. 拱起；成为弓形"
analyze,vt. 对…进行分析，分解（等于analyse）
competition,n. 竞争；比赛，竞赛
opportunist,投机分子
comparison,n. 比较；对照；比喻；比较关系
worth,"n. 价值；财产
adj. 值…的"
trace,"n. 痕迹，踪迹；微量； 迹线；缰绳
vt. 追踪，查探；描绘；回溯
vi. 追溯；沿路走"
texture,n. 质地；纹理；结构；本质，实质
surface,"n. 表面；表层；外观
adj. 表面的，肤浅的
vt. 使浮出水面；使成平面
vi. 浮出水面"
ray,"n. 射线；光线；鳐形目(Rajiformes)鱼
vt. 放射；显出
vi. 放射光线；浮现"
permit,"n. 许可证，执照
vt. 许可；允许
vi. 许可；允许"
perfect,"n. 完成式
adj. 完美的；最好的；精通的
vt. 使完美；使熟练"
master,"vt. 控制；精通；征服
n. 硕士；主人；大师；教师
adj. 主人的；主要的；熟练的"
fit,"n. 合身；发作；痉挛
adj. 健康的；合适的；恰当的；准备好的
vt. 安装；使……适应；使……合身；与……相符
vi. 符合，配合；适合；合身"
exhibition,n. 展览，显示；展览会；展览品
effort,n. 努力；成就
dominate,"vt. 控制；支配；占优势；在…中占主要地位
vi. 占优势；处于支配地位"
dinosaur,n. 恐龙；过时、落伍的人或事物
detail,"n. 细节，详情
vt. 详述；选派
vi. 画详图"
depression,n. 沮丧；洼地；不景气；忧愁；低气压区
charge,"n. 费用；电荷；掌管；控告；命令；负载
vt. 使充电；使承担；指责；装载；对…索费；向…冲去
vi. 充电；控告；索价；向前冲；记在账上"
belief,n. 相信，信赖；信仰；教义
basin,n. 水池；流域；盆地；盆
adopt,"vi. 采取；过继
vt. 采取；接受；收养；正式通过"
improve,"vt. 改善，增进；提高…的价值
vi. 增加；变得更好"
vapor,"n. 蒸汽；烟雾
vt. 使……蒸发；使……汽化
vi. 蒸发；吹牛；沮丧"
reveal,"n. 揭露；暴露；门侧，窗侧
vt. 显示；透露；揭露；泄露"
typically,adv. 代表性地；作为特色地
turbine,n.  涡轮； 涡轮机
transform,"vt. 改变，使…变形；转换
vi. 变换，改变；转化"
strength,n. 力量；力气；兵力；长处
scholar,n. 学者；奖学金获得者
rent,"n. 租金
vt. 出租；租用；租借
vi. 租；出租"
property,n. 性质，性能；财产；所有权
practical,adj. 实际的；实用性的
photograph,"n. 照片，相片
vt. 为…拍照；使深深印入
vi. 拍照；在照片上显得"
perform,"vt. 执行；完成；演奏
vi. 执行，机器运转；表演"
motion,"n. 动作；移动；手势；请求；意向；议案
vi. 运动；打手势
vt. 运动；向…打手势"
minor,"adj. 未成年的；次要的；较小的；小调的；二流的
n. 未成年人；小调；副修科目
vi. 副修"
machinery,n. 机械；机器；机构；机械装置
crystal,"n. 结晶，晶体；水晶；水晶饰品
adj. 水晶的；透明的，清澈的"
canal,"n. 运河； 水道； 管道；灌溉水渠
vt. 在…开凿运河"
loose,"adj. 宽松的；散漫的；不牢固的；不精确的
vt. 释放；开船；放枪
vi. 变松；开火
adv. 松散地
n. 放纵；放任；发射"
profit,"n. 利润；利益
vt. 有益于
vi. 获利；有益"
internal,"n. 内脏；本质
adj. 内部的；里面的；体内的；（机构）内部的"
inhabitant,n. 居民；居住者
ideal,"n. 理想；典范
adj. 理想的；完美的；想象的；不切实际的"
chimpanzee,n.  黑猩猩
feed,"n. 饲料；饲养；（动物或婴儿的）一餐
vt. 喂养；供给；放牧；抚养（家庭等）；靠…为生
vi. 吃东西；流入"
expansion,n. 膨胀；阐述；扩张物
solution,n. 解决方案；溶液；溶解；解答
portray,vt. 描绘；扮演
parlor,"n. 客厅；会客室；业务室
adj. 客厅的"
merchant,"n. 商人，批发商；店主
adj. 商业的，商人的"
extreme,"n. 极端；末端；最大程度；极端的事物
adj. 极端的；极度的；偏激的；尽头的"
dust,"n. 灰尘；尘埃；尘土
vt. 撒；拂去灰尘
vi. 拂去灰尘；化为粉末"
distinct,adj. 明显的；独特的；清楚的；有区别的
comet,n.  彗星
bead,"n. 珠子；滴；念珠
vt. 用珠装饰；使成串珠状
vi. 形成珠状，起泡"
basis,n. 基础；底部；主要成分；基本原则或原理
reproduction,n. 繁殖，生殖；复制；复制品
desertification,n. （土壤）荒漠化；沙漠化（等于desertization）
primary,"n. 原色；最主要者
adj. 主要的；初级的；基本的"
exhibit,"n. 展览品；证据；展示会
vt. 展览；显示；提出（证据等）
vi. 展出；开展览会"
tulip,n. 郁金香
textile,"n. 纺织品，织物
adj. 纺织的"
terrestrial,"n. 陆地生物；地球上的人
adj. 地球的；陆地的， 陆生的；人间的"
surge,"n. 汹涌；大浪，波涛；汹涌澎湃；巨涌
v. 汹涌；起大浪，蜂拥而来"
specialize,"vi. 专门从事；详细说明；特化
vt. 使专门化；使适应特殊情况；详细说明"
readily,adv. 容易地；乐意地；无困难地
potential,"n. 潜能；可能性； 电势
adj. 潜在的；可能的；势的"
migration,n. 迁移；移民；移动
mask,"n. 面具；口罩；掩饰
vi. 掩饰；戴面具；化装
vt. 掩饰；戴面具；使模糊"
habitat,n.  栖息地，产地
fundamental,"n. 基本原理；基本原则
adj. 基本的，根本的"
cycle,"n. 循环；周期；自行车；整套；一段时间
vt. 使循环；使轮转
vi. 循环；骑自行车；轮转"
cattle,n. 牛；牲畜（骂人的话）；家畜；无价值的人
California,n. 加利福尼亚（美国一个州）
brief,"n. 摘要，简报；概要，诉书
adj. 简短的，简洁的；短暂的，草率的
vt. 简报，摘要；作…的提要"
avoid,vt. 避免；避开，躲避；消除
accurate,adj. 精确的
technological,adj. 技术的；工艺的
settlement,n. 解决，处理； 结算；沉降；殖民
attractive,adj. 吸引人的；有魅力的；引人注目的
typical,adj. 典型的；特有的；象征性的
vitamin,n.  维生素； 维他命
timberline,n. 树带界线
pueblo,n. 印第安人村庄；普韦布洛（美国科罗拉多州中部一城市）
pollutant,n. 污染物
novel,"adj. 新奇的；异常的
n. 小说"
mechanism,n. 机制；原理，途径；进程；机械装置；技巧
independence,n. 独立性，自立性；自主
immigrant,"n. 移民，侨民
adj. 移民的；迁入的"
former,"n. 模型，样板；起形成作用的人
adj. 从前的，前者的；前任的"
content,"n. 内容，目录；满足；容量
adj. 满意的
vt. 使满足"
bacteria,n.  细菌
considerable,adj. 相当大的；重要的，值得考虑的
violin,n. 小提琴；小提琴手
vessel,n. 船，舰； 脉管，血管；容器，器皿
tail,"n. 尾巴；踪迹；辫子；燕尾服
adj. 从后面而来的；尾部的
vt. 尾随；装上尾巴
vi. 跟踪；变少或缩小"
ridge,"n. 山脊；山脉；屋脊
vt. 使成脊状；作垄
vi. 成脊状"
respond,"n. 应答；唱和
vi. 回答；作出反应；承担责任
vt. 以…回答"
principle,n. 原理，原则；主义，道义；本质，本义；根源，源泉
prehistoric,adj. 史前的；陈旧的
isolate,"n.  隔离种群
vt. 使隔离；使孤立；使绝缘
adj. 隔离的；孤立的
vi. 隔离；孤立"
constant,"n.  常数；恒量
adj. 不变的；恒定的；经常的"
consequence,n. 结果；重要性；推论
commercial,"n. 商业广告
adj. 商业的；营利的；靠广告收入的"
chemical,"n. 化学制品，化学药品
adj. 化学的"
belong,vi. 属于，应归入；居住；适宜；应被放置
accumulate,"vt. 积攒
vi. 累积；积聚"
action,n. 行动；活动；功能；战斗；情节
status,n. 地位；状态；情形；重要身份
presence,n. 存在；出席；参加；风度；仪态
ware,"n. 陶器，器皿；制品；器具；货物
vt. 留心；小心"
surround,"n. 围绕物
vt. 围绕；包围
adj. 环绕立体声的"
represent,"vt. 代表；表现；描绘；回忆；再赠送
vi. 代表；提出异议"
pottery,n. 陶器；陶器厂；陶器制造术
myth,n. 神话；虚构的人，虚构的事
immediately,"conj. 一…就
adv. 立即，立刻；直接地"
highlight,"n. 最精彩的部分；最重要的事情；加亮区
vt. 突出；强调；使显著；加亮"
geological,adj. 地质的，地质学的
fragment,"n. 碎片；片断或不完整部分
vt. 使成碎片
vi. 破碎或裂开"
exist,vi. 存在；生存；生活；继续存在
destructive,adj. 破坏的；毁灭性的；有害的，消极的
destruction,n. 破坏，毁灭；摧毁
defense,"n. 防卫，防护；防御措施；防守
vt. 谋划抵御"
concept,n. 观念，概念
capital,"n. 首都，省会；资金；大写字母；资本家
adj. 首都的；重要的；大写的"
component,"n. 成分；组件； 元件
adj. 组成的，构成的"
appropriate,"adj. 适当的；恰当的；合适的
vt. 占用，拨出"
apparently,adv. 显然地；似乎，表面上
active,"n. 主动语态；积极分子
adj. 积极的；活跃的；主动的；有效的；现役的"
construct,"n. 构想，概念
vt. 建造，构造；创立"
adaptation,n. 适应；改编；改编本，改写本
decorate,"vt. 装饰；布置；授勋给
vi. 装饰；布置"
tropical,adj. 热带的；热情的；酷热的
tissue,"n. 组织；纸巾；薄纱；一套
vt. 饰以薄纱；用化妆纸揩去"
strike,"n. 罢工；打击；殴打
vi. 打，打击；罢工；敲，敲击；抓；打动；穿透
vt. 打，击；罢工；撞击，冲击；侵袭；打动；到达"
squirrel,"n. 松鼠；松鼠毛皮
vt. 贮藏"
raw,"n. 擦伤处
adj. 生的；未加工的；阴冷的；刺痛的；擦掉皮的；无经验的；（在艺术等方面）不成熟的
vt. 擦伤"
prove,"vi. 证明是
vt. 证明；检验；显示"
pole,
personal,"n. 人事消息栏；人称代名词
adj. 个人的；身体的；亲自的"
permanently,adv. 永久地，长期不变地
vertebrate,"adj. 脊椎动物的；有脊椎的
n. 脊椎动物"
press,"n. 压；按；新闻；出版社； 印刷机
vt. 压；按；逼迫；紧抱
vi. 压；逼；重压"
tribe,n. 部落；族；宗族；一伙
physic,"n. 医学；药品（特指泻药）
vt. 给…服药；治愈"
liquid,"adj. 液体的；清澈的；明亮的；易变的
n. 液体，流体；流音"
item,"n. 条款，项目；一则；一件商品（或物品）
adj. 又，同上
v. 记下；逐条列出"
import,"n. 进口，进口货；输入；意思，含义；重要性
vt. 输入，进口；含…的意思
vi. 输入，进口"
health,n. 健康；卫生；保健；兴旺
export,"n. 输出，出口；出口商品
vt. 输出，出口
vi. 输出物资"
explosion,n. 爆炸；爆发；激增
expect,"vi. 期待；预期
vt. 期望；指望；认为；预料"
electron,n. 电子
document,"n. 文件，公文； 文档；证件
vt. 用文件证明"
depict,vt. 描述；描画
column,n. 纵队，列；专栏；圆柱，柱形物
civil,adj. 公民的；民间的；文职的；有礼貌的；根据民法的
carve,"vt. 雕刻；切开；开创
vi. 切开；做雕刻工作"
atom,n. 原子
aurora,n.  极光；曙光
functional,adj. 功能的
competitor,n. 竞争者，对手
geologist,n. 地质学家，地质学者
whereas,conj. 然而；鉴于；反之
Venus,n.  金星；维纳斯（爱与美的女神）
vent,"n. （感情的）发泄；出口；通风孔
vt. 发泄感情；放出…；给…开孔
vi. 放出；（通过排泄等）减轻压力"
valuable,"n. 贵重物品
adj. 有价值的；贵重的；可估价的"
universe,n. 宇宙；世界；领域
unique,"n. 独一无二的人或物
adj. 独特的，稀罕的； 唯一的，独一无二的"
topic,n. 主题（等于theme）；题目；一般规则；总论
steel,"n. 钢铁；钢制品；坚固
adj. 钢制的；钢铁业的；坚强的
vt. 钢化；使冷酷"
rite,n. 仪式；惯例，习俗；典礼
recognize,"vt. 认出，识别；承认
vi. 确认，承认；具结"
prior,"adj. 优先的；在先的，在前的
adv. 在前，居先"
primitive,"n. 原始人
adj. 原始的，远古的；简单的，粗糙的"
president,n. 总统；董事长；校长；主席
ordinary,"adj. 普通的；平凡的；平常的
n. 普通；平常的人（或事）"
mineral,"n. 矿物；（英）矿泉水；无机物；苏打水（常用复数表示）
adj. 矿物的；矿质的"
livestock,n. 牲畜；家畜
introductory,adj. 引导的，介绍的；开端的
financial,adj. 金融的；财政的，财务的
employ,"n. 使用；雇用
vt. 使用，采用；雇用；使忙于，使从事于"
ecological,adj. 生态的，生态学的
distribution,n. 分布；分配
cucumber,n. 黄瓜；胡瓜
canopy,"n. 天篷；华盖；遮篷；苍穹
vt. 用天蓬遮盖；遮盖"
conduct,"n. 进行；行为；实施
vi. 导电；带领
vt. 管理；引导；表现"
appeal,"n. 呼吁，请求；吸引力，感染力；上诉；诉诸裁判
vt. 将…上诉，对…上诉
vi. 呼吁，恳求；上诉；诉诸，求助；有吸引力，迎合爱好；（体育比赛中）诉诸裁判"
academy,n. 学院；研究院；学会；专科院校
plantation,"n. 栽植；殖民；大农场
adj. 适用于种植园或热带、亚热带国家的"
authority,n. 权威；权力；当局
reproduce,"vt. 复制；再生；生殖；使…在脑海中重现
vi. 复制；繁殖"
productivity,n. 生产力；生产率；生产能力
theorist,n. 理论家
sedimentary,adj. 沉淀的
majority,n. 多数；成年
structural,adj. 结构的；建筑的
container,n. 集装箱；容器
essentially,adv. 本质上；本来
atmospheric,adj. 大气的，大气层的
economically,adv. 经济地；在经济上；节俭地
application,n. 应用；申请；应用程序；敷用
contribution,n. 贡献；捐献；投稿
establishment,n. 确立，制定；公司；设施
climatic,adj. 气候的；气候上的；由气候引起的；受气候影响的
relative,"n. 亲戚；相关物； 关系词；亲缘植物
adj. 相对的；有关系的；成比例的"
continental,"n. 欧洲人
adj. 大陆的；大陆性的"
harbor,"n. 海港；避难所
vt. 庇护；怀有
vi. 居住，生存；入港停泊；躲藏"
distinction,n. 区别；差别；特性；荣誉、勋章
consequently,adv. 因此；结果；所以
universal,"n. 一般概念；普通性
adj. 普遍的；通用的；宇宙的；全世界的；全体的"
irregular,"n. 不规则物；不合规格的产品
adj. 不规则的；无规律的；非正规的；不合法的"
cultivation,n. 培养；耕作；耕种；教化；文雅
consumption,n. 消费；消耗；肺痨
stage,"n. 阶段；舞台；戏剧；驿站
vt. 举行；上演；筹划
vi. 举行；适于上演；乘驿车旅行"
virtue,n. 美德；优点；贞操；功效
theme,"n. 主题；主旋律；题目
adj. 以奇想主题布置的"
symbol,n. 象征；符号；标志
signal,"n. 信号；暗号；导火线
adj. 显著的；作为信号的
vt. 标志；用信号通知；表示
vi. 发信号"
series,n. 系列，连续； 串联；级数；丛书
seek,"vt. 寻求；寻找；探索；搜索
vi. 寻找；探索；搜索"
saturate,"adj. 浸透的，饱和的；深颜色的
vt. 浸透，使湿透；使饱和，使充满"
random,"n. 随意
adj.  随机的；任意的；胡乱的
adv. 胡乱地"
puzzle,"n. 谜；难题；迷惑
vt. 使…困惑；使…为难；苦思而得出
vi. 迷惑；冥思苦想"
pure,adj. 纯的；纯粹的；纯洁的；清白的；纯理论的
philosophy,n. 哲学；哲理；人生观
propose,"vi. 建议；求婚；打算
vt. 建议；打算，计划；求婚"
overcome,"vt. 克服；胜过
vi. 克服；得胜"
nutritional,adj. 营养的；滋养的
magnetic,adj. 地磁的；有磁性的；有吸引力的
justify,"vi. 证明合法；整理版面
vt. 证明…是正当的；替…辩护"
investment,n. 投资；投入；封锁
interpret,"vi. 解释；翻译
vt. 说明；口译"
interpretation,n. 解释；翻译；演出
impression,n. 印象；效果，影响；压痕，印记；感想；曝光（衡量广告被显示的次数。打开一个带有该广告的网页，则该广告的impression 次数增加一次）
imitate,vt. 模仿，仿效；仿造，仿制
glaze,"n. 釉；光滑面
vt. 装以玻璃；上釉于
vi. 变呆滞；变得光滑"
geometric,adj. 几何学的； 几何学图形的
furniture,n. 家具；设备；储藏物
fail,"n. 不及格
vi. 失败，不及格；破产；缺乏；衰退
vt. 不及格；使失望；忘记；舍弃"
formal,"n. 正式的社交活动；夜礼服
adj. 正式的；拘谨的；有条理的"
extract,"n. 汁；摘录；榨出物；选粹
vt. 提取；取出；摘录；榨取"
entrance,"n. 入口；进入
vt. 使出神，使入迷"
enormous,adj. 庞大的，巨大的；凶暴的，极恶的
engage,"vi. 从事；答应，保证；交战；啮合
vt. 吸引，占用；使参加；雇佣；使订婚；预定"
encourage,vt. 鼓励，怂恿；激励；支持
durable,"n. 耐用品
adj. 耐用的，持久的"
crucial,adj. 重要的；决定性的；定局的；决断的
molecule,n.  分子；微小颗粒，微粒
conclusion,n. 结论；结局；推论
collectively,adv. 共同地，全体地
coal,"n. 煤；煤块；木炭
vt. 给…加煤；把…烧成炭
vi. 上煤；加煤"
boom,"n. 繁荣；吊杆；隆隆声
vt. 使兴旺；发隆隆声
vi. 急速发展；发隆隆声"
band,"n. 带，环； 波段；(演奏流行音乐的) 乐队
n. n.乐队；队；一群
vi. 用带绑扎；给...镶边"
awareness,"n. 意识，认识；明白，知道
n. 人群对品牌或产品的认知"
ash,n. 灰；灰烬
archaeology,"n. 考古学
考古学的"
annual,"n. 年刊，年鉴；一年生植物
adj. 年度的；每年的"
aesthetic,adj. 美的；美学的；审美的，具有审美趣味的
acid,"n. 酸；<俚>迷幻药
adj. 酸的；讽刺的；刻薄的"
account,"n. 账户；解释；账目，账单；理由；描述
vt. 认为；把…视为
vi. 解释；导致；报账"
atmospheric,adj. 大气的，大气层的
electric,"n. 电；电气车辆；带电体
adj. 电的；电动的；发电的；导电的；令人震惊的"
comparable,adj. 可比较的；比得上的
performer,n. 演出者；执行者；演奏者
investigator,n. 研究者；调查者；侦查员
archaeologist,n. 考古学家
union,n. 联盟，协会；工会；联合
unfortunately,adv. 不幸地
ultimately,adv. 最后；根本；基本上
trap,"n. 陷阱；圈套； 存水湾
vt. 诱捕；使…受限制；使…陷入困境
vi. 设陷阱"
stream,"n. 溪流；流动；潮流；光线
vt. 流出；涌出；使飘动
vi. 流；涌进；飘扬"
subsequent,adj. 后来的，随后的
stove,"n. 火炉；窑；温室
vt. 用火炉烤"
severe,adj. 严峻的；严厉的；剧烈的；苛刻的
schedule,"n. 时间表；计划表；一览表
vt. 安排，计划；编制目录；将……列入计划表"
satire,n. 讽刺；讽刺文学，讽刺作品
roof,"n. 屋顶；最高处，顶部；最高限度
vt. 给…盖屋顶，覆盖"
reject,"n. 被弃之物或人；次品
vt. 拒绝；排斥；抵制；丢弃"
progressively,adv. 渐进地；日益增多地
portrait,n. 肖像；描写；半身雕塑像
piano,n. 钢琴
pace,"n. 一步；步速；步伐；速度
vi. 踱步；缓慢而行
vt. 踱步于；用步测"
nervous,adj. 神经的；紧张不安的；强健有力的
neolithic,adj.  新石器时代的；早先的
leadership,n. 领导能力；领导阶层
height,n. 高地；高度；身高；顶点
gain,"n. 增加；利润；收获
vi. 增加；获利
vt. 获得；增加；赚到"
fuel,"n. 燃料；刺激因素
vt. 供以燃料，加燃料
vi. 得到燃料"
fluctuate,"vi. 波动；涨落；动摇
vt. 使波动；使动摇"
flood,"n. 洪水；泛滥；一大批
vt. 淹没；充满；溢出
vi. 涌出；涌进；为水淹没"
fiction,n. 小说；虚构，编造；谎言
extra,"n. 临时演员；号外；额外的事物；上等产品
adj. 额外的，另外收费的；特大的
adv. 特别地，非常；另外"
drain,"n. 排水；下水道，排水管；消耗
vt. 喝光，耗尽；使流出；排掉水
vi. 排水；流干"
creative,adj. 创造性的
chain,"n. 链；束缚；枷锁
vt. 束缚；囚禁；用铁链锁住"
category,n. 种类，分类； 范畴
attention,n. 注意力；关心；立正！（口令）
arrangement,n. 布置；整理；准备
adjacent,adj. 邻近的，毗连的
access,"n. 进入；使用权；通路
vt. 使用；存取；接近"
spectacle,n. 景象；场面；奇观；壮观；公开展示；表相，假相 n.（复）眼镜
container,n. 集装箱；容器
spectator,n. 观众；旁观者
spring,"n. 春天；弹簧；泉水；活力；跳跃
adj. 春天的
vt. 使跳起；使爆炸；突然提出；使弹开
vi. 生长；涌出；跃出；裂开"
sprawl,"n. 蔓生；伸开手足躺卧姿势
vt. 懒散地伸开；使蔓生
vi. 蔓延；伸开手足躺；无计划地扩展"
emphasis,n. 重点；强调；加强语气
burial,"n. 埋葬；葬礼；弃绝
adj. 埋葬的"
intensive,"n. 加强器
adj. 加强的；集中的；透彻的；加强语气的"
immediate,adj. 立即的；直接的；最接近的
encouraging,"v. 鼓励，支持（encourage的ing形式）
adj. 令人鼓舞的；鼓励的，奖励的"
streamline,"n. 流线；流线型
vt. 把…做成流线型；使现代化；组织；使合理化；使简单化
adj. 流线型的"
wheat,n. 小麦；小麦色
wagon,"n. 货车，四轮马车
vt. 用运货马车运输货物"
voyage,"n. 航行；航程；旅行记
vt. 飞过；渡过
vi. 航行；航海"
transition,n. 过渡；转变； 转换；变调
tract,n. 束；大片土地，地带；小册子
thrive,vi. 繁荣，兴旺；茁壮成长
squeeze,"n. 压榨；紧握；拥挤；佣金
vt. 挤；紧握；勒索
vi. 压榨"
scheme,"n. 计划；组合；体制；诡计
vt. 计划；策划
vi. 搞阴谋；拟订计划"
revise,"n. 修订；校订
vi. 修订；校订；复习功课
vt. 修正；复习；校订"
respect,"n. 尊敬，尊重；方面；敬意
vt. 尊敬，尊重；遵守"
repress,"vt. 抑制；镇压（叛乱等）；约束
vi. 抑制；镇压"
positive,"n. 正数； 正片
adj. 积极的； 正的， 阳性的；确定的，肯定的；实际的，真实的；绝对的"
popularity,n. 普及，流行；名气；受大众欢迎
moderate,"adj. 稳健的，温和的；适度的，中等的；有节制的
vi. 变缓和，变弱
vt. 节制；减轻"
mill,"vi. 乱转；被碾磨
n. 工厂；磨坊；磨粉机；制造厂；压榨机
vt. 搅拌；碾磨；磨细；使乱转"
nerve,"n. 神经；勇气； 叶脉
vt. 鼓起勇气"
jet,"n. 喷射，喷嘴；喷气式飞机；黑玉
adj. 墨黑的
vt. 射出
vi. 射出； 乘喷气式飞机"
handle,"n.  把手；柄；手感；口实
vt. 处理；操作；运用；买卖；触摸
vi. 搬运；易于操纵"
inspire,vt. 激发；鼓舞；启示；产生；使生灵感
hatch,"n. 孵化；舱口
vt. 孵；策划
vi. 孵化"
gulf,"n. 海湾；深渊；分歧；漩涡
vt. 吞没"
flat,"n. 平地；公寓；平面
adj. 平的；单调的；不景气的；干脆的；平坦的；扁平的；浅的
vi. 逐渐变平；以降调唱（或奏）
vt. 使变平；使（音调）下降，尤指降半音
adv. （尤指贴着另一表面）平直地；断然地；水平地；直接地，完全地"
excavate,"vt. 挖掘；开凿
vi. 发掘；细查"
enlarge,"vt. 扩大；使增大；扩展
vi. 扩大；放大；详述"
engrave,vt. 雕刻；铭记
dutch,
distant,adj. 遥远的；冷漠的；远隔的；不友好的，冷淡的
debris,n. 碎片，残骸
crude,"n. 原油；天然的物质
adj. 粗糙的；天然的，未加工的；粗鲁的"
control,"n. 控制；管理；抑制；操纵装置
vt. 控制；管理；抑制"
confirm,vt. 确认；确定；证实；批准；使巩固
cognitive,adj. 认知的，认识的
clue,"n. 线索；（故事等的）情节
vt. 为…提供线索；为…提供情况"
classify,vt. 分类；分等
catastrophe,n. 大灾难；大祸；惨败
border,"n. 边境；边界；国界
vt. 接近；与…接壤；在…上镶边
vi. 接界；近似"
barrier,"n. 障碍物，屏障；界线
vt. 把…关入栅栏"
bare,"adj. 空的；赤裸的，无遮蔽的
vt. 露出，使赤裸"
award,"n. 奖品；判决
vt. 授予；判定"
assemble,"vt. 集合，聚集；装配；收集
vi. 集合，聚集"
antarctica,
alternative,"n. 二中择一；供替代的选择
adj. 供选择的；选择性的；交替的"
alter,"vt. 改变，更改
vi. 改变；修改"
abandon,"n. 放任；狂热
vt. 遗弃；放弃"
ridiculous,adj. 可笑的；荒谬的
rust,"n. 锈；生锈； 锈病
vt. 使生锈；腐蚀
vi. 生锈；成铁锈色；变迟钝"
interrupt,"n. 中断
vt. 中断；打断；插嘴；妨碍
vi. 打断；打扰"
frequent,"adj. 频繁的；时常发生的；惯常的
vt. 常到，常去；时常出入于"
projector,n.  投影仪；放映机；探照灯；设计者
dependent,"n. 依赖他人者；受赡养者
adj. 依靠的；从属的；取决于…的"
settle,"n. 有背长椅
vi. 解决；定居；沉淀；下陷
vt. 解决；安排；使…定居"
irrigate,"vt. 灌溉；冲洗；使清新
vi. 灌溉；冲洗"
dominance,n. 优势；统治；支配
independent,"n. 独立自主者；无党派者
adj. 独立的；单独的；无党派的；不受约束的"
sequence,"n.  序列；顺序；续发事件
vt. 按顺序排好"
adequate,adj. 充足的；适当的；胜任的
sacred,adj. 神的；神圣的；宗教的；庄严的
reduce,"vi. 减少；缩小；归纳为
vt. 减少；降低；使处于；把…分解"
resist,"n.  抗蚀剂；防染剂
vt. 抵抗；忍耐，忍住
vi. 抵抗，抗拒；忍耐"
participate,"vi. 参与，参加；分享
vt. 分享；分担
"
dwell,vi. 居住；存在于；细想某事
unpredictable,"n. 不可预言的事
adj. 不可预知的；不定的；出乎意料的"
nutrition,n. 营养，营养学；营养品
weapon,n. 武器，兵器
uniform,"n. 制服
adj. 统一的；一致的；相同的；均衡的；始终如一的
vt. 使穿制服；使成一样"
transfer,"n. 转让；转移；传递；过户
vt. 使转移；调任
vi. 转让；转学；换车"
terrain,n.  地形，地势；领域；地带
supplement,"vt. 增补，补充
n. 增补，补充；补充物；增刊，副刊"
superior,"n. 上级，长官；优胜者，高手；长者
adj. 上级的；优秀的，出众的；高傲的"
suit,"n. 诉讼；恳求；套装，西装；一套外衣
vt. 适合；使适应
vi. 合适；相称"
substantial,"n. 本质；重要材料
adj. 大量的；实质的；内容充实的"
struggle,"n. 努力，奋斗；竞争
vt. 使劲移动；尽力使得
vi. 奋斗，努力；挣扎"
stem,"n. 干；茎；船首；血统
vt. 阻止；除去…的茎；给…装柄
vi. 阻止；起源于某事物；逆行"
spiral,"n. 螺旋；旋涡；螺旋形之物
adj. 螺旋形的；盘旋的
vt. 使成螺旋形；使作螺旋形上升
vi. 盘旋；成螺旋形；螺旋形上升（过去式spiraled/spiralled，过去分词spiraled/spiralled，现在分词spiraling/spiralling，第三人称单数spirals，副词spirally）"
speculation,n. 投机；推测；思索；投机买卖
specimen,n. 样品，样本；标本
sink,"n. 水槽；洗涤槽；污水坑
vi. 下沉；消沉；渗透
vt. 使下沉；挖掘；使低落"
selection,n. 选择，挑选；选集；精选品
seal,"n. 密封；印章；海豹；封条；标志
vt. 密封；盖章
vi. 猎海豹"
sandstone,n.  砂岩；沙岩
realist,n. 现实主义者；实在论者
psychological,adj. 心理的；心理学的；精神上的
primate,"n. 大主教；灵长类的动物；首领
adj. 灵长目动物的；首要的"
precede,"vt. 领先，在…之前；优于，高于
vi. 领先，在前面"
possess,vt. 控制；使掌握；持有；迷住；拥有，具备
originate,"vt. 引起；创作
vi. 发源；发生；起航"
orchid,"n. 兰花； 兰科植物；淡紫色
adj. 淡紫色的"
orchestral,adj. 管弦乐的；管弦乐队的
oppose,"vt. 反对；对抗，抗争
vi. 反对"
nutrient,"n. 营养物；滋养物
adj. 营养的；滋养的"
nucleus,n. 核，核心；原子核
molten,"adj. 熔化的；铸造的；炽热的
v. 换毛；脱毛（molt的过去分词）"
moisture,n. 水分；湿度；潮湿；降雨量
miss,"n. 女士，小姐，年轻未婚女子
vt. 错过，想念，缺（勤）"
mirror,"n. 镜子；真实的写照；榜样
vt. 反射；反映"
mechanize,vt. 使机械化；机动化；用机械装置
maximum,"n.  极大，最大限度；最大量
adj. 最高的；最多的；最大极限的"
lip,"n. 嘴唇；边缘
vt. 以嘴唇碰
adj. 口头上的
vi. 用嘴唇"
intrigue,"n. 阴谋；诡计；复杂的事；私通
vt. 用诡计取得；激起...的兴趣
vi. 私通；密谋"
herd,"n. 兽群，畜群；放牧人
vt. 放牧；使成群
vi. 成群，聚在一起"
hence,adv. 因此；今后
firm,"n. 公司；商号
adj. 坚定的；牢固的；严格的；结实的
vt. 使坚定；使牢固
adv. 稳固地
vi. 变坚实；变稳固"
fungus,n. 真菌，霉菌；菌类
fireplace,n. 壁炉
figurine,n. 小雕像，小塑像
falcon,n.  猎鹰； 隼
extent,n. 程度；范围；长度
evident,adj. 明显的；明白的
drag,"n. 拖；拖累
vi. 拖曳；缓慢而吃力地行进
vt. 拖累；拖拉；缓慢而吃力地行进"
delicate,adj. 微妙的；精美的，雅致的；柔和的；易碎的；纤弱的；清淡可口的
crisis,"n. 危机；危险期；决定性时刻
adj. 危机的；用于处理危机的"
conserve,"n. 果酱；蜜饯
vt. 保存；将…做成蜜饯；使守恒"
cease,"n. 停止
vi. 停止；终了
vt. 停止；结束"
balance,"n. 平衡；余额；匀称
vt. 使平衡；结算；使相称
vi. 保持平衡；相称；抵销"
altitude,n. 高地；高度； 顶垂线；（等级和地位等的）高级；海拔
adult,"n. 成年人
adj. 成年的；成熟的"
absorb,vt. 吸收；吸引；承受；理解；使…全神贯注
proceed,"vi. 开始；继续进行；发生；行进
n. 收入，获利"
persist,"vi. 存留，坚持；持续，固执
vt. 坚持说，反复说"
passive,"n. 被动语态
adj. 被动的，消极的；被动语态的"
exposition,n. 博览会；阐述；展览会
pasture,"n. 草地；牧场；牧草
vt. 放牧；吃草"
metallic,adj. 金属的，含金属的
photography,n. 摄影；摄影术
feedback,n. 反馈；成果，资料；回复
migrate,"vi. 移动；随季节而移居；移往
vt. 使移居；使移植"
constantly,adv. 不断地；时常地
distribute,vt. 分配；散布；分开；把…分类
representation,n. 代表；表现；表示法；陈述
convention,n. 大会； 惯例； 约定； 协定；习俗
arid,adj. 干旱的；不毛的， 荒芜的
ceremonial,"n. 仪式，礼节
adj. 仪式的；正式的，礼仪的"
consumer,n. 消费者；用户，顾客
symbolic,adj. 象征的；符号的；使用符号的
investor,n. 投资者
inspiration,n. 灵感；鼓舞；吸气；妙计
realistic,adj. 现实的；现实主义的；逼真的；实在论的
symptom,n.  症状；征兆
sustain,vt. 维持；支撑，承担；忍受；供养；证实
strip,"n. 带；条状；脱衣舞
vt. 剥夺；剥去；脱去衣服
vi. 脱去衣服"
split,"n. 劈开；裂缝
adj. 劈开的
vt. 分离；使分离；劈开；离开；分解
vi. 离开；被劈开；断绝关系"
spin,"n. 旋转；疾驰
vi. 旋转；纺纱；吐丝；晕眩
vt. 使旋转；纺纱；编造；结网"
scarce,"adj. 缺乏的，不足的；稀有的
adv. 仅仅；几乎不；几乎没有"
roughly,adv. 粗糙地；概略地
rigid,adj. 严格的；僵硬的，死板的；坚硬的；精确的
republic,n. 共和国；共和政体
rely,vi. 依靠；信赖
dialect,"n. 方言，土话；同源语；行话；个人用语特征
adj. 方言的"
pose,"vi. 摆姿势；佯装；矫揉造作
vt. 造成，形成；摆姿势；装模作样；提出…讨论
n. 姿势，姿态；装模作样"
plastic,"n. 塑料制品；整形；可塑体
adj. 塑料的；（外科）造型的；可塑的"
planet,n. 行星
phase,"n. 月相
n. （月亮的）盈亏
n. 时期"
partially,adv. 部分地；偏袒地
panel,"n. 仪表板；嵌板；座谈小组，全体陪审员
vt. 嵌镶板"
offshore,"adj. 离岸的； 近海的；吹向海面的
adv. 向海面，向海"
odor,n. 气味；名声
occupy,vt. 占据，占领；居住；使忙碌
noticeable,adj. 显而易见的，显著的；值得注意的
mixture,n. 混合；混合物；混合剂
medium,"adj. 中间的，中等的；半生熟的
n. 方法；媒体；媒介；中间物"
massive,adj. 大量的；巨大的，厚重的；魁伟的
margin,"n. 边缘；利润，余裕；页边的空白
vt. 加边于；加旁注于"
log,"vi. 伐木
vt. 切；伐木；航行
n. 记录；航行日志；原木"
legislation,n. 立法；法律
latter,adj. 后者的；近来的；后面的；较后的
latitude,n. 纬度；界限；活动范围
invent,vt. 发明；创造；虚构
interaction,"n. 相互作用； 交互作用
n. 互动"
instance,"n. 实例；情况；建议
vt. 举...为例"
innovation,n. 创新，革新；新方法
immune,"n. 免疫者；免除者
adj. 免疫的；免于……的，免除的"
hole,"n. 洞，孔；洞穴，穴；突破口
vt. 凿洞
vi. 凿洞，穿孔；（高尔夫球等）进洞"
Greek,"n. 希腊语；希腊人
adj. 希腊的；希腊人的，希腊语的"
freight,"n. 货运；运费；船货
vt. 运送；装货；使充满"
fragile,adj. 脆的；易碎的
forage,"n. 饲料；草料；搜索
vi. 搜寻粮草；搜寻"
forecast,"n. 预测，预报；预想
vt. 预报，预测；预示
vi. 进行预报，作预测"
flourish,"n. 兴旺；茂盛；挥舞；炫耀；华饰
vi. 繁荣，兴旺；茂盛；活跃；处于旺盛时期
vt. 夸耀；挥舞"
flexible,adj. 灵活的；柔韧的；易弯曲的
finch,n. 雀科鸣鸟；雀类
equal,"n. 对手；匹敌；同辈；相等的事物
adj. 平等的；相等的；胜任的
vt. 等于；比得上"
encounter,"n. 遭遇，偶然碰见
vi. 遭遇；偶然相遇
vt. 遭遇，邂逅；遇到"
enclose,vt. 围绕；装入；放入封套
embryo,"n.  胚胎；胚芽；初期
adj. 胚胎的；初期的"
eliminate,vt. 消除；排除
earthquake,n. 地震；大动荡
detect,vt. 察觉；发现；探测
cosmic,adj. 宇宙的（等于cosmical）
convert,"n. 皈依者；改变宗教信仰者
vt. 使转变；转换…；使…改变信仰
vi. 转变，变换；皈依；改变信仰"
confine,"n. 界限，边界;约束；限制
vt. 限制；禁闭"
collide,"vi. 碰撞；抵触，冲突
vt. 使碰撞；使相撞"
chip,"n.  芯片；筹码；碎片；(食物的) 小片; 薄片
vt. 削，凿；削成碎片
vi. 剥落；碎裂"
capacity,n. 能力；容量；资格，地位；生产力
canoe,"n. 独木舟；轻舟
vi. 乘独木舟
vt. 用独木舟运"
candidate,n. 候选人，候补者；应试者
butterfly,n. 蝴蝶；蝶泳；举止轻浮的人；追求享乐的人
bubble,"n. 气泡，泡沫，泡状物；透明圆形罩，圆形顶
vt. 使冒泡；滔滔不绝地说
vi. 沸腾，冒泡；发出气泡声"
bronze,"n. 青铜；古铜色；青铜制品
adj. 青铜色的；青铜制的
vt. 镀青铜于
vi. 变成青铜色，被晒黑"
bill,"n.  法案；广告；账单； 票据；钞票；清单
vt. 宣布；开账单；用海报宣传"
beam,"n. 横梁；光线；电波；船宽； 秤杆
vt. 发送；以梁支撑；用…照射；流露
vi. 照射；堆满笑容"
attain,"n. 成就
vt. 达到，实现；获得；到达
vi. 达到；获得；到达"
appreciate,"vi. 增值；涨价
vt. 欣赏；感激；领会；鉴别"
aid,"n. 援助；帮助；助手；帮助者
vt. 援助；帮助；有助于
vi. 帮助"
agent,"n. 代理人，代理商；药剂；特工
adj. 代理的
vt. 由…作中介；由…代理"
withstand,"vt. 抵挡；禁得起；反抗
vi. 反抗"
vision,"n. 视力；美景；眼力；幻象；想象力；幻视（漫威漫画旗下超级英雄）
vt. 想象；显现；梦见"
urge,"n. 强烈的欲望，迫切要求；推动力
vi. 强烈要求
vt. 力劝，催促；驱策，推进"
turnpikes,n. 公路，付费公路( turnpike的名词复数 ); （旧时的）收税关卡
turnpike,n.  收费高速公路；收税关卡
tides,"n.  潮汐（tide的复数）
v. 随潮水漂浮（tide的第三人称单数）"
tide,"n. 趋势，潮流；潮汐
vt. 随潮漂流"
successive,adj. 连续的；继承的；依次的；接替的
strain,"n. 张力；拉紧；负担；扭伤；血缘
vt. 拉紧；滥用；滤去；竭力
vi. 拉紧；尽力
n. （植物、动物的）品种；种类"
storms,n. 暴风雨( storm的名词复数 ); （因激动或兴奋而爆发出的）暴风雨般的声音; 强烈如暴（风）雨般的东西; （群情迸发的）浪潮
storm,"n. 暴风雨；大动荡
vt. 猛攻；怒骂
vi. 起风暴；横冲直撞；狂怒咆哮"
stiff,"adj. 呆板的；坚硬的；严厉的；拘谨的
adv. 僵硬地；彻底地
n. 死尸；令人讨厌者；流通票据；劳动者
vt. 诈骗；失信"
spray,"n. 喷雾；喷雾器；水沫
vt. 喷射
vi. 喷"
sort,"n. 种类；方式；品质
vt. 将…分类；将…排序；挑选出某物
vi. 分类；协调；交往"
shattered,"v. 打碎；削弱；使心烦意乱（shatter的过去分词）
adj. 破碎的；极度疲劳的"
shatter,"n. 碎片；乱七八糟的状态
vt. 粉碎；打碎；破坏；破掉；使散开
vi. 粉碎；损坏；落叶"
semiskilled,adj. 半熟练的
satisfy,"vi. 令人满意；令人满足
vt. 满足；说服，使相信；使满意，使高兴"
residence,n. 住宅，住处；居住
reptiles,n. 爬行动物（reptile的复数）； 爬行类；爬虫类
reptile,"n. 爬行动物；卑鄙的人
adj. 爬虫类的；卑鄙的"
regardless,"adj. 不管的；不顾的；不注意的
adv. 不顾后果地；不管怎样，无论如何；不惜费用地"
realization,n. 实现；领悟
purchase,"n. 购买；紧握；起重装置
vt. 购买；赢得
vi. 购买东西"
reverse,"n. 背面；相反；倒退；失败
adj. 反面的；颠倒的；反身的
vt. 颠倒；倒转
vi. 倒退；逆叫"
residential,adj. 住宅的；与居住有关的
prosperity,n. 繁荣，成功
probe,"n. 探针；调查
vi. 调查；探测
vt. 探查；用探针探测"
prevailing,"adj. 流行的；一般的，最普通的；占优势的；盛行很广的
v. 盛行，流行（prevail的现在分词形式）；获胜"
prevail,vi. 盛行，流行；战胜，获胜
manipulated,v. 操作（manipulate的过去分词）
manipulate,vt. 操纵；操作；巧妙地处理；篡改
magical,adj. 魔术的；有魔力的
lungs,n.  肺（lung的复数形式）
lung,n. 肺；呼吸器
limestone,n.  石灰岩
lesser,"adj. 较少的；次要的；更小的
adv. 较少地；更小地；不及"
infant,"n. 婴儿；幼儿；未成年人
adj. 婴儿的；幼稚的；初期的；未成年的"
incubation,n. 孵化； 潜伏；抱蛋
incorporated,"adj. 合并的；组成法人组织的
v. 合并；包含；组成公司（incorporate的过去分词）"
incorporate,"vt. 包含，吸收；体现；把……合并
adj. 合并的；一体化的；组成公司的
vi. 合并；混合；组成公司"
hostile,"n. 敌对
adj. 敌对的，敌方的；怀敌意的"
graphic,adj. 形象的；图表的；绘画似的
frost,"n. 霜；冰冻，严寒；冷淡
vi. 结霜；受冻
vt. 结霜于；冻坏"
flock,"n. 群；棉束（等于floc）
vi. 聚集；成群而行
vt. 用棉束填满"
fertilizer,n.  肥料；受精媒介物；促进发展者
facilities,n. 设施；工具，设备
facility,n. 设施；设备；容易；灵巧
fabric,n. 织物；布；组织；构造；建筑物
excessive,adj. 过多的，极度的；过分的
entrepreneurs,n. 企业家（entrepreneur的复数）
entrepreneur,n. 企业家；承包人；主办者
entertainment,n. 娱乐；消遣；款待
elevation,n. 高地；海拔；提高；崇高；正面图
elaborate,"adj. 精心制作的；详尽的；煞费苦心的
vi. 详细描述；变复杂
vt. 精心制作；详细阐述；从简单成分合成（复杂有机物）"
diameter,n. 直径
devised,v. 设计（devise的过去式和过去分词）；计划；发明
devise,"n. 遗赠
vt. 设计；想出；发明；图谋；遗赠给"
delivery,n.  交付；分娩；递送
dam,"n.  水坝；障碍
v. 控制；筑坝"
census,"n. 人口普查，人口调查
vt. 实施统计调查"
capillary,"n. 毛细管
adj. 毛细管的；毛状的"
astronomy,n. 天文学
advent,n. 到来；出现；基督降临；基督降临节
wilderness,n. 荒地；大量，茫茫一片
vital,adj. 至关重要的；生死攸关的；有活力的
tundra,n.  苔原； 冻原；冻土地带
therapy,n. 治疗，疗法
swamp,"vt. 使陷于沼泽；使沉没；使陷入困境
n. 沼泽；湿地
vi. 下沉；陷入沼泽；陷入困境；不知所措（过去式swamped，过去分词swamped，现在分词swamping，第三人称单数swamps，名词swampiness，形容词swampy）"
susceptible,"n. 易得病的人
adj. 易受影响的；易感动的；容许…的"
surplus,"n. 剩余； 顺差；盈余；过剩
adj. 剩余的；过剩的"
shallow,"n.  浅滩
adj. 浅的；肤浅的
vt. 使变浅
vi. 变浅"
sensitive,"adj. 敏感的；感觉的； 灵敏的；感光的；易受伤害的；易受影响的
n. 敏感的人；有灵异能力的人"
resilience,n. 恢复力；弹力；顺应力
relief,n. 救济；减轻，解除；安慰；浮雕
reindeer,n.  驯鹿
reef,"n. 暗礁； 矿脉；收帆
vt. 收帆；缩帆
vi. 缩帆；收帆"
reality,n. 现实；实际；真实
radically,adv. 根本上；彻底地；以激进的方式
propulsion,n. 推进；推进力
pride,"n. 自豪；骄傲；自尊心
vt. 使得意，以…自豪
vi. 自豪"
precise,adj. 精确的；明确的；严格的
postal,"n. 明信片
adj. 邮政的；邮局的"
polar,"n. 极面；极线
adj. 极地的；两极的；正好相反的"
platform,n. 平台；月台，站台；坛；讲台
paleontologist,n. 古生物学者
opponents,n. 对手（opponent的复数形式）
opponent,"n. 对手；反对者；敌手
adj. 对立的；敌对的"
mining,n. 矿业；采矿
mine,"n. 矿，矿藏；矿山，矿井；地雷，水雷
vt. 开采，采掘；在…布雷
vi. 开矿，采矿；埋设地雷
pron. 我的"
mathematical,adj. 数学的，数学上的；精确的
lunar,adj. 月亮的，月球的；阴历的；银的；微亮的
literary,adj. 文学的；书面的；精通文学的
leaf,"n. 叶子；（书籍等的）一张；扇页
vi. 生叶；翻书页
vt. 翻…的页，匆匆翻阅"
lava,n. 火山岩浆；火山所喷出的熔岩
laboratory,n. 实验室，研究室
intermediate,"n.  中间物；媒介
adj. 中间的，中级的
vi. 起媒介作用"
institute,"n. 学会，协会；学院
vt. 开始（调查）；制定；创立；提起（诉讼）"
inhibits,"抑制
阻止"
inhibit,vt. 抑制；禁止
imparted,"adj. 给予的，授予的
v. 通知( impart的过去式和过去分词 ); 透露; 传授; 告知"
impart,vt. 给予（尤指抽象事物），传授；告知，透露
harsh,adj. 严厉的；严酷的；刺耳的；粗糙的；刺目的
harm,"n. 伤害；损害
vt. 伤害；危害；损害"
guarantee,"n. 保证；担保；保证人；保证书；抵押品
vt. 保证；担保"
gratify,vt. 使满足；使满意，使高兴
maritime,adj. 海的；海事的；沿海的；海员的
integrate,"n. 一体化；集成体
adj. 整合的；完全的
vi. 求积分；取消隔离；成为一体
vt. 使…完整；使…成整体；求…的积分；表示…的总和"
incursion,n. 入侵；侵犯
feasible,adj. 可行的；可能的；可实行的
epoch,n.  世；新纪元；新时代；时间上的一点
supplant,vt. 代替；排挤掉
replenish,vt. 补充，再装满；把…装满；给…添加燃料
prone,adj. 俯卧的；有…倾向的，易于…的
prestige,n. 威望，声望；声誉
practitioner,n. 开业者，从业者，执业医生
ornate,adj. 华丽的；装饰的；（文体）绚丽的
navigable,adj. 可航行的；可驾驶的；适于航行的
lumber,"vi. 伐木；喧闹地向前走；笨重地行动，缓慢地移动
vt. 砍伐木材；乱堆
n. 木材；废物，无用的杂物；隆隆声"
lament,"n. 挽歌；恸哭；悲痛之情
vi. 哀悼；悲叹；悔恨
vt. 哀悼；痛惜"
fusion,n. 融合；熔化；熔接；融合物； 核聚变
ethnic,adj. 种族的；人种的
dynamic,"n. 动态；动力
adj. 动态的；动力的；动力学的；有活力的"
devoid,adj. 缺乏的；全无的
concerted,adj. 协调的；协定的；商议定的
adept,"n. 内行；能手
adj. 熟练的；擅长…的"
turbulence,n. 骚乱，动荡； 湍流；狂暴
terminology,n. 术语，术语学；用辞
frustrations,n. 挫折
frustration,n. 挫折
expedition,n. 远征；探险队；迅速
exert,vt. 运用，发挥；施以影响
exactly,adv. 恰好地；正是；精确地；正确地
enzymes,n.  酶（enzyme的复数）；酶类，酵素
enzyme,n.  酶
eager,adj. 渴望的；热切的；热心的
dive,"n. 潜水；跳水；俯冲；扑
vi. 潜水；跳水；俯冲；急剧下降"
density,n. 密度
costume,"n. 服装，装束；戏装，剧装
vt. 给…穿上服装"
conservation,n. 保存，保持；保护
congress,n. 国会；代表大会；会议；社交
concur,vi. 同意；一致；互助
compact,"n. 合同，契约；小粉盒
adj. 紧凑的，紧密的；简洁的
vt. 使简洁；使紧密结合"
colleagues,n. 同事；同行（colleague的复数）
colleague,n. 同事，同僚
circular,"n. 通知，传单
adj. 循环的；圆形的；间接的"
chief,"n. 首领；酋长；主要部分
adj. 首席的；主要的；主任的
adv. 主要地；首要地"
centimeter,n.  厘米； 公分
burst,"n. 爆发，突发；爆炸
vt. 爆发，突发；爆炸
vi. 爆发，突发；爆炸"
brush,"n. 刷子；画笔；毛笔；争吵；与某人有效冲突；灌木丛地带；矮树丛；狐狸尾巴
vi. 刷；擦过；掠过；（经过时）轻触
vt. 刷；画；"
bay,"n. 海湾；狗吠声
vt. 向…吠叫
vi. 吠叫；大声叫嚷"
attributes,"n. 属性（attribute的复数）
v. 认为…属于；把…归咎于；确定…产生的时间（attribute的第三人称单数）"
attribute,"n. 属性；特质
vt. 归属；把…归于"
artificial,adj. 人造的；仿造的；虚伪的；非原产地的；武断的
amusement,n. 消遣，娱乐；乐趣
advocates,"n. 拥护者；提倡者（advocate的复数）；代讼人
vt. 主张（advocate的第三人称单数）；提倡"
advocate,"n. 提倡者；支持者；律师
vt. 提倡，主张，拥护"
adverse,adj. 不利的；相反的；敌对的（名词adverseness，副词adversely）
administration,n. 管理；行政；实施；行政机构
acres,n. 英亩（acre的复数）
acre,n. 土地，地产；英亩
wolf,"n. 狼；色狼；残忍贪婪之人
vt. 大吃；狼吞虎咽地吃"
welfare,"n. 福利；幸福；福利事业；安宁
adj. 福利的；接受社会救济的"
vertical,"n. 垂直线，垂直面
adj. 垂直的，直立的； 头顶的，顶点的"
velocity,n. 速度
utilize,vt. 利用
twist,"n. 扭曲；拧；扭伤
vt. 捻；拧；扭伤；编织；使苦恼
vi. 扭动；弯曲"
ultraviolet,"adj. 紫外的；紫外线的
n. 紫外线辐射，紫外光"
trillion,"num.  万亿
n.  万亿
adj. 万亿的"
toxic,adj. 有毒的；中毒的
tourism,n. 旅游业；游览
tornado,n.  龙卷风；旋风；暴风；大雷雨
tale,n. 故事；传说；叙述；流言蜚语
subtle,adj. 微妙的；精细的；敏感的；狡猾的；稀薄的
dictate,"n. 命令；指示
vt. 命令；口述；使听写
vi. 口述；听写"
staple,"n. 主要产品；订书钉；主题；主食
adj. 主要的，大宗生产的；常用的；纺织纤维的
vt. 把…分级；钉住"
secret,"n. 秘密；秘诀；机密
adj. 秘密的；机密的"
sacrifice,"n. 牺牲；祭品；供奉
vt. 牺牲；献祭；亏本出售
vi. 献祭；奉献"
rewards,"n.  奖励；奖品（reward的复数）
v.  奖赏；酬谢；报答（reward的单三形式）"
reward,"n.  报酬；报答；酬谢
vt.  奖励；奖赏"
review,"n. 回顾；复习；评论；检讨；检阅
vt. 回顾；检查；复审
vi. 回顾；复习功课；写评论"
relics,n. 遗迹；遗骸；纪念物（relic的复数）
relic,n. 遗迹，遗物；废墟；纪念物
reliable,"n. 可靠的人
adj. 可靠的；可信赖的"
query,"n. 疑问，质问；疑问号 ； 查询
vi. 询问；表示怀疑
vt. 询问；对……表示疑问"
punishment,n. 惩罚；严厉对待，虐待
proof,"n. 证明；证据；校样；考验；验证；试验
adj. 防…的；不能透入的；证明用的；耐…的
vt. 试验；校对；使不被穿透"
prominent,adj. 突出的，显著的；杰出的；卓越的
procedure,n. 程序，手续；步骤
prevalent,adj. 流行的；普遍的，广传的
predominantly,adv. 主要地；显著地
phenomenon,n. 现象；奇迹；杰出的人才
perception,n. 知觉； 感觉；看法；洞察力；获取
notation,n. 符号；乐谱；注释；记号法
motivate,vt. 刺激；使有动机；激发…的积极性
merely,adv. 仅仅，只不过；只是
marvel,"n. 奇迹
vt. 对…感到惊异
vi. 感到惊讶"
manifest,"vt. 证明，表明；显示
vi. 显示，出现
n. 载货单，货单；旅客名单
adj. 显然的，明显的；明白的"
magma,n.  岩浆；糊剂
luxury,"n. 奢侈，奢华；奢侈品；享受
adj. 奢侈的"
leather,"n. 皮革；皮革制品
vt. 用皮革包盖；抽打
adj. 皮的；皮革制的"
latent,adj. 潜在的；潜伏的；隐藏的
intricate,adj. 复杂的；错综的，缠结的
intend,"vi. 有打算
vt. 打算；想要；意指"
integral,"n. 积分；部分；完整
adj. 积分的；完整的，整体的；构成整体所必须的"
instruction,n. 指令，命令；指示；教导；用法说明
initiate,"n. 开始；新加入者，接受初步知识者
vt. 开始，创始；发起；使初步了解
adj. 新加入的；接受初步知识的"
imagine,"vi. 想像；猜想；想像起来
vt. 想像；猜想；臆断"
illumination,n. 照明； 照度；启发；灯饰（需用复数）；阐明
hollow,"n. 洞；山谷；窟窿
adj. 空的；中空的，空腹的；凹的；虚伪的
vt. 使成为空洞
adv. 彻底地；无用地
vi. 形成空洞"
greedy,adj. 贪婪的；贪吃的；渴望的
gravel,"n. 碎石；砂砾
vt. 用碎石铺；使船搁浅在沙滩上；使困惑"
fantasy,"n. 幻想；白日梦；幻觉
adj. 虚幻的
vt. 空想；想像
vi. 耽于幻想；奏幻想曲（等于phantasy）"
exterior,"n. 外部；表面；外型；外貌
adj. 外部的；表面的；外在的"
expert,"n. 专家；行家；能手
adj. 熟练的；内行的；老练的
vt. 当专家；在…中当行家"
eruption,n. 爆发，喷发；火山灰；出疹
elliptical,adj. 椭圆的；省略的
domesticated,"adj. 家养的；驯服的；喜欢家庭生活的
v. 驯养（domesticate的过去分词）；使习惯于家庭生活"
domesticate,"vt. 驯养；教化；引进
vi. 驯养；使习惯于或喜爱家务和家庭生活"
disturb,"vt. 打扰；妨碍；使不安；弄乱；使恼怒
vi. 打扰；妨碍"
distort,"vt. 扭曲；使失真；曲解
vi. 扭曲；变形"
disgust,"n. 厌恶，嫌恶
vt. 使厌恶；使作呕"
depletion,n. 消耗；损耗；放血
criterion,n. （批评判断的）标准；准则；规范；准据
context,n. 环境；上下文；来龙去脉
compression,n. 压缩，浓缩；压榨，压迫
closet,"n. 壁橱；议事室，密室；小房间
adj. 秘密的，私下的；空谈的
vt. 把…关在私室中"
career,"n. 生涯；职业；事业；速度，全速
adj. 作为毕生职业的
vi. 全速前进，猛冲"
calculate,"vt. 计算；预测；认为；打算
vi. 计算；以为；作打算"
bureau,n. 局，处；衣柜；办公桌
bombard,"n. 射石炮
vt. 轰炸；炮击"
backbone,n. 支柱；主干网；决心，毅力；脊椎
discern,"vt. 识别；领悟，认识
vi. 看清楚，辨别"
automatically,"adj. 不经思索的
adv. 自动地；机械地；无意识地"
attentive,adj. 留意的，注意的
attached,"v. 附上（attach的过去分词）
adj. 附加的；依恋的，充满爱心的"
attach,"vi. 附加；附属；伴随
vt. 使依附；贴上；系上；使依恋"
aristocrats,n. 贵族( aristocrat的名词复数 )
aristocrat,n. 贵族
curious,adj. 好奇的，有求知欲的；古怪的；爱挑剔的
alpine,adj. 阿尔卑斯山的，高山的
advertisement,n. 广告，宣传
admire,"vt. 钦佩；赞美
vi. 钦佩；称赞"
workshop,n. 车间；研讨会；工场；讲习班
vulnerable,adj. 易受攻击的，易受…的攻击；易受伤害的；有弱点的
violent,adj. 暴力的；猛烈的
tribal,adj. 部落的；种族的
trample,"n. 蹂躏；践踏声
vi. 践踏；蔑视，伤害；脚步沉重地走
vt. 践踏；蔑视，伤害"
thread,"n. 线；螺纹；思路；衣服；线状物；玻璃纤维；路线
vt. 穿过；穿线于；使交织
vi. 通过；穿透过"
tendency,n. 倾向，趋势；癖好
telescope,"n. 望远镜；缩叠式旅行袋
vi. 套叠；变短
vt. 压缩；使套叠"
target,"n. 目标；靶子
vt. 把……作为目标；规定……的指标；瞄准某物"
tactic,"n. 策略，战略
adj. 按顺序的，依次排列的"
synthetic,"n. 合成物
adj. 综合的；合成的，人造的"
substitute,"n. 代用品；代替者
vi. 替代
vt. 代替"
stimulus,n. 刺激；激励；刺激物
steadily,adv. 稳定地；稳固地；有规则地
solo,"n. 独奏；独唱；独奏曲
adj. 独奏的；独唱的；单独的
vt. 单人攀登；单独驾
vi. 单独表演；放单飞
adv. 单独地"
solitary,"n. 独居者；隐士
adj. 孤独的；独居的"
slip,"n. 滑，滑倒；片，纸片；错误；下跌；事故
abbr. 串行线路接口协议，是旧式的协议（Serial Line Interface Protocol）
adj. 滑动的；有活结的；活络的
vt. 使滑动；滑过；摆脱；塞入；闪开
vi. 滑动；滑倒；犯错；失足；减退"
silica,n. 二氧化硅； 硅土
silent,"n. 无声电影
adj. 沉默的；寂静的；无记载的"
separation,n. 分离，分开；间隔，距离； 分居；缺口
seldom,adv. 很少，不常
satiric,adj. 讽刺的；挖苦的
resolve,"n. 坚决；决定要做的事
vt. 决定；溶解；使…分解；决心要做…
vi. 解决；决心；分解"
refused,"v. 拒绝（refuse的过去式和过去分词）
adj. 遭拒绝的"
refuse,"n. 垃圾；废物
vi. 拒绝
vt. 拒绝；不愿；抵制"
ranchers,n. 大农场主( rancher的名词复数 )
rancher,n. 大农场经营者；大农场工人
pump,"n. 泵，抽水机；打气筒
vt. 打气；用抽水机抽…
vi. 抽水"
protein,"n. 蛋白质；朊
adj. 蛋白质的"
proponent,n. 支持者；建议者；提出认证遗嘱者
pronounced,"v. 发音；宣告；断言（pronounce的过去分词）
adj. 显著的；断然的；讲出来的"
pronounce,"vt. 发音；宣判；断言
vi. 发音；作出判断"
promise,"n. 许诺，允诺；希望
vt. 允诺，许诺；给人以…的指望或希望
vi. 许诺；有指望，有前途"
prolific,adj. 多产的；丰富的
profound,adj. 深厚的；意义深远的；渊博的
prime,"n. 初期；青年；精华；全盛时期
adj. 主要的；最好的；基本的
vt. 使准备好；填装
vi. 作准备
adv. 极好地"
precipitation,n.  沉淀， 沉淀物；降水；冰雹；坠落；鲁莽
precious,adj. 宝贵的；珍贵的；矫揉造作的
prairie,n. 大草原；牧场
pond,"n. 池塘
vt. 筑成池塘
vi. 筑成池塘"
phonograph,"n. 留声机； 电唱机
vt. 用留声机灌音；用留声机放音"
penetrate,"vi. 渗透；刺入；看透
vt. 渗透；穿透；洞察"
oxide,n.  氧化物
ornament,"n. 装饰； 装饰物；教堂用品
vt. 装饰，修饰"
obstacle,n. 障碍，干扰；妨害物
neutral,"adj. 中立的，中性的；中立国的；非彩色的
n. 中立国；中立者；非彩色；齿轮的空档"
mysterious,adj. 神秘的；不可思议的；难解的
military,"adj. 军事的；军人的；适于战争的
n. 军队；军人"
metropolitan,"adj. 大都市的；大主教辖区的；宗主国的
n. 大城市人；大主教；宗主国的公民"
meteoric,adj. 大气的；流星的；疾速的
marble,"n. 大理石；大理石制品；弹珠
adj. 大理石的；冷酷无情的"
linen,"n. 亚麻布，亚麻线；亚麻制品
adj. 亚麻的；亚麻布制的"
leisure,"n. 闲暇；空闲；安逸
adj. 空闲的；有闲的；业余的"
laser,n. 激光
kettle,n. 壶； 釜；罐；鼓
instinctive,adj. 本能的；直觉的；天生的
incubate,"n. 孵育物
vt. 孵化；培养；温育；逐渐发展
vi. 孵化；酝酿"
imposed,"v. 欺骗（impose的过去分词）；把…强加于
adj. 强加的；施加的；应用的"
impose,"vt. 强加；征税；以…欺骗
vi. 利用；欺骗；施加影响"
fund,"n. 基金；资金；存款
vt. 投资；资助"
frighten,"vt. 使惊吓；吓唬…
vi. 害怕，惊恐"
fold,"n. 折痕；信徒；羊栏
vt. 折叠；合拢；抱住；笼罩
vi. 折叠起来；彻底失败"
flour,"n. 面粉；粉状物质
vt. 撒粉于；把…磨成粉"
fingerboard,n. 弦乐器指板；键盘
erect,"vt. 使竖立；建造；安装
adj. 竖立的；笔直的；因性刺激而勃起的
vi. 直立；勃起"
equivalent,"n. 等价物，相等物
adj. 等价的，相等的；同意义的"
devote,vt. 致力于；奉献
denser,adj. 密集的；浓厚的（dense的比较级）
dense,adj. 稠密的；浓厚的；愚钝的
deliberate,"adj. 故意的；深思熟虑的；从容的
vt. 仔细考虑；商议"
deficiency,n. 缺陷，缺点；缺乏；不足的数额
defend,"vi. 保卫；防守
vt. 辩护；防护"
coral,"n. 珊瑚；珊瑚虫
adj. 珊瑚的；珊瑚色的"
controversial,adj. 有争议的；有争论的
collision,n. 碰撞；冲突；（意见，看法）的抵触；（政党等的）倾轧
cluster,"n. 群；簇；丛；串
vt. 使聚集；聚集在某人的周围
vi. 群聚；丛生"
cargo,n. 货物，船货
capture,"n. 捕获；战利品，俘虏
vt. 俘获；夺得；捕捉，拍摄,录制"
calendar,"n. 日历； 历法；日程表
vt. 将…列入表中；将…排入日程表"
battle,"n. 战役；斗争
vt. 与…作战
vi. 斗争；作战"
assert,vt. 维护，坚持；断言；主张；声称
antibiotic,"n. 抗生素，抗菌素
adj. 抗生的；抗菌的"
abstract,"n. 摘要；抽象；抽象的概念
adj. 抽象的；深奥的
vt. 摘要；提取；使……抽象化；转移(注意力、兴趣等)；使心不在焉
vi. 做摘要；写梗概"
tremendous,adj. 极大的，巨大的；惊人的；极好的
translucent,adj. 透明的；半透明的
thoroughly,adv. 彻底地，完全地
temporary,"n. 临时工，临时雇员
adj. 暂时的，临时的"
systematic,adj. 系统的；体系的；有系统的； 分类的；一贯的，惯常的
surpass,vt. 超越；胜过，优于；非…所能办到或理解
sulfur,"n. 硫磺；硫磺色
vt. 用硫磺处理"
statistic,"n. 统计数值
adj. 统计的，统计学的"
sponsor,"n. 赞助者；主办者；保证人
vt. 赞助；发起"
spectacular,adj. 壮观的，惊人的；公开展示的
span,"n. 跨度，跨距；范围
vt. 跨越；持续；以手指测量"
senate,n. 参议院，上院；（古罗马的）元老院
rhythm,n. 节奏；韵律
reasonable,adj. 合理的，公道的；通情达理的
realm,n. 领域，范围；王国
pipeline,n. 管道；输油管；传递途径
pebble,"n. 卵石；水晶透镜
vt. 用卵石铺"
patch,"n. 眼罩；斑点；碎片；小块土地
vi. 打补丁
vt. 修补；解决；掩饰"
parallel,"n. 平行线；对比
adj. 平行的；类似的，相同的
vt. 使…与…平行"
orbit,"n. 轨道；眼眶；势力范围；生活常规
vi. 盘旋；绕轨道运行
vt. 绕…轨道而行"
mature,"adj. 成熟的；充分考虑的；到期的；成年人的
vi. 成熟；到期
vt. 使…成熟；使…长成；慎重作出"
interfere,"vi. 干涉；妨碍；打扰
vt. 冲突；介入"
intelligent,adj. 智能的；聪明的；理解力强的
intact,adj. 完整的；原封不动的；未受损伤的
inclination,n. 倾向，爱好；斜坡
incentive,"n. 动机；刺激
adj. 激励的；刺激的"
frozen,"v. 结冰（freeze的过去分词）；凝固；变得刻板
adj. 冻结的；冷酷的"
enthusiasm,n. 热心，热忱，热情
deterioration,n. 恶化；退化；堕落
compensation,n. 补偿；报酬；赔偿金
cohesion,n. 凝聚；结合； 内聚力
arbitrary,adj.  任意的；武断的；专制的
vivid,adj. 生动的；鲜明的；鲜艳的
temper,"n. 脾气；（钢等）回火；性情；倾向
vt. 使回火；锻炼；调和；使缓和
vi. 回火；调和"
starvation,n. 饿死；挨饿；绝食
sphere,"n. 范围；球体
adj. 球体的
vt. 包围；放入球内；使…成球形"
slender,adj. 细长的；苗条的；微薄的
rudimentary,adj. 基本的；初步的；退化的；残遗的；未发展的
romanticism,n. 浪漫主义；浪漫精神
radiation,n. 辐射；发光；放射物
pamphlet,n. 小册子
ownership,n. 所有权；物主身份
numerical,adj. 数值的；数字的；用数字表示的（等于numeric）
metabolism,n.  新陈代谢
locomotion,n. 运动；移动；旅行
journalism,n. 新闻业，新闻工作；报章杂志
implication,n. 含义；暗示；牵连，卷入；可能的结果，影响
hazard,"n. 危险，冒险；冒险的事
vt. 赌运气；冒…的危险，使遭受危险"
harmony,n. 协调；和睦；融洽；调和
gear,"n. 齿轮；装置，工具；传动装置
adj. 好极了
vt. 开动；搭上齿轮；使……适合；使……准备好
vi. 适合；搭上齿轮；开始工作"
gigantic,adj. 巨大的，庞大的
formula,n.  公式，准则；配方；婴儿食品
flake,"n. 小薄片；火花
vt. 使…成薄片；将…剥落
vi. 剥落；成片状剥落"
expenditure,n. 支出，花费；经费，消费额
essence,n. 本质，实质；精华；香精
disrupt,"vt. 破坏；使瓦解；使分裂；使中断；使陷于混乱
adj. 分裂的，中断的；分散的"
designate,"vt. 指定；指派；标出；把…定名为
adj. 指定的；选定的"
deforest,vt. 采伐森林；清除…上的树林
crevice,n. 裂缝；裂隙
church,"n. 教堂；礼拜；教派
adj. 教会的；礼拜的
vt. 领…到教堂接受宗教仪式"
chlorophyll,n.  叶绿素
amplification,n.  放大（率）；扩大；详述
yield,"n. 产量；收益
vt. 屈服；出产，产生；放弃
vi. 屈服，投降"
vigorous,adj. 有力的；精力充沛的
vacancy,n. 空缺；空位；空白；空虚
translate,"vt. 翻译；转化；解释；转变为；调动
vi. 翻译"
supervise,"vt. 监督，管理；指导
vi. 监督，管理；指导"
strategy,n. 战略，策略
skeptical,adj. 怀疑的；怀疑论的，不可知论的
reputation,n. 名声，名誉；声望
refine,vt. 精炼，提纯；改善；使…文雅
pursuit,n. 追赶，追求；职业，工作
prose,"n. 散文；单调
adj. 散文的；平凡的；乏味的
vt. 把…写成散文
vi. 写散文；乏味地讲话"
plug,"n. 插头；塞子；栓
vt. 插入；塞住；接插头
vi. 塞住；用插头将与电源接通"
perceive,"vt. 察觉，感觉；理解；认知
vi. 感到，感知；认识到"
parasitic,adj. 寄生的（等于parasitical）
panic,"n. 恐慌，惊慌；大恐慌
adj. 恐慌的；没有理由的
vt. 使恐慌
vi. 十分惊慌"
myriad,"adj. 无数的；种种的
n. 无数，极大数量；无数的人或物"
monopoly,n. 垄断；垄断者；专卖权
linguistic,adj. 语言的；语言学的
intimate,"n. 知己；至交
adj. 亲密的；私人的；精通的；有性关系的
vt. 暗示；通知；宣布"
inherit,"vt. 继承；遗传而得
vi. 成为继承人"
conspicuous,adj. 显著的；显而易见的
hormone,n.  激素，荷尔蒙
generous,adj. 慷慨的，大方的；宽宏大量的；有雅量的
fraction,n. 分数；部分；小部分；稍微
foliage,n. 植物；叶子（总称）
fascinating,"adj. 迷人的；吸引人的；使人神魂颠倒的
v. 使…着迷；使…陶醉（fascinate的ing形式）"
fade,"n.  淡出； 淡入
adj. 平淡的；乏味的
vi. 褪色；凋谢；逐渐消失
vt. 使褪色"
efficiency,n. 效率；效能；功效
disguise,"n. 伪装；假装；用作伪装的东西
vt. 掩饰；假装；隐瞒"
diffuse,"vt. 扩散；传播；漫射
adj. 弥漫的；散开的
vi. 传播；四散"
deprive,vt. 使丧失，剥夺
crowd,"n. 群众,一伙;一堆,许多,大众
v. 拥挤,挤满,挤进
vt. 挤满,将...塞进;催促,催逼
vi. 挤,拥挤,聚集"
contradictory,"n. 对立物；矛盾因素
adj. 矛盾的；反对的；反驳的；抗辩的"
condense,"vt. 使浓缩；使压缩
vi. 浓缩；凝结"
clarify,"vt. 澄清；阐明
vi. 得到澄清；变得明晰；得到净化"
canvas,"n. 帆布
adj. 帆布制的
vt. 用帆布覆盖，用帆布装备"
bond,"n. 债券；结合；约定；粘合剂；纽带
vt. 使结合；以…作保
vi. 结合，团结在一起"
astounding,adj. 令人震惊的；令人惊骇的
anticipate,vt. 预期，期望；占先，抢先；提前使用
algae,n.  藻类； 海藻
aggravating,"v. 使恶化；激怒（aggravate的ing形式）
adj. 加重的；令人恼怒的"
ascending,"adj. 上升的
v. 上升；获得（ascend的ing形式）；追溯"
breed,"n.  品种；种类，类型
vt. 繁殖；饲养；养育，教育；引起
vi. 繁殖；饲养；产生"
cellulose,n. 纤维素；（植物的）细胞膜质
cavity,n. 腔；洞，凹处
compromise,"n. 妥协，和解；折衷
vt. 妥协；危害
vi. 妥协；让步"
credit,"n. 信用，信誉； 贷款；学分；信任；声望
vt. 相信，信任；把…归给，归功于；赞颂"
debate,"n. 辩论；辩论会
vt. 辩论，争论，讨论
vi. 辩论，争论，讨论"
detachment,n. 分离，拆开；超然；分遣；分遣队
discard,"n. 抛弃；被丢弃的东西或人
vt. 抛弃；放弃；丢弃
vi. 放弃"
durability,n. 耐久性；坚固；耐用年限
endure,"vt. 忍耐；容忍
vi. 忍耐；持续"
episode,n. 插曲；一段情节；插话；有趣的事件
evaluate,"vt. 评价；估价；求…的值
vi. 评价；估价"
fatal,adj. 致命的；重大的；毁灭性的；命中注定的
forbidden,adj. 被禁止的；严禁的，禁用的
optimal,adj. 最佳的；最理想的
notion,n. 概念；见解；打算
mule,n. 骡；倔强之人，顽固的人；杂交种动物
monument,"n. 纪念碑；历史遗迹；不朽的作品
vt. 为…树碑"
limb,"n. 肢，臂；分支；枝干
vt. 切断…的手足；从…上截下树枝"
laden,"adj. 负载的；装满的；苦恼的
vt. 装载（等于lade）
vi. 装载（等于lade）
v. 装载（lade的过去分词）"
invasion,n. 入侵，侵略；侵袭；侵犯
interstellar,adj.  星际的
intercity,adj. 城市间的
hemisphere,n. 半球
hawk,"n. 鹰；鹰派成员；掠夺他人的人
vi. 清嗓；咳嗽；像鹰一般地袭击
vt. 兜售，沿街叫卖；捕捉；咳出"
glow,"n. 灼热；色彩鲜艳；兴高采烈
vi. 发热；洋溢；绚丽夺目"
genetically,adv. 从遗传学角度；从基因方面
fungal,adj. 真菌的（等于fungous）
foul,"n. 犯规；缠绕
adj. 犯规的；邪恶的；污秽的；淤塞的
vt. 犯规；弄脏；淤塞；缠住，妨害
adv. 违反规则地，不正当地
vi. 犯规；腐烂；缠结"
endless,adj. 无止境的；连续的；环状的；漫无目的的
dull,"adj. 钝的；迟钝的；无趣的；呆滞的；阴暗的
vt. 使迟钝；使阴暗；缓和
vi. 减少；变迟钝"
drastically,adv. 彻底地；激烈地
cement,"n. 水泥；接合剂
vt. 巩固，加强；用水泥涂；接合
vi. 粘牢"
upcoming,adj. 即将来临的
transparent,adj. 透明的；显然的；坦率的；易懂的
tolerate,vt. 忍受；默许；宽恕
thoughtful,adj. 深思的；体贴的；关切的
supersonic,"n. 超音速；超声波
adj. 超音速的；超声波的"
summit,"n. 顶点；最高级会议；最高阶层
adj. 最高级的；政府首脑的"
sulfate,"n.  硫酸盐
vt. 使成硫酸盐；用硫酸处理；使在上形成硫酸铅沉淀
vi. 硫酸盐化"
stoneware,n. 瓷器；石器
stalk,"n. （植物的）茎，秆；（支持叶子、果实和花的）梗，柄；追踪；高视阔步
vt. 追踪，潜近；高视阔步
vi. 高视阔步地走；潜近，偷偷接近"
solemn,adj. 庄严的，严肃的；隆重的，郑重的
sketch,"n. 素描；略图；梗概
vt. 画素描或速写
vi. 画素描或速写"
shortage,n. 缺乏，缺少；不足
seemingly,adv. 看来似乎；表面上看来
sedentary,adj. 久坐的；坐惯的；定栖的；静坐的
scurry,"vi. 急赶；急跑
n. 急跑；短距离赛跑（或赛马）
vt. 急赶"
rotate,"vt. 使旋转；使转动；使轮流
adj.  辐状的
vi. 旋转；循环"
mate,"n. 助手，大副；配偶；同事；配对物
vt. 使配对；使一致；结伴
vi. 交配；成配偶；紧密配合"
jaw,"n. 颌；下巴；狭窄入口；唠叨
vt. 教训；对…唠叨
vi. 教训；唠叨"
invade,"vt. 侵略；侵袭；侵扰；涌入
vi. 侵略；侵入；侵袭；侵犯"
inferior,"n. 下级；次品
adj. 差的；自卑的；下级的，下等的"
indispensable,"n. 不可缺少之物；必不可少的人
adj. 不可缺少的；绝对必要的；责无旁贷的"
incidental,"n. 附带事件；偶然事件；杂项
adj. 附带的；偶然的；容易发生的"
immense,adj. 巨大的，广大的；无边无际的；非常好的
envision,vt. 想象；预想
envelop,"n. 信封；包裹
vt. 包围；包封；遮盖"
enrich,vt. 使充实；使肥沃；使富足
endanger,vt. 危及；使遭到危险
ember,n. 灰烬，余烬
dedicate,vt. 致力；献身；题献
deception,n. 欺骗，欺诈；骗术
crown,"n. 王冠；花冠；王权；顶点
vt. 加冕；居…之顶；表彰；使圆满完成"
creator,
cramp,"n. 痉挛，绞痛； 铁夹钳
adj. 狭窄的；难解的；受限制的
vt. 束缚，限制；使…抽筋；以铁箍扣紧"
coverage,n. 覆盖，覆盖范围；新闻报道
transmission,n. 传动装置， 变速器；传递；传送；播送
magnify,"vt. 放大；赞美；夸大
vi. 放大；有放大能力"
synthesize,"vt. 合成；综合
vi. 合成；综合"
sympathy,n. 同情；慰问；赞同
suspect,"n. 嫌疑犯
adj. 可疑的；不可信的
vi. 怀疑；猜想
vt. 怀疑；猜想"
stationary,"n. 不动的人；驻军
adj. 固定的；静止的；定居的；常备军的"
startling,adj. 令人吃惊的
stagnant,adj. 停滞的；不景气的；污浊的；迟钝的
spark,"n. 火花；朝气；闪光
vt. 发动；鼓舞；求婚
vi. 闪烁；发火花；求婚"
soften,"vt. 使温和；使缓和；使变柔软
vi. 减轻；变柔和；变柔软"
sodium,n.  钠（11号元素，符号 Na）
sociologist,n. 社会学家
soak,"n. 浸；湿透；大雨
vi. 浸泡；渗透
vt. 吸收，吸入；沉浸在（工作或学习中）；使……上下湿透"
snap,"n. 猛咬；劈啪声；突然折断
adj. 突然的
vt. 突然折断，拉断；猛咬；啪地关上
vi. 咬；厉声说；咯嗒一声关上"
smoky,adj. 冒烟的；烟熏味的；熏着的；呛人的；烟状的
slush,"n. 烂泥；污水；水泥砂浆；胡说八道
vt. 溅湿；给…灌砂浆；给…上润滑油
vi. 溅泼；在融雪中走"
slice,"n. 薄片；部分；菜刀，火铲
vt. 切下；把…分成部分；将…切成薄片
vi. 切开；割破"
slate,"n. 板岩；石板；蓝色；石片
adj. 板岩的；石板色的
vt. 铺石板；严厉批评某人；计划"
skyscraper,n. 摩天楼，超高层大楼；特别高的东西
situate,"adj. 位于…的
vt. 使位于；使处于"
silicon,n.  硅；硅元素
overlap,"n. 重叠；重复
vi. 部分重叠；部分的同时发生
vt. 与…重叠；与…同时发生"
orderly,"adj. 有秩序的；整齐的；值班的
n. 勤务兵；传令兵；护理员
adv. 顺序地；依次地"
optical,adj. 光学的；眼睛的，视觉的
onward,"adj. 向前的；前进的
adv. 向前；在前面"
offspring,n. 后代，子孙；产物
lizard,n. 蜥蜴；类蜥蜴爬行动物
linear,adj. 线的，线型的；直线的，线状的；长度的
liberty,n. 自由；许可；冒失
landform,n.  地形
intellectual,"n. 知识分子；凭理智做事者
adj. 智力的；聪明的；理智的"
integrity,n. 完整；正直；诚实；廉正
instantly,"conj. 一…就…
adv. 立即地；马上地；即刻地"
inspection,n. 视察，检查
injure,vt. 伤害，损害
genuine,adj. 真实的，真正的；诚恳的
gender,"n. 性；性别；性交
vt. 生（过去式gendered，过去分词gendered，现在分词gendering，第三人称单数genders，形容词genderless）"
frown,"n. 皱眉，蹙额
vt. 皱眉，蹙额
vi. 皱眉；不同意"
friendliness,n. 友谊；亲切；亲密
friction,n. 摩擦， 摩擦力
freeze,"n. 冻结；凝固
vt. 使…冻住；使…结冰
vi. 冻结；冷冻；僵硬"
fracture,"n. 破裂，断裂； 骨折
vt. 使破裂
vi. 破裂；折断"
dwarf,"n. 侏儒，矮子
adj. 矮小的
vi. 变矮小
vt. 使矮小"
dormancy,n.  休眠，冬眠； 蛰伏
dolphin,n. 海豚
aircraft,n. 飞机，航空器
bind,"n. 捆绑；困境；讨厌的事情；植物的藤蔓
vt. 绑；约束；装订；包扎；凝固
vi. 结合；装订；有约束力；过紧"
patchy,adj. 不调和的；拼凑成的；有补丁的
pale,"n. 前哨；栅栏；范围
adj. 苍白的；无力的；暗淡的
vt. 使失色；使变苍白；用栅栏围
vi. 失色；变苍白；变得暗淡"
palace,n. 宫殿；宅邸；豪华住宅
ore,n. 矿；矿石
mound,"n. 堆；高地；坟堆；护堤
vt. 堆起；筑堤
vi. 积成堆"
monumental,adj. 不朽的；纪念碑的；非常的
mold,"vt. 塑造；使发霉；用模子制作
vi. 发霉
n. 霉菌；模子"
mobility,n. 移动性；机动性； 迁移率
millennia,n. 千年期（millennium的复数）；一千年；千年庆典；太平盛世
insulation,n. 绝缘；隔离，孤立
inscribe,vt. 题写；题献；铭记；雕
income,n. 收入，收益；所得
formidable,adj. 强大的；可怕的；令人敬畏的；艰难的
exclusively,adv. 唯一地；专有地；排外地
exchange,"n. 交换；交流；交易所；兑换
vt. 交换；交易；兑换
vi. 交换；交易；兑换"
ethology,n. 动物行动学；道德体系学；个体生态学
enthusiastic,adj. 热情的；热心的；狂热的
dozen,"n. 十二个，一打
adj. 一打的"
disseminate,"vt. 宣传，传播；散布
vi. 散布；广为传播"
diminish,"vt. 使减少；使变小
vi. 减少，缩小；变小"
descendant,"n. 后裔；子孙
adj. 下降的；祖传的"
crab,"n. 螃蟹；蟹肉；脾气乖戾的人；起重机
vt. 抱怨；破坏；使偏航
vi. 捕蟹；发牢骚；抱怨"
council,n. 委员会；会议；理事会；地方议会；顾问班子
convince,vt. 说服；使确信，使信服
convenient,adj. 方便的；适当的；近便的；实用的
convenience,n. 便利；厕所；便利的事物
contraction,n. 收缩，紧缩；缩写式；害病
complain,"vi. 投诉；发牢骚；诉说
vt. 抱怨；控诉"
compensate,"vt. 补偿，赔偿；付报酬
vi. 补偿，赔偿；抵消"
commonplace,"n. 老生常谈；司空见惯的事；普通的东西
adj. 平凡的；陈腐的"
commodity,n. 商品，货物；日用品
combustible,"n. 可燃物；易燃物
adj. 易燃的；易激动的；燃烧性的"
combustion,n. 燃烧，氧化；骚动
cohesive,adj. 凝聚的；有结合力的；紧密结合的；有粘着力的
centralize,"vt. 使集中；使成为…的中心；使集权
vi. 集中；实行中央集权"
bud,"n. 芽，萌芽；蓓蕾
vt. 使发芽
vi. 发芽，萌芽"
broadside,"n. 舷侧；较宽的一面
adv. 侧面地；胡乱地
vt. 言语攻击"
brilliance,n. 光辉；才华；宏伟
botanical,"n. 植物性药材
adj. 植物学的"
botanist,n. 植物学家
biotic,adj. 生物的；有关生命的
assign,"vt. 分配；指派； 赋值
vi. 将财产过户（尤指过户给债权人）"
archaic,adj. 古代的；陈旧的；古体的；古色古香的
alien,"n. 外国人，外侨；外星人
adj. 外国的；相异的，性质不同的；不相容的
vt. 让渡，转让"
accomplish,vt. 完成；实现；达到
worm,"n. 虫，蠕虫；蜗杆；螺纹；小人物
vt. 使蠕动；给除虫；使缓慢前进
vi. 慢慢前进；蠕行"
woolly,"adj. 羊毛的；模糊的；似羊毛的
n. 羊；毛织衣服"
wonder,"n. 惊奇；奇迹；惊愕
adj. 奇妙的；非凡的
vi. 怀疑；想知道；惊讶
vt. 怀疑；惊奇；对…感到惊讶"
weed,"n. 杂草，野草；菸草
vt. 除草；铲除
vi. 除草"
wedge,"n. 楔子；楔形物；导致分裂的东西
vt. 楔入；挤进；楔住
vi. 楔入；挤进"
tenant,"n. 承租人；房客；佃户；居住者
vt. 租借（常用于被动语态）"
supreme,"n. 至高；霸权
adj. 最高的；至高的；最重要的"
spun,"adj. 纺成的
v. 纺（spin的过去分词）；旋转"
sponge,"n. 海绵；海绵状物
vt. 抹掉；用海绵擦拭；讨得
vi. 采集海绵；过寄生生活；海绵般地吸收"
spirit,"n. 精神；心灵；情绪；志气；烈酒
vt. 鼓励；鼓舞；诱拐"
spill,"n. 溢出，溅出；溢出量；摔下；小塞子
vi. 溢出，流出；摔下；涌流
vt. 使溢出，使流出；使摔下"
spider,n. 蜘蛛；设圈套者；三脚架
sole,"n. 鞋底；脚底；基础；鳎目鱼
adj. 唯一的；单独的；仅有的
vt. 触底；上鞋底"
sociobiology,n. 生物社会学
socially,adv. 在社会上；在社交方面；善于交际地
snowfall,n. 降雪；降雪量
slick,"n.  平滑器； 修光工具；通俗杂志
adj. 光滑的；华而不实的；聪明的；熟练的；老套的
adv. 灵活地；聪明地
vt. 使光滑；使漂亮
vi. 打扮整洁"
rotation,n. 旋转；循环，轮流
retail,"n. 零售
adj. 零售的
vt. 零售；转述
adv. 以零售方式
vi. 零售"
regulatory,adj. 管理的；控制的；调整的
regulation,"n. 管理；规则；校准
adj. 规定的；平常的"
rear,"n. 后面；屁股；后方部队
adj. 后方的；后面的；背面的
vt. 培养；树立；栽种
adv. 向后；在后面
vi. 暴跳；高耸"
radius,n. 半径，半径范围； 桡骨；辐射光线；有效航程
publication,n. 出版；出版物；发表
probable,"n. 很可能的事；大有希望的候选者
adj. 很可能的；可信的"
prize,"n. 奖品；奖赏；战利品
adj. 获奖的
vt. 珍视；捕获；估价"
prison,"n. 监狱；监禁；拘留所
vt. 监禁，关押"
powder,"n. 粉；粉末； 火药；尘土
vt. 使成粉末；撒粉；搽粉于
vi. 搽粉；变成粉末"
plumb,"n. 垂直；铅锤
adj. 垂直的
vt. 使垂直；探测，探索
adv. 恰恰，正；垂直地
vi. 当管子工"
outlying,"adj. 边远的；无关的
v. 放在…外面；在撒谎上胜过（outlie的ing形式）"
outermost,adj. 最外面的；最远的
otter,n. 水獭；水獭皮
octopus,"n. 章鱼
章鱼肉"
obsidian,n. 黑曜石
notwithstanding,"adv. 尽管，仍然
prep. 尽管，虽然
conj. 虽然"
norm,n. 标准，规范
necessitate,vt. 使成为必需，需要；迫使
navigation,n. 航行；航海
mission,"n. 使命，任务；代表团；布道
vt. 派遣；向……传教"
mild,"adj. 温和的；轻微的；淡味的；文雅的；不含有害物质的的
n. （英国的一种）淡味麦芽啤酒"
metabolic,adj. 变化的；新陈代谢的
merchandise,"n. 商品；货物
vt. 买卖；推销
vi. 经商"
meaningful,adj. 有意义的；意味深长的
maser,n.  微波激射器；分子增幅器
marsh,"n. 沼泽；湿地
adj. 沼泽的；生长在沼泽地的"
mallet,n. 棒，槌棒；木槌；球棍
loyalty,n. 忠诚；忠心；忠实；忠于…感情
license,"n. 执照，许可证；特许
vt. 许可；特许；发许可证给"
lecture,"n. 演讲；讲稿；教训
vt. 演讲；训诫
vi. 讲课；讲演"
last,"n. 末尾，最后；上个；鞋楦（做鞋的模型）
adj. 最后的；最近的，最新的；仅剩的；最不可能…的
vi. 持续；维持，够用；持久
vt. 度过，拖过；使维持
adv. 最后地；上次，最近；最后一点"
journal,n. 日报，杂志；日记；分类账
jewelry,n. 珠宝；珠宝类
ignite,"vt. 点燃；使燃烧；使激动
vi. 点火；燃烧"
icy,adj. 冰冷的；冷淡的；结满冰的
humanity,n. 人类；人道；仁慈；人文学科
humanitarian,"n. 人道主义者；慈善家；博爱主义者；基督凡人论者
adj. 人道主义的；博爱的；基督凡人论的"
host,"n.  主机；主人；主持人；许多
vt. 主持；当主人招待
vi. 群集；做主人"
horn,"n. 喇叭，号角；角
vt. 装角于"
horizontal,"n. 水平线，水平面；水平位置
adj. 水平的；地平线的；同一阶层的"
honor,"n. 荣誉；信用；头衔
vt. 尊敬（等于honour）；给…以荣誉"
honest,adj. 诚实的，实在的；可靠的；坦率的
hibernate,vi. 过冬；（动物）冬眠；（人等）避寒
heel,"n. 脚后跟；踵
vt. 倾侧
vi. 倾侧"
headquarter,"vt. 在…设总部
vi. 设立总部"
gosling,n. 小鹅；年轻无知者
frog,"n. 青蛙； 辙叉；饰扣
vi. 捕蛙"
frequency,n. 频率；频繁
fortuitous,adj. 偶然的，意外的；幸运的
flush,"n. 激动，洋溢；面红；萌芽；旺盛；奔流
adj. 大量的；齐平的；丰足的，洋溢的；挥霍的
vt. 使齐平；发红，使发亮；用水冲洗；使激动
vi. 发红，脸红；奔涌；被冲洗"
fluid,"n. 流体；液体
adj. 流动的；流畅的；不固定的"
firearm,n. 火器；枪炮
fathom,"n. 英寻（测量水深的长度单位）
vt. 看穿；彻底了解；测量…的深度"
fate,"n. 命运
vt. 注定"
facilitate,vt. 促进；帮助；使容易
fortunate,adj. 幸运的；侥幸的；吉祥的；带来幸运的
experimentation,n. 实验；试验；实验法；实验过程
drift,"n. 漂流，漂移；趋势；漂流物
vi. 漂流，漂移；漂泊
vt. 使…漂流；使…受风吹积"
dot,"n. 点，圆点；嫁妆
vt. 加小点于
vi. 打上点"
distrust,"n. 不信任
vt. 不信任
怀疑"
district,n. 区域；地方；行政区
discipline,"n. 学科；纪律；训练；惩罚
vt. 训练，训导；惩戒"
deepen,"vt. 使加深；使强烈；使低沉
vi. 变深；变低沉"
counterpart,n. 副本；配对物；极相似的人或物
count,"n. 计数；计算；伯爵
vt. 计算；认为
vi. 计数；有价值"
copy,"n. 副本；一册；摹仿
vt. 复制；复印；抄袭
vi. 复制；复印；抄袭"
cope,"n. 长袍
vi. 处理；对付；竞争"
contact,"n. 接触，联系
vt. 使接触，联系
vi. 使接触，联系"
conifer,n. 针叶树； 松柏科植物
coach,"n. 教练；旅客车厢；长途公车；四轮大马车
vt. 训练；指导
vi. 作指导；接受辅导；坐马车旅行
n.  蔻驰（皮革品牌）"
clan,n. 宗族；部落；集团
chisel,"n. 凿子
vt. 雕，刻；凿；欺骗
vi. 雕，刻；凿；欺骗"
cap,"n. 盖；帽子
vt. 覆盖；胜过；给…戴帽；加盖于
vi. 脱帽致意"
bowl,"n. 碗；木球；大酒杯
vt. 投球；旋转；平稳快速移动
vi. 玩保龄球；滑动；平稳快速移动"
bovine,"n. 牛科动物
adj. 牛的；似牛的；迟钝的"
boulder,n. 卵石，大圆石；巨砾
bone,"n. 骨；骨骼
vt. 剔去...的骨；施骨肥于
vi. 苦学；专心致志"
beak,n.  鸟嘴；鹰钩鼻子；地方执法官；男教师
bake,"n. 烤；烘烤食品
vi. 烘面包；被烤干；受热
vt. 烤，烘焙"
background,"n. 背景；隐蔽的位置
adj. 背景的；发布背景材料的
vt. 作…的背景"
association,n. 协会，联盟，社团；联合；联想
assistant,"n. 助手，助理，助教
adj. 辅助的，助理的；有帮助的"
assist,"n. 帮助；助攻
vi. 参加；出席
vt. 帮助；促进"
arise,vi. 出现；上升；起立
arboreal,adj. 树木的；栖息在树上的
aluminum,n. 铝
altogether,"n. 整个；裸体
adv. 完全地；总共；总而言之"
allocate,"vt. 分配；拨出；使坐落于
vi. 分配；指定"
aim,"n. 目的；目标；对准
vt. 目的在于；引导；把…对准
vi. 打算；对准目标；瞄准"
digest,"n. 文摘；摘要
vt. 消化；吸收；融会贯通
vi. 消化"
whereby,adv. 凭借；通过…；借以；与…一致
warehouse,n. 仓库；货栈；大商店
viscosity,n.  黏性， 黏度
vine,"n. 藤；葡萄树；藤本植物；攀缘植物
vi. 长成藤蔓；爬藤"
via,prep. 渠道，通过；经由
descent,"n. 下降；血统；袭击
vt. 除去…的气味；使…失去香味"
vacation,"n. 假期；（房屋）搬出
vi. 休假，度假"
uncover,"vt. 发现；揭开；揭露
vi. 发现；揭示；揭去盖子"
triple,"n. 三倍数；三个一组
adj. 三倍的；三方的
vt. 使成三倍
vi. 增至三倍"
tributary,"n. 支流；进贡国；附属国
adj. 纳贡的；附属的；辅助的"
toe,"n. 脚趾；足尖
vt. 用脚尖走；以趾踏触
vi. 动脚尖；用足尖跳舞"
tobacco,n. 烟草，烟叶；烟草制品；抽烟
textbook,n. 教科书，课本
tentatively,adv. 暂时地；试验性地
tenfold,"n. 十倍
adj. 十倍的；十重的
adv. 十倍地；成十倍"
tap,"n. 水龙头；轻打
vt. 轻敲；轻打；装上嘴子
vi. 轻拍；轻击；轻叩
vt. 采用，利用"
suppress,vt. 抑制；镇压；废止
sum,"n. 金额；总数
vt. 总结；合计
vi. 概括"
suffer,"vi. 遭受，忍受；受痛苦；经验；受损害
vt. 遭受；忍受；经历"
succulent,"n. 肉质植物；多汁植物
adj. 多汁的；多水分的；多汁性的"
subsidize,vt. 资助；给与奖助金；向…行贿
subside,vi. 平息；减弱；沉淀；坐下
subscribe,"vt. 签署；赞成；捐助
vi. 订阅；捐款；认购；赞成；签署"
strive,vi. 努力；奋斗；抗争
squander,"n. 浪费
vt. 浪费
vi. 浪费；漂泊"
spearhead,"n. 矛头；先锋；先锋部队
vt. 带头；做先锋"
sparse,adj. 稀疏的；稀少的
shale,n.  页岩；泥板岩
shaft,"n. 拍杆； 轴；箭杆；杆状物
vt. 利用；在……上装杆"
shade,"n. 树荫；阴影；阴凉处；遮阳物；（照片等的）明暗度；少量、些微；细微的差别
vt. 使阴暗；使渐变；为…遮阳；使阴郁；掩盖
vi. （颜色、色彩等）渐变"
sensory,adj. 感觉的；知觉的；传递感觉的
seep,"n. 小泉；水陆两用的吉普车
vi. 漏；渗出"
secular,"n. 修道院外的教士，(对宗教家而言的) 俗人
adj. 世俗的；长期的；现世的；不朽的"
scope,"n. 范围；余地；视野；眼界；导弹射程
vt. 审视"
scavenger,n. 食腐动物；清道夫； 清除剂；拾荒者
salty,adj. 咸的；含盐的
salary,"n. 薪水
vt. 给...加薪；给...薪水"
saint,
revere,vt. 敬畏；尊敬；崇敬
retract,"n. 收缩核
vt. 缩回；缩进；取消
vi. 缩回；缩进；撤消"
render,"n. 打底；交纳；粉刷
vt. 致使；提出；实施；着色；以…回报
vi. 给予补偿"
regolith,n.  风化层；表皮土；土被
recruitment,n. 补充；征募新兵
recording,"n. 录音；唱片
v. 录音；记录；录像（record的ing形式）
adj. 记录的；记录用的"
receptor,n.  受体；接受器；感觉器官
rebound,"n. 回弹；篮板球
v. 重新装订（rebind的过去式和过去分词）
vt. 使弹回
vi. 回升；弹回"
reap,"vt. 收获，获得；收割
vi. 收割，收获"
raft,"n. 筏；救生艇；（美）大量
vt. 筏运；制成筏
vi. 乘筏"
quarry,"n. 采石场；猎物；来源
vt. 挖出；努力挖掘
vi. 费力地找"
pursue,"vi. 追赶；继续进行
vt. 继续；从事；追赶；纠缠"
purification,n. 净化；提纯；涤罪
protrude,"vi. 突出，伸出
vt. 使突出，使伸出"
prolong,vt. 延长；拖延
prodigious,adj. 惊人的，异常的，奇妙的；巨大的
pregnant,adj. 怀孕的；富有意义的
portable,"n. 手提式打字机
adj. 手提的，便携式的；轻便的"
port,"n. 港口，口岸；（计算机的）端口；左舷；舱门
vt. 持（枪）；左转舵
vi. 转向左舷"
porpoise,n. 海豚；鼠海豚
plow,"n.  犁；似犁的工具；北斗七星
vt.  犁；耕；开路
vi.  犁；耕地；破浪前进；开路"
plight,"n. 困境；境况；誓约
vt. 保证；约定"
plaster,"n. 石膏；灰泥；膏药
vt. 减轻；粘贴；涂以灰泥；敷以膏药；使平服"
pit,"n. 矿井；深坑；陷阱；（物体或人体表面上的）凹陷；（英国剧场的）正厅后排；正厅后排的观众
vt. 使竞争；窖藏；使凹下；去…之核；使留疤痕
vi. 凹陷；起凹点"
pillow,"n. 枕头
vt. 垫；枕于…；使…靠在
vi. 枕着头；靠在枕上"
pet,"n. 宠物；生气；受宠爱的人
adj. 宠爱的
vt. 宠爱
vi. 生气；爱抚"
pest,n. 害虫；有害之物；讨厌的人
perishable,"n. 容易腐坏的东西
adj. 易腐坏的；易毁灭的；会枯萎的"
percussion,n.  叩诊；振动；碰撞；敲打乐器；打击乐器组
peninsula,n. 半岛
penchant,n. 嗜好；倾向
patent,"n. 专利权；执照；专利品
adj. 专利的；新奇的；显然的
vt. 授予专利；取得…的专利权"
patchiness,n. 补缀的性质
parade,"n. 游行；阅兵；炫耀；行进；阅兵场
vt. 游行；炫耀；列队行进
vi. 游行；炫耀；列队行进"
oversee,vt. 监督；审查；俯瞰；偷看到，无意中看到
nomadic,adj. 游牧的；流浪的；游动的
nodule,n. 小结；小瘤；节结
nitric,adj. 氮的；含氮的；硝石的
needle,"n. 针；指针；刺激；针状物
vi. 缝纫；做针线
vt. 刺激；用针缝"
nectar,n.  花蜜；甘露；神酒；任何美味的饮料
necessity,n. 需要；必然性；必需品
narrative,"n. 叙述；故事；讲述
adj. 叙事的，叙述的；叙事体的"
narrator,n. 叙述者；解说员
morphology,n. 形态学，形态论； 词法， 词态学
morally,adv. 道德上；有道德地；确实地
momentum,n. 势头； 动量；动力；冲力
model,"n. 模型；典型；模范；模特儿；样式
vt. 模拟；塑造；模仿
vi. 做模型；做模特儿
adj. 模范的；作模型用的"
minimal,adj. 最低的；最小限度的
mice,n. 老鼠（mouse的复数）
meticulously,adv. 细致地；一丝不苟地；拘泥地
methane,n.  甲烷； 沼气
meteorologist,n. 气象学者
memorable,adj. 显著的，难忘的；值得纪念的
melody,n. 旋律；歌曲；美妙的音乐
megawatt,n. 兆瓦特，百万瓦特
mediterranean,
mediocre,adj. 普通的；平凡的；中等的
medieval,adj. 中世纪的；原始的；仿中世纪的；老式的
manure,"vt. 施肥于；耕种
n. 肥料；粪肥"
manual,"adj. 手工的；体力的
n. 手册，指南"
magnitude,n. 大小；量级； 震级；重要；光度
lure,"n. 诱惑；饵；诱惑物
vt. 诱惑；引诱"
longevity,n. 长寿，长命；寿命
logical,adj. 合逻辑的，合理的；逻辑学的
kinetic,adj.  运动的；活跃的
keen,"adj. 敏锐的，敏捷的；渴望的；强烈的；热心的；锐利的
n. 痛哭，挽歌"
isotope,n. 同位素
iridium,n.  铱（Ir）
intoxication,n.  中毒；陶醉；喝醉
inject,vt. 注入；注射
ingredient,"n. 原料；要素；组成部分
adj. 构成组成部分的"
influx,n. 流入；汇集；河流的汇集处
indefinite,adj. 不确定的；无限的；模糊的
inconspicuous,adj. 不显眼的；不引人注意的；（花）不显著的
impersonation,n. 扮演；模仿；装扮
homogeneous,adj. 均匀的； 齐次的；同种的；同类的，同质的
homemaking,n. 家政
hieroglyphic,"n. 象形文字；象形文字写的文章
adj. 象形文字的；难解的"
hay,"n. 干草
vt. 把晒干
vi. 割草晒干"
haul,"n. 拖，拉；用力拖拉；努力得到的结果；捕获物；一网捕获的鱼量；拖运距离
vt. 拖运；拖拉
vi. 拖，拉；改变主意；改变方向"
hamper,"n. 食盒，食篮；阻碍物
vt. 妨碍；束缚；使困累"
greenish,adj. 呈绿色的
grandiose,adj. 宏伟的；堂皇的；浮夸的；宏大的
gradient,"n.  梯度；坡度；倾斜度
adj. 倾斜的；步行的"
goose,"n. 鹅；鹅肉；傻瓜；雌鹅
vt. 突然加大油门；嘘骂"
gland,"n. 腺
密封压盖"
girder,n.  大梁，纵梁
gibbon,n.  长臂猿
founder,"n. 创始人；建立者；翻沙工
vt. 破坏；使摔倒；垮掉
vi. 失败；沉没；倒塌；变跛"
foremost,"adj. 最重要的；最先的
adv. 首先；居于首位地"
fodder,"n. 饲料；素材
vt. 喂"
flesh,"n. 肉；肉体
vt. 喂肉给…；使发胖
vi. 长胖"
fleece,"n. 羊毛，绒头织物；羊毛制的覆盖物
vt. 剪下羊毛；欺诈，剥削"
flax,n. 亚麻；亚麻纤维；亚麻布；亚麻织品
fern,n.  蕨； 蕨类植物
fare,"n. 票价；费用；旅客；食物
vi. 经营；进展；遭遇；过活"
fame,"n. 名声，名望；传闻，传说
vt. 使闻名，使有名望"
exuberant,adj. 繁茂的；生气勃勃的，充溢的
extermination,n. 消灭；根绝
exempt,"n. 免税者；被免除义务者
adj. 被免除的；被豁免的
vt. 免除；豁免"
execution,n. 执行，实行；完成；死刑
excitation,n. 激发，刺激；激励；激动
ether,n. 乙醚； 以太；苍天；天空醚
estate,n. 房地产；财产；身份
epitome,n. 缩影；摘要；象征
encroach,vi. 蚕食，侵占
encase,vt. 包住；围绕；包装
embed,vt. 栽种；使嵌入，使插入；使深留脑中
elongate,"adj. 伸长的；延长的
vi. 拉长；延长；伸长
vt. 拉长；使延长；使伸长"
elegant,adj. 高雅的，优雅的；讲究的；简炼的；简洁的
edition,"n. 版本
版次
集"
earthenware,n. 陶器；土器
discrete,"n. 分立元件；独立部件
adj. 离散的，不连续的"
detach,vt. 分离；派遣；使超然
despondent,adj. 沮丧的；失望的
depart,"adj. 逝世的
vi. 离开；出发，起程；违反；去世"
demise,"n. 死亡，终止；转让；传位
vt. 遗赠；禅让"
delight,"n. 高兴
vt. 使高兴
vi. 高兴"
dehydrate,"vt. 使…脱水；使极其口渴；使丧失力量和兴趣等
vi. 脱水；去水"
decoy,"n. 诱饵；诱骗
vt. 诱骗
vi. 被诱"
decomposition,n. 分解，腐烂；变质
decompose,"vi. 分解；腐烂
vt. 分解；使腐烂"
deciduous,adj. 落叶性的，脱落性的；非永久性的
damp,"n. 潮湿，湿气
adj. 潮湿的
vt. 使潮湿；使阻尼；使沮丧，抑制
vi. 减幅，阻尼；变潮湿"
customary,"n. 习惯法汇编
adj. 习惯的；通常的"
cue,"n. 提示，暗示；线索
vt. 给…暗示"
cry,"n. 叫喊；叫声；口号；呼叫
vi. 哭；叫；喊
vt. 叫喊；哭出；大声说"
cow,"n. 奶牛，母牛；母兽
vt. 威胁，恐吓"
court,"n. 法院；球场；朝廷；奉承
vt. 招致（失败、危险等）；向…献殷勤；设法获得
vi. 求爱"
course,"n. 科目；课程；过程；进程；道路；路线，航向；一道菜
vt. 追赶；跑过
vi. 指引航线；快跑"
cotta,n. 白色短袖法衣（教士穿）；白色短衣（诗班成员穿）
corpse,n. 尸体
contrary,"n. 相反；反面
adj. 相反的；对立的
adv. 相反地"
contour,"n. 轮廓；等高线；周线；电路；概要
vt. 画轮廓；画等高线"
constitute,vt. 组成，构成；建立；任命
comprise,vt. 包含；由…组成
communal,adj. 公共的；公社的
commonsense,adj. 常识的；具有常识的
commission,"n. 委员会；佣金；犯；委任；委任状
vt. 委任；使服役；委托制作"
coin,"n. 硬币，钱币
vt. 铸造（货币）；杜撰，创造"
channel,"n. 通道；频道；海峡
vt. 引导，开导；形成河道"
celsius,"n. 摄氏度
adj. 摄氏的"
celestial,"n. 神仙，天堂里的居民
adj. 天上的，天空的"
camel,"n.  骆驼；打捞浮筒；工作作风官僚
adj. 驼色的；暗棕色的
vi. 工作刻板平庸"
calcareous,"n. 钙化软骨
adj. 钙质的，石灰质的"
cabin,"n. 小屋；客舱；船舱
vt. 把…关在小屋里
vi. 住在小屋里"
bushy,adj. 浓密的；灌木茂密的；多毛的
bison,n. 北美野牛；欧洲野牛
bias,"n. 偏见；偏爱；斜纹；乖离率
adj. 偏斜的
vt. 使存偏见
adv. 偏斜地"
bemoan,"vt. 惋惜；为…恸哭
vi. 叹息"
beat,"n. 拍子；敲击；有规律的一连串敲打
adj. 筋疲力尽的；疲惫不堪的
vt. 打；打败
vi. 打；打败；拍打；有节奏地舒张与收缩"
beast,n. 野兽；畜生，人面兽心的人
bean,"n. 豆；嘴峰；毫无价值的东西
vt. 击…的头部"
bath,"n. 沐浴；浴室；浴盆
vt. 洗澡
vi. 洗澡"
barter,"n. 易货贸易；物物交换；实物交易
vt. 以…作为交换；拿…进行易货贸易
vi. 进行易货贸易； 作物物交换；讨价还价"
barren,"n. 荒地
adj. 贫瘠的；不生育的；无益的；沉闷无趣的；空洞的"
barn,"n. 谷仓；畜棚；车库；靶（核反应截面单位）
vt. 把…贮存入仓"
bark,"n. 树皮；深青棕色；毛皮；皮肤；狗叫
vt. 狗叫；尖叫；剥皮"
backdrop,n. 背景；背景幕；交流声
automated,"adj. 自动化的；机械化的
v. 自动化（automate的过去分词）；自动操作"
auditorium,n. 礼堂，会堂；观众席
attest,"vt. 证明；证实；为…作证
vi. 证明；作证"
assure,vt. 保证；担保；使确信；弄清楚
arousal,n. 觉醒；激励
arduous,adj. 努力的；费力的；险峻的
aqueduct,n.  渡槽；导水管；沟渠
antenna,n.  天线； 触角， 触须
alloy,"n. 合金
vt. 使成合金；使减低成色
vi. 易于铸成合金"
alkaloid,n.  生物碱；植物碱基
address,"n. 地址；演讲；致辞；说话的技巧；称呼
vt. 演说；从事；忙于；写姓名地址；向…致辞；与…说话；提出；处理"
acute,adj. 严重的， 急性的；敏锐的；激烈的；尖声的
terrace,"n. 平台；梯田；阳台
adj. （女服）叠层式的
vt. 使成梯田，使成阶地；使有平台屋顶
vi. 成阶地；成梯田；筑成坛"
venture,"n. 企业；风险；冒险
vt. 敢于
vi. 冒险；投机"
approval,n. 批准；认可；赞成
angle,"n. 角度，角，方面
vi. 钓鱼；谋取"
ascent,n. 上升；上坡路；登高
champion,"n. 冠军；拥护者；战士
adj. 优胜的；第一流的
vt. 支持；拥护"
celebrate,"vt. 庆祝；举行；赞美；祝贺；宣告
vi. 庆祝；过节；举行宗教仪式"
concrete,"n. 具体物；凝结物
adj. 混凝土的；实在的，具体的；有形的
vt. 使凝固；用混凝土修筑
vi. 凝结"
beside,prep. 在旁边；与…相比；和…无关
in addition to,"na. 加之
 除…之外；除了；除…外"
preoccupation,n. 全神贯注，入神；当务之急；关注的事物；抢先占据；成见
concern,"n. 关系；关心；关心的事；忧虑
vt. 涉及，关系到；使担心"
autonomy,n. 自治，自治权
independence,n. 独立性，自立性；自主
disperse,"vt. 分散；使散开；传播
adj. 分散的
vi. 分散"
scattered,adj. 分散的；散乱的
deficiency,n. 缺陷，缺点；缺乏；不足的数额
shortage,n. 缺乏，缺少；不足
emerging,"v. 形成；浮现；显露（emerge的ing形式）；由…中脱出
adj. 新兴的；出现的；形成的"
appearing,"n.  版面高度
v. 出现，显得（appear的ing形式）"
pioneering,adj. 首创的；先驱的
original,"n. 原件；原作；原物；原型
adj. 原始的；最初的；独创的；新颖的"
distinct,adj. 明显的；独特的；清楚的；有区别的
separate,"n. .分开；抽印本
adj. 单独的；分开的；不同的；各自的；
vt. 使分离；使分开；使分居
vi. 分开；隔开；分居"
enabling,"v. 使能够；授权给（enable的现在分词）
adj. 授权的"
allowing,v. 允许（allow的现在分词）
restricted,"v. 限制（restrict的过去式和过去分词）
adj. 受限制的；保密的"
limited,"adj. 有限的
n. 高级快车"
severity,n. 严重；严格；猛烈
harshness,n. 严肃；刺耳；粗糙的事物
congregate,"vi. 聚集
adj. 集合在一起的
vt. 聚集"
gather,"n. 聚集；衣褶；收获量
vt. 收集；收割；使…聚集；使…皱起
vi. 聚集；化脓；皱起"
consequently,adv. 因此；结果；所以
as a result,"adv. 结果
 因此；结果是；作为结果"
comprise,vt. 包含；由…组成
consist of,"v. 由…合成
 由……组成；由…构成；包括"
stagnation,n. 停滞；滞止
lack of growth,
sustained,"v. 维持（sustain的过去式和过去分词）；承受
adj. 持续的；持久的；持久不变的"
continued,"v. 继续；逗留；维持原状（continue的过去分词）
adj. 继续的；持久的"
implication,n. 含义；暗示；牵连，卷入；可能的结果，影响
consequence,n. 结果；重要性；推论
exclusively,adv. 唯一地；专有地；排外地
solely,adv. 单独地，唯一地
monumental,adj. 不朽的；纪念碑的；非常的
enormous,adj. 庞大的，巨大的；凶暴的，极恶的
manipulate,vt. 操纵；操作；巧妙地处理；篡改
skillfully use,
pursue,"vi. 追赶；继续进行
vt. 继续；从事；追赶；纠缠"
practice,"n. 实践；练习；惯例
vt. 练习；实习；实行
vi. 练习；实习；实行"
subsistence,n. 生活；生存；存在
survival,n. 幸存，残存；幸存者，残存物
altered,"n. 为参加短程高速汽车赛而改装的赛车
v. 改变（alter的过去分词）
adj. 改变了的；蚀变的"
transformed,transform的变形
emitted,"v. 排放（emit的过去分词）；发散
adj. 射出的"
released,v. 释放（release的过去式）；已发布
retarding,v. 使减速( retard的现在分词 ); 妨碍; 阻止; 推迟
slowing,"n. 放慢；减速；慢化
v. 放慢；阻碍（slow的ing形式）"
sustain,vt. 维持；支撑，承担；忍受；供养；证实
support,"n. 支持，维持；支援，供养；支持者，支撑物
vt. 支持，支撑，支援；扶持，帮助；赡养，供养"
expose,vt. 揭露，揭发；使曝光；显示
unprotected,"v. 无保护（unprotect的过去分词）
adj. 无保护的；未设防的；不受关税保护的"
congestion,n. 拥挤；拥塞；淤血
overcrowding,"n. 过度拥挤；挤满
v. 过度拥挤（overcrowd的ing形式）；把…塞得过满"
being a drain on the tree,
wasting a tree's resources,
pioneered,v. 倡导；作先驱（pioneer的过去式）
introduced,"v. 介绍；引进（introduce的过去分词）
adj. 引进的；引种的"
subsequent,adj. 后来的，随后的
later,"adv. 后来；稍后；随后
adj. 更迟的；更后的"
enhance,vt. 提高；加强；增加
improve,"vt. 改善，增进；提高…的价值
vi. 增加；变得更好"
reinforce,"n. 加强；加固物；加固材料
vt. 加强，加固；强化；补充
vi. 求援；得到增援；给予更多的支持"
strength,n. 力量；力气；兵力；长处
profound,adj. 深厚的；意义深远的；渊博的
intense,adj. 强烈的；紧张的；非常的；热情的
obsolete,"adj. 废弃的；老式的
n. 废词；陈腐的人
vt. 淘汰；废弃"
out of date,"adj. 过时的；缺乏新信息的；陈腐的；失效的
 过期；过期的；过时了"
obscure,"adj. 昏暗的，朦胧的；晦涩的，不清楚的；隐蔽的；不著名的，无名的
vt. 使…模糊不清，掩盖；隐藏；使难理解
n. 某种模糊的或不清楚的东西"
little known, 不为人知的; 名不见经传
associate,"n. 同事，伙伴；关联的事物
adj. 副的；联合的
vt. 联想；使联合；使发生联系
vi. 交往；结交"
connect,"vt. 连接；联合；关连
vi. 连接，连结；联合"
encompass,vt. 包含；包围，环绕；完成
include,vt. 包含，包括
stationary,"n. 不动的人；驻军
adj. 固定的；静止的；定居的；常备军的"
unmoving,adj. 不感动人的；静止的
hence,adv. 因此；今后
therefore,adv. 因此；所以
irreversible,adj. 不可逆的；不能取消的；不能翻转的
permanent,"n. 烫发（等于permanent wave）
adj. 永久的，永恒的；不变的"
abandon,"n. 放任；狂热
vt. 遗弃；放弃"
give up,"na. 放弃；断绝；投降；自首
 停止；抛弃；认输"
aberrant,adj. 异常的；畸变的；脱离常轨的；迷乱的
abnormal,adj. 反常的，不规则的；变态的
abort,"n. 中止计划
vt. 使流产；使中止
vi. 流产；堕胎；夭折；发育不全"
quit,"n. 离开； 退出
vt. 离开；放弃；停止；使…解除
adj. 摆脱了…的；已经了结的
vi. 离开；辞职；停止"
abrupt,adj. 生硬的；突然的；唐突的；陡峭的
sudden,"n. 突然发生的事
adj. 突然的，意外的；快速的"
absorb,vt. 吸收；吸引；承受；理解；使…全神贯注
appeal,"n. 呼吁，请求；吸引力，感染力；上诉；诉诸裁判
vt. 将…上诉，对…上诉
vi. 呼吁，恳求；上诉；诉诸，求助；有吸引力，迎合爱好；（体育比赛中）诉诸裁判"
abstract,"n. 摘要；抽象；抽象的概念
adj. 抽象的；深奥的
vt. 摘要；提取；使……抽象化；转移(注意力、兴趣等)；使心不在焉
vi. 做摘要；写梗概"
not concrete,
absurd,"n. 荒诞；荒诞作品
adj. 荒谬的；可笑的"
ridiculous,adj. 可笑的；荒谬的
accessible,adj. 易接近的；可进入的；可理解的
easy to reach,
abundant,adj. 丰富的；充裕的；盛产
ample,adj. 丰富的；足够的；宽敞的
accidental,"n. 次要方面；非主要的特性；临时记号
adj. 意外的；偶然的；附属的；临时记号的"
unexpected,adj. 意外的，想不到的
afford,vt. 给予，提供；买得起
provide,"vt. 提供；规定；准备；装备
vi. 规定；抚养；作准备"
accomplish,vt. 完成；实现；达到
achieve,"vt. 取得；获得；实现；成功
vi. 达到预期的目的，实现预期的结果，如愿以偿"
accumulate,"vt. 积攒
vi. 累积；积聚"
collect,"vt. 收集；募捐
adj. 由收件人付款的
vi. 收集；聚集；募捐
adv. 由收件人付款地"
aggravate,vt. 加重；使恶化；激怒
increase,"n. 增加，增长；提高
vt. 增加，加大
vi. 增加，增大；繁殖"
accurately,adv. 精确地，准确地
correctly,adv. 正确地；得体地
adept,"n. 内行；能手
adj. 熟练的；擅长…的"
skilled,adj. 熟练的；有技能的；需要技能的
alarm,"n. 闹钟；警报，警告器；惊慌
vt. 警告；使惊恐"
sound,"n. 声音，语音；噪音；海峡；吵闹；听力范围； 探条
adj. 健全的，健康的；合理的；可靠的；有效彻底的
vt. 听（诊）；测量，测…深；使发声；试探；宣告
vi. 听起来；发出声音；回响；测深
adv. 彻底地，充分地"
warning,"n. 警告；预兆；预告
v. 警告（warn的ing形式）
adj. 警告的；引以为戒的"
ancestor,n. 始祖，祖先；被继承人
forefather,n. 祖先；前辈
anchor,"n. 锚；抛锚停泊；靠山；新闻节目主播
adj. 末棒的；最后一棒的
vt. 抛锚；使固定；主持节目
vi. 抛锚"
hold in place, 使固定；固定就位；保持在适当的位置
anxiety,n. 焦虑；渴望；挂念；令人焦虑的事
worry,"n. 担心；烦恼；撕咬
vi. 担心；烦恼；撕咬
vt. 担心；发愁；折磨"
assume,"vt. 僭取；篡夺；夺取；擅用；侵占
vi. 假定；设想；承担；采取"
take on,"na. 担任(工作等)；较量；装(某种样子)；呈现(形势)
 承担；雇用；雇佣"
suppose,"conj. 假使…结果会怎样
vt. 假设；认为；让（虚拟语气）；推想
vi. 猜想；料想"
attachment,n. 附件；依恋；连接物；扣押财产
preference,n. 偏爱，倾向；优先权
attest to, 证实；证明；证实某事
confirm,vt. 确认；确定；证实；批准；使巩固
attribute,"n. 属性；特质
vt. 归属；把…归于"
characteristic,"n. 特征；特性；特色
adj. 典型的；特有的；表示特性的"
credit with,"na. 把(某数)记入(某人)账户的贷方；相信(某人)具有(某性质)
 把…记入贷方；信用与；相信有"
available,adj. 可获得的；可购得的；可找到的；有空的
obtainable,adj. 能得到的
pondered,v. 考虑( ponder的过去式和过去分词 ); 深思熟虑; 沉思; 琢磨
thought about, 考虑；想到
fundamental,"n. 基本原理；基本原则
adj. 基本的，根本的"
basic,"n. 基础；要素
adj. 基本的；基础的"
mandated,"adj. 委托统治的
v. 托管；强制执行（mandate的过去分词）"
required,"v. 需要（require的过去式及过去分词形式）；要求
adj. 必需的；（美）必修的"
promote,"vi. 成为王后或其他大于卒的子
vt. 促进；提升；推销；发扬"
encourage,vt. 鼓励，怂恿；激励；支持
signifying,"n. 代表；预示
v. 象徵；预示（signify的ing形式）"
indicate,vt. 表明；指出；预示；象征
cease,"n. 停止
vi. 停止；终了
vt. 停止；结束"
stop,"n. 停止；车站；障碍；逗留
vi. 停止；中止；逗留；被塞住
vt. 停止；堵塞；断绝"
function,"n. 功能； 函数；职责；盛大的集会
vi. 运行；活动；行使职责"
purpose,"n. 目的；用途；意志
vt. 决心；企图；打算"
allege,vt. 宣称，断言；提出…作为理由
suppose,"conj. 假使…结果会怎样
vt. 假设；认为；让（虚拟语气）；推想
vi. 猜想；料想"
controversial,adj. 有争议的；有争论的
no decisive,
swift,"n. 褐雨燕
adj. 快的；迅速的；敏捷的；立刻的
adv. 迅速地
n. 苹果公司开创的新款编程语言，应用于iOS 8及以上的应用程序"
fast,"n. 斋戒；绝食
adj. 快速的，迅速的；紧的，稳固的
adv. 迅速地；紧紧地；彻底地
vi. 禁食，斋戒"
significant,"n. 象征；有意义的事物
adj. 重大的；有效的；有意义的；值得注意的；意味深长的"
considerable,adj. 相当大的；重要的，值得考虑的
modest,adj. 谦虚的，谦逊的；适度的；端庄的；羞怯的
relatively small,
consequently,adv. 因此；结果；所以
therefore,adv. 因此；所以
component,"n. 成分；组件； 元件
adj. 组成的，构成的"
part,"n. 部分；角色；零件；一些；片段
adj. 部分的
vt. 分离；分配；分开
adv. 部分地
vi. 断裂；分手"
remarkable,adj. 卓越的；非凡的；值得注意的
extraordinary,adj. 非凡的；特别的；离奇的；临时的；特派的
confined to, 限于；局限在；局限在性里
limited to,vt.限于
relentless,adj. 无情的；残酷的；不间断的
unceasing,adj. 不断的；不停的
diffusion,n. 扩散，传播； 漫射
spread,"n. 传播；伸展
adj. 伸展的
vt. 传播，散布；展开；伸展；铺开
vi. 传播；伸展"
autonomic,adj. 自律的；自治的
independent,"n. 独立自主者；无党派者
adj. 独立的；单独的；无党派的；不受约束的"
obligate,"vt. 使负义务；强使，强迫；对…施以恩惠
adj. 有责任的，有义务的；必需的"
require,vt. 需要；要求；命令
aggregation,n.  聚合，聚集；聚集体，集合体
group,"n. 组；团体
adj. 群的；团体的
vt. 把…聚集；把…分组
vi. 聚合"
designation,n. 指定；名称；指示；选派
identification,n. 鉴定，识别；认同；身份证明
lateral,"adj. 侧面的，横向的
n. 侧部； 边音
vt. 横向传球"
side,"n. 方面；侧面；旁边
adj. 旁的，侧的
vt. 同意，支持
vi. 支持；赞助；偏袒"
coalesced,合并（coalesce的过去式和过去分词）
joined,v. 加入；参加（join的过去式，过去分词）； 连接
chaotic,adj. 混沌的；混乱的，无秩序的
disorganized,adj. 紊乱的；无组织的
constant,"n.  常数；恒量
adj. 不变的；恒定的；经常的"
continual,adj. 持续不断的；频繁的
defining,"v. 规定（define的ing形式）；给…下定义；表明特征
adj. 最典型的；起决定性作用的"
identifying,"n. 识别，标识；标识关系
v. 识别（identify的现在分词）"
curious,adj. 好奇的，有求知欲的；古怪的；爱挑剔的
strange,"adj. 奇怪的；陌生的；外行的
adv. 奇怪地；陌生地，冷淡地"
accumulate,"vt. 积攒
vi. 累积；积聚"
build up,"na. 同“build”；建立；复兴；集结(部队)
 逐步建立；增进；积累"
attest to, 证实；证明；证实某事
provide evidence of,
be deficient in,缺乏，欠缺…，在…方面有所不足
not have enough, 不够
reflect,"vt. 反映；反射，照出；表达；显示;反省
vi. 反射，映现；深思"
indicate,vt. 表明；指出；预示；象征
ties,"n. 结
v. 绑；连结"
connection,n. 连接；关系；人脉；连接件
frigid,adj. 寒冷的，严寒的；冷淡的
cold,"n. 寒冷；感冒
adj. 寒冷的；冷淡的，不热情的；失去知觉的
adv. 完全地"
detect,vt. 察觉；发现；探测
discovered,v. 发现，找到（discover的过去形式）
extensive,adj. 广泛的；大量的；广阔的
large,"adj. 大的；多数的；广博的
adv. 大大地；夸大地
n. 大"
account,"n. 账户；解释；账目，账单；理由；描述
vt. 认为；把…视为
vi. 解释；导致；报账"
explain,v. 说明；解释
feasible,adj. 可行的；可能的；可实行的
practical,adj. 实际的；实用性的
scale,"n. 规模；比例；鳞；刻度；天平；数值范围
vt. 测量；攀登；刮鳞；依比例决定
vi. 衡量；攀登；剥落；生水垢"
size,"n. 大小；尺寸
adj. 一定尺寸的
vt. 依大小排列
vi. 可比拟"
advocated,"vt. 提倡，主张，拥护
n. 提倡者；支持者；律师"
promoted,"n. 升迁
v. 促进（promote的过去式）；提升
adj. 晋升的"
fostered,"vt. 培养；养育，抚育；抱（希望等）
adj. 收养的，养育的"
encourage,vt. 鼓励，怂恿；激励；支持
elevated,"n. 高架铁路
adj. 提高的；高尚的；严肃的；欢欣的
v. 提高；抬起；振奋；提拔（elevate的过去分词）"
raised,"v. 提高（raise的过去时和过去分词）；举起；抚育，抚养
adj. 凸起的；发酵的；浮雕的"
regime,n. 政权，政体；社会制度；管理体制
government,n. 政府；政体；管辖
a surge of,"un. 缆绳滑脱；松缆；浪涌；湍振
 高涨的"
a sudden increase in,
collective,"n. 集团；集合体；集合名词
adj. 集体的；共同的；集合的；集体主义的"
group,"n. 组；团体
adj. 群的；团体的
vt. 把…聚集；把…分组
vi. 聚合"
consequent,"n. 结果
adj. 随之发生的；作为结果的"
resulting,"v. 致使（result的ing形式）；产生
adj. 作为结果的"
reinforce,"n. 加强；加固物；加固材料
vt. 加强，加固；强化；补充
vi. 求援；得到增援；给予更多的支持"
support,"n. 支持，维持；支援，供养；支持者，支撑物
vt. 支持，支撑，支援；扶持，帮助；赡养，供养"
simultaneously,adv. 同时地
at the same time,"na. 同时；另一方面；与此同时
 然而；在同时；可是"
constituent,"n. 成分；选民；委托人
adj. 构成的；选举的"
component,"n. 成分；组件； 元件
adj. 组成的，构成的"
characteristic,"n. 特征；特性；特色
adj. 典型的；特有的；表示特性的"
typical,adj. 典型的；特有的；象征性的
alternation,n. 交替，轮流，间隔
modification,n. 修改，修正；改变
incited,v. 刺激，激励，煽动( incite的过去式和过去分词 )
stimulate,"vi. 起刺激作用；起促进作用
vt. 刺激；鼓舞，激励"
substantial,"n. 本质；重要材料
adj. 大量的；实质的；内容充实的"
considerable,adj. 相当大的；重要的，值得考虑的
outweigh,vt. 比…重（在重量上）；比…重要；比…有价值
exceed,"vt. 超过；胜过
vi. 超过其他"
pertinent,adj. 相关的，相干的；中肯的；切题的
relevant,adj. 相关的；切题的；中肯的；有重大关系的；有意义的，目的明确的
subdue,vt. 征服；抑制；减轻
defeat,"n. 失败的事实；击败的行为
vt. 击败，战胜；挫败；使…失败"
coincide with,"v. 与…一致
 与……相符；不谋而合；符合"
occur at the same time,
justify,"vi. 证明合法；整理版面
vt. 证明…是正当的；替…辩护"
provide a rational basis for,
hierarchical,adj. 分层的；等级体系的
having several levels of authority,
speculate,"vi. 推测；投机；思索
vt. 推断"
puts forward as a possibility,
tremendous,adj. 极大的，巨大的；惊人的；极好的
enormous,adj. 庞大的，巨大的；凶暴的，极恶的
implement,"n. 工具，器具；手段
vt. 实施，执行；实现，使生效"
put into effect,"na. 实行
 生效；实施；使生效"
scarce,"adj. 缺乏的，不足的；稀有的
adv. 仅仅；几乎不；几乎没有"
short in supply,
distinction,n. 区别；差别；特性；荣誉、勋章
different,adj. 不同的；个别的，与众不同的
vitality,n. 活力，生气；生命力，生动性
energy,n.  能量；精力；活力；精神
suspended,adj. 悬浮的；暂停的，缓期的（宣判）
floating,"adj. 流动的；漂浮的，浮动的
v. 漂浮（float的现在分词）"
dramatic,adj. 戏剧的；急剧的；引人注目的；激动人心的
striking,"v. 打（strike的ing形式）
adj. 显著的，突出的，惊人的；打击的；罢工的"
specified,"v. 指定；详细说明（specify的过去分词）
adj. 规定的；详细说明的"
typical,adj. 典型的；特有的；象征性的
focused,"v.  聚焦；注视（focus的过去分词）
adj. 聚焦的；专心的"
concentrated,"v. 集中（concentrate的过去分词）
adj. 集中的；浓缩的；全神贯注的"
imminent,adj. 即将来临的；迫近的
about to happen,
refinement,n. 精制；文雅； 提纯
improvement,n. 改进，改善；提高
suitable,adj. 适当的；相配的
appropriate,"adj. 适当的；恰当的；合适的
vt. 占用，拨出"
ambitious,adj. 野心勃勃的；有雄心的；热望的；炫耀的
impressive but difficult to achieve,
take precedence over,"na. 优于
 优先于；比……重要；优先於"
have greater importance than,
enduring,"adj. 持久的；能忍受的
v. 忍耐（endure的ing形式）"
lasting,"adj. 持久的；永恒的
n.  厚实斜纹织物
v. 持续；维持（last的ing形式）"
prevailing,"adj. 流行的；一般的，最普通的；占优势的；盛行很广的
v. 盛行，流行（prevail的现在分词形式）；获胜"
generally accepted,"adj. 公认
 普遍承认的；普遍接受；一般公认"
incredible,adj. 难以置信的，惊人的
impossible to believe,
surplus,"n. 剩余； 顺差；盈余；过剩
adj. 剩余的；过剩的"
excess quantity,过剩量
exhibit,"n. 展览品；证据；展示会
vt. 展览；显示；提出（证据等）
vi. 展出；开展览会"
display,"n. 显示；炫耀
vt. 显示；表现；陈列
adj. 展览的；陈列用的
vi.  作炫耀行为"
embody,vt. 体现，使具体化；具体表达
incorporate,"vt. 包含，吸收；体现；把……合并
adj. 合并的；一体化的；组成公司的
vi. 合并；混合；组成公司"
remnant,"n. 剩余
adj. 剩余的"
remain,"n. 遗迹；剩余物，残骸
vi. 保持；依然；留下；剩余；逗留；残存"
exotic,adj. 异国的；外来的；异国情调的
foreign,adj. 外国的；外交的；异质的；不相关的
dominate,"vt. 控制；支配；占优势；在…中占主要地位
vi. 占优势；处于支配地位"
control,"n. 控制；管理；抑制；操纵装置
vt. 控制；管理；抑制"
determinant,"n. 决定因素； 行列式
adj. 决定性的"
cause,"n. 原因；事业；目标
vt. 引起；使遭受"
hastened,"加速
赶快"
rushed,"v. 急忙（rush的过去式）；匆促
adj. 匆忙的；贸然的"
perfected,v. 使…完美，使…熟练（perfect的过去形式）
completed,"v. 完成（complete的过去分词）
adj. 完整的；完全的"
recognized,"v. 认识；意识到（recognize的过去分词）
adj. 公认的；经过验证的"
accepted,"v. 接受（accept的过去式及过去分词）
adj. 公认的；录取的；可接受的；已承兑的"
elevated,"n. 高架铁路
adj. 提高的；高尚的；严肃的；欢欣的
v. 提高；抬起；振奋；提拔（elevate的过去分词）"
high,"n. 高水平；天空；由麻醉品引起的快感；高压地带
adj. 高的；高级的；崇高的；高音调的
adv. 高；奢侈地"
perceive,"vt. 察觉，感觉；理解；认知
vi. 感到，感知；认识到"
see,"vi. 看；看见；领会
vt. 看见；理解；领会"
scattered,adj. 分散的；散乱的
spread apart,舒展开
presumably,adv. 大概；推测起来；可假定
probably,adv. 大概；或许；很可能
stimulated,"v. 刺激（stimulate的过去式和过去分词）
adj. 受激的"
encouraged,v. 鼓励( encourage的过去式和过去分词 )；支持；促进；鼓动
lucrative,adj. 有利可图的，赚钱的；合算的
profitable,adj. 有利可图的；赚钱的；有益的
elaborate,"adj. 精心制作的；详尽的；煞费苦心的
vi. 详细描述；变复杂
vt. 精心制作；详细阐述；从简单成分合成（复杂有机物）"
complex,"n. 复合体；综合设施
adj. 复杂的；合成的"
fluctuation,n. 起伏，波动
variations,n. 变奏曲，变更； 变种（variation的复数形式）
maintained,"adj. 被保持的
v. 维护，维修；维持（maintain的过去分词）"
claimed,v. 声称；宣称；断言（claim的过去式）
merely,adv. 仅仅，只不过；只是
only,"adv. 只，仅仅；不料
adj. 唯一的，仅有的；最合适的
conj. 但是；不过；可是"
dramatic,adj. 戏剧的；急剧的；引人注目的；激动人心的
powerful,"adj. 强大的；强有力的
adv. 很；非常"
fulfill,vt. 履行；实现；满足；使结束（等于fulfil）
achieve,"vt. 取得；获得；实现；成功
vi. 达到预期的目的，实现预期的结果，如愿以偿"
needless to say,"na. 不用说
 不必说；更不用说；不待说"
obviously,"adv. 明显地
显然地"
adhesive,"n. 粘合剂；胶黏剂
adj. 粘着的；带粘性的"
sticky,adj. 粘的；粘性的
ensure,vt. 保证，确保；使安全
guarantee,"n. 保证；担保；保证人；保证书；抵押品
vt. 保证；担保"
nevertheless,"adv. 然而，不过；虽然如此
conj. 然而，不过"
however,"conj. 无论以何种方式; 不管怎样
adv. 无论如何；不管怎样（接副词或形容词）；然而；可是"
inevitably,adv. 不可避免地；必然地
necessarily,adv. 必要地；必定地，必然地
intact,adj. 完整的；原封不动的；未受损伤的
whole,"n. 整体；全部
adj. 完整的；纯粹的"
substantially,adv. 实质上；大体上；充分地
significantly,adv. 显著地；相当数量地
engaged,"v. 保证；约定；同…订婚（engage的过去分词）
adj. 使用中的，忙碌的"
participated,v. 参与；分享（participate的过去式）
exploitation,n. 开发，开采；利用；广告推销；剥削
use,"n. 使用；用途；发挥
vt. 利用；耗费
vi. 使用，运用"
enhanced,"v. 提高；加强（enhance的过去分词）
adj. 加强的；增大的"
improved,"v. 改进；增加（improve的过去式和过去分词）；变得更好
adj. 改良的；改进过的"
peculiar,"n. 特权；特有财产
adj. 特殊的；独特的；奇怪的；罕见的"
unique to, 特有的；独一无二的；对…独一无二的
exert,vt. 运用，发挥；施以影响
put forth,"na.  a feeler (用言语或动作)探听别人的反应
 提出；发表；努"
apparently,adv. 显然地；似乎，表面上
seemingly,adv. 看来似乎；表面上看来
virtually,adv. 事实上，几乎；实质上
nearly,adv. 差不多，几乎；密切地
in retrospect, 回顾；回顾过去；回想起来
look back,"na. 回头看；回顾；追想 (to；upon)；(对事业等)不起劲
 回忆；追忆；向后看"
prompt,"n. 提示；付款期限；DOS命令：改变DOS系统提示符的风格
adj. 敏捷的，迅速的；立刻的
vt. 提示；促进；激起；（给演员）提白
adv. 准时地"
stimulate,"vi. 起刺激作用；起促进作用
vt. 刺激；鼓舞，激励"
particular,"n. 详细说明；个别项目
adj. 特别的；详细的；独有的；挑剔的"
specific,"n. 特性；细节；特效药
adj. 特殊的，特定的；明确的；详细的； 具有特效的"
eventually,adv. 最后，终于
in the end,"na. 终于
 最后；最终；结果到头来"
recall,"n. 召回；回忆；撤消
vt. 召回；回想起，记起；取消"
remember,"vi. 记得，记起
vt. 记得；牢记；纪念；代…问好"
extreme,"n. 极端；末端；最大程度；极端的事物
adj. 极端的；极度的；偏激的；尽头的"
great,"n. 大师；大人物；伟人们
adj. 伟大的，重大的；极好的，好的；主要的"
upon reflection,"na. 仔细想；对…不利；中伤
 深思熟虑；反射之上；再考虑后"
after consideration,
consult,"vi. 请教；商议；当顾问
vt. 查阅；商量；向…请教"
ask,"vt. 问，询问；要求；需要；邀请；讨价
vi. 问，询问；要求"
unfavorable,adj. 不宜的；令人不快的；不顺利的
negative,"adj.  负的；消极的；否定的；阴性的
n. 否定；负数； 底片
vt. 否定；拒绝"
pursue,"vi. 追赶；继续进行
vt. 继续；从事；追赶；纠缠"
engage in,"na. 从事；参加
 参与；从事于；忙于"
comparable,adj. 可比较的；比得上的
similar,"n. 类似物
adj. 相似的"
expelled from,
left by,
explicit,adj. 明确的；清楚的；直率的；详述的
clearly expressed,
imply,vt. 意味；暗示；隐含
suggest,vt. 提议，建议；启发；使人想起；显示；暗示
equivalent,"n. 等价物，相等物
adj. 等价的，相等的；同意义的"
comparable,adj. 可比较的；比得上的
altogether,"n. 整个；裸体
adv. 完全地；总共；总而言之"
fully,adv. 充分地；完全地；彻底地
tangible,"n. 有形资产
adj. 有形的；切实的；可触摸的"
physical,"n. 体格检查
adj.  物理的；身体的；物质的；根据自然规律的，符合自然法则的"
sequences,n.  序列，顺序；继起的事（sequence的复数形式）
series,n. 系列，连续； 串联；级数；丛书
converted,"v. 转变；改变信仰（convert的过去式和过去分词形式）
adj. 修改的；改变信仰的"
changed,"v. 改变（change的过去式和过去分词）
adj. 改变的；变化的"
approximating,v. 近似，接近( approximate的现在分词 ); 近似计算，概略估算
estimating,"n. 估算；评估；预算能力
v. 估计（estimate的ing形式）"
steadily,adv. 稳定地；稳固地；有规则地
at an unvarying rate,
concentration,n. 浓度；集中；浓缩；专心；集合
dense grouping,
obscure,"adj. 昏暗的，朦胧的；晦涩的，不清楚的；隐蔽的；不著名的，无名的
vt. 使…模糊不清，掩盖；隐藏；使难理解
n. 某种模糊的或不清楚的东西"
hide,"n. 躲藏；兽皮；躲藏处
vt. 隐藏；隐瞒；鞭打
vi. 隐藏"
occasionally,adv. 偶尔；间或
sometimes,adv. 有时，间或
akin to,"adj. 与…类似
 相似的；有亲密关系的；类似于"
similar to,"v. 与…类似
 相似；与……相似；与……类似"
rudimentary,adj. 基本的；初步的；退化的；残遗的；未发展的
elementary,adj. 基本的；初级的； 元素的
routinely,adv. 例行公事地；老一套地
regularly,adv. 定期地；有规律地；整齐地；匀称地
distinctive,adj. 有特色的，与众不同的
characteristic,"n. 特征；特性；特色
adj. 典型的；特有的；表示特性的"
thereby,adv. 从而，因此；在那附近；在那方面
consequently,adv. 因此；结果；所以
tend,"vt. 照料，照管
vi. 趋向，倾向；照料，照顾"
take care of,"na. 照看；处理；清除
 照顾；照料；爱护"
plentiful,adj. 丰富的；许多的；丰饶的；众多的
enormous,adj. 庞大的，巨大的；凶暴的，极恶的
ingenuity,"n. 心灵手巧，独创性；精巧；精巧的装置
n. 西门子公司将其品牌宣言“Ingenuity for life” 诠释为“博大精深 同心致远”"
inventiveness,n. 创造性；发明的才能
emergence,n. 出现，浮现；发生；露头
rise,"n. 上升；高地；增加；出现
vt. 使…飞起；使…浮上水面
vi. 上升；增强；起立；高耸"
generally,adv. 通常；普遍地，一般地
usually,adv. 通常，经常
unpromising,adj. 无前途的，没有希望的
unfavorable,adj. 不宜的；令人不快的；不顺利的
a wealth of, 大量的；丰富的；很多的
an abundance of,"un. 许许多多的
 大量的；丰富的；充裕的"
scarcity of,
lacking in, 缺乏；缺少
ongoing,"adj. 不间断的，进行的；前进的
n. 前进；行为，举止"
continuing,adj. 继续的；持续的；连续的
correspond to,"v. 符合
 相当于；相应；对应"
match,"vt. 使比赛；使相配；敌得过，比得上；相配；与…竞争
vi. 比赛；匹配；相配，相称；相比
n. 比赛，竞赛；匹配；对手；火柴"
complexity,n. 复杂，复杂性；复杂错综的事物
sophistication,n. 复杂；诡辩；老于世故；有教养
allow,"vi. 容许；考虑
vt. 允许；给予；认可"
make possible,"v. 成为可能
 使……成为可能；使……变成可能；使其成为可能"
distortions,n.  畸变， 扭曲（distortion的复数）
irregularities,n. 不规则行为
temporarily,adv. 临时地，临时
briefly,adv. 短暂地；简略地；暂时地
peculiar,"n. 特权；特有财产
adj. 特殊的；独特的；奇怪的；罕见的"
unusual,adj. 不寻常的；与众不同的；不平常的
cumulative,adj. 累积的
combined,"v. 使结合；联合（combine的过去分词）
adj. 结合的； 组合的"
apparent,adj. 显然的；表面上的
noticeable,adj. 显而易见的，显著的；值得注意的
corresponded to,
equaled,v. 比得上( equal的过去式和过去分词 ); （质量等方面）赶得上; 与…相等或相同; 使（某物）等于
norm,n. 标准，规范
common,"n. 普通；平民；公有地
adj. 共同的；普通的；一般的；通常的"
adjacent,adj. 邻近的，毗连的
nearby,"adj. 附近的，邻近的
adv. 在附近
prep. 在…附近"
discrete,"n. 分立元件；独立部件
adj. 离散的，不连续的"
separate,"n. .分开；抽印本
adj. 单独的；分开的；不同的；各自的；
vt. 使分离；使分开；使分居
vi. 分开；隔开；分居"
prolific,adj. 多产的；丰富的
highly productive,
at intervals,"na. 时时；处处；偶尔
 不时；每隔一会儿；每隔一段时间"
periodically,adv. 定期地；周期性地；偶尔；间歇
episode,n. 插曲；一段情节；插话；有趣的事件
occurrence,n. 发生；出现；事件；发现
proponent,n. 支持者；建议者；提出认证遗嘱者
supporter,n. 支持者；拥护者
swift,"n. 褐雨燕
adj. 快的；迅速的；敏捷的；立刻的
adv. 迅速地
n. 苹果公司开创的新款编程语言，应用于iOS 8及以上的应用程序"
quick,"n. 核心；伤口的嫩肉
adj. 快的；迅速的，敏捷的；灵敏的
adv. 迅速地，快"
harsh,adj. 严厉的；严酷的；刺耳的；粗糙的；刺目的
severe,adj. 严峻的；严厉的；剧烈的；苛刻的
annihilated,"adj. 废止的
v. 废止（annihilate的过去分词）"
destroyed,"v. 破坏（destroy的过去分词）
adj. 被毁，毁坏；遭破坏的"
potential,"n. 潜能；可能性； 电势
adj. 潜在的；可能的；势的"
possible,"n. 可能性；合适的人；可能的事物
adj. 可能的；合理的；合适的"
ambiguous,adj. 模糊不清的；引起歧义的
unclear,adj. 不清楚的；不易了解的
convey,vt. 传达；运输；让与
transmit,"vt. 传输；传播；发射；传达；遗传
vi. 传输；发射信号"
derive,"vt. 源于；得自；获得
vi. 起源"
obtain,"vi. 获得；流行
vt. 获得"
augment,"n. 增加；增大
vt. 增加；增大
vi. 增加；增大"
add to,"na. 增加
 增添；增进；添加"
abandoned,"v. 抛弃（abandon的过去式和过去分词）
adj. 被抛弃的；无约束的；恣意放荡的；寡廉鲜耻的"
left,"adj. 左边的；左派的；剩下的
adv. 在左面
n. 左边；左派；激进分子
v. 离开（leave的过去式）"
spectacular,adj. 壮观的，惊人的；公开展示的
remarkable,adj. 卓越的；非凡的；值得注意的
slightly,adv. 些微地，轻微地；纤细地
by very small amounts,
skepticism,n. 怀疑论；怀疑的态度
doubt,"n. 怀疑；疑问；疑惑
v. 怀疑；不信；恐怕；拿不准"
irritating,"adj. 刺激的；气人的；使愤怒的
v. 刺激（irritate的ing形式）；激怒"
annoying,"v. 骚扰（annoy的ing形式）
adj. 讨厌的；恼人的"
renewed,"v. 更新；恢复（renew的过去分词）
adj. 更新的；复兴的；重建的"
restored,"v. 修复（restore的过去式）；恢复健康
adj. 精力充沛的；精力恢复的"
presumably,adv. 大概；推测起来；可假定
most likely,"adj. 适当的；有希望的；很可能的；很像真事的
adv. 大概
 最可能；很有可能；保不住"
inviting,"v. 邀请（invite的ing形式）
adj. 诱人的；有魅力的"
encouraging,"v. 鼓励，支持（encourage的ing形式）
adj. 令人鼓舞的；鼓励的，奖励的"
persistent,adj. 固执的，坚持的；持久稳固的
lasting,"adj. 持久的；永恒的
n.  厚实斜纹织物
v. 持续；维持（last的ing形式）"
contradictory,"n. 对立物；矛盾因素
adj. 矛盾的；反对的；反驳的；抗辩的"
conflicting,"adj. 冲突的；相矛盾的；不一致的
v. 冲突；争执（conflict的ing形式）"
manifestation,n. 表现；显示；示威运动
expression,n. 表现，表示，表达；表情，脸色，态度，腔调，声调；式，符号；词句，语句，措辞，说法
exclusively,adv. 唯一地；专有地；排外地
only,"adv. 只，仅仅；不料
adj. 唯一的，仅有的；最合适的
conj. 但是；不过；可是"
counter,"n. 柜台；对立面；计数器；（某些棋盘游戏的）筹码
vi. 逆向移动，对着干；反驳
adj. 相反的
vt. 反击，还击；反向移动，对着干；反驳，回答
adv. 反方向地；背道而驰地"
combat,"n. 战斗；争论
adj. 战斗的；为…斗争的
vi. 战斗；搏斗
vt. 反对；与…战斗"
breakthrough,n. 突破；突破性进展
development,n. 发展；开发；发育；住宅小区（专指由同一开发商开发的）； 显影
surge,"n. 汹涌；大浪，波涛；汹涌澎湃；巨涌
v. 汹涌；起大浪，蜂拥而来"
sudden increase,
combination,n. 结合；组合；联合； 化合
mix,"vt. 配制；混淆；使混和；使结交
vi. 参与；相混合；交往
n. 混合；混合物；混乱"
intermittent,adj. 间歇的；断断续续的；间歇性
start and stop often,
relative to,"adj. 有关
 相对于；与…有关；相对於"
compared to,"un. 比拟
 与……相比；和……相比较；比作"
criteria,n. 标准，条件（criterion的复数）
standards,n.  标准；规格（standard的复数）
drastic,"n. 烈性泻药
adj. 激烈的；猛烈的"
extreme,"n. 极端；末端；最大程度；极端的事物
adj. 极端的；极度的；偏激的；尽头的"
amass,vt. 积聚，积累
accumulate,"vt. 积攒
vi. 累积；积聚"
retain,vt. 保持；雇；记住
keep,"vt. 保持；经营；遵守；饲养
vi. 保持；继续不断
n. 保持；生计；生活费"
expose,vt. 揭露，揭发；使曝光；显示
uncover,"vt. 发现；揭开；揭露
vi. 发现；揭示；揭去盖子"
indefinite,adj. 不确定的；无限的；模糊的
unlimited,adj. 无限制的；无限量的；无条件的
ornament,"n. 装饰； 装饰物；教堂用品
vt. 装饰，修饰"
decoration,n. 装饰，装潢；装饰品；奖章
peak,"n. 山峰；最高点；顶点；帽舌
adj. 最高的；最大值的
vt. 使达到最高点；使竖起
vi. 消瘦；到达最高点；变憔悴"
the high point, 悬高点
deliberately,adv. 故意地；谨慎地；慎重地
intentionally,adv. 故意地，有意地
aggregation,n.  聚合，聚集；聚集体，集合体
accumulation,n. 积聚，累积；堆积物
stamina,n. 毅力；精力；活力；持久力
endurance,n. 忍耐力；忍耐；持久；耐久
presumably,adv. 大概；推测起来；可假定
supposedly,adv. 可能；按照推测；恐怕
magnitude,n. 大小；量级； 震级；重要；光度
size,"n. 大小；尺寸
adj. 一定尺寸的
vt. 依大小排列
vi. 可比拟"
confirm,vt. 确认；确定；证实；批准；使巩固
prove,"vi. 证明是
vt. 证明；检验；显示"
authority,n. 权威；权力；当局
expert,"n. 专家；行家；能手
adj. 熟练的；内行的；老练的
vt. 当专家；在…中当行家"
isolated,"adj. 孤立的；分离的；单独的； 绝缘的
v. 使孤立；使绝缘；脱离（isolate的过去分词）"
separated,"v. 分开；隔开（separate的过去式和过去分词）
adj. 分开的；分居；不在一起生活的"
heavily,adv. 沉重地；猛烈地；沉闷地
intensively,adv. 强烈地；集中地
doubtless,"adj. 无疑的；确定的
adv. 无疑地；确定地；大概，多半"
certain,"adj. 某一；必然的；确信；无疑的；有把握的
pron. 某些；某几个"
investigate,v. 调查；研究
examine,"vt. 检查；调查； 检测；考试
vi. 检查；调查"
monotonous,adj. 单调的，无抑扬顿挫的；无变化的
unchanging,adj. 不变的
extract,"n. 汁；摘录；榨出物；选粹
vt. 提取；取出；摘录；榨取"
remove,"n. 移动；距离；搬家
vt. 移动，迁移；开除；调动
vi. 移动，迁移；搬家"
margin,"n. 边缘；利润，余裕；页边的空白
vt. 加边于；加旁注于"
limit,"n. 限制；限度；界线
vt. 限制；限定"
inspect,"vt. 检查；视察；检阅
vi. 进行检查；进行视察"
examine,"vt. 检查；调查； 检测；考试
vi. 检查；调查"
ingenuity,"n. 心灵手巧，独创性；精巧；精巧的装置
n. 西门子公司将其品牌宣言“Ingenuity for life” 诠释为“博大精深 同心致远”"
cleverness,n. 聪明；机灵
typical of, 是典型的；特有的；是……的典型特征
common in,
replicate,"n. 复制品；八音阶间隔的反覆音
vt. 复制；折叠
adj. 复制的；折叠的
vi. 重复；折转"
copy,"n. 副本；一册；摹仿
vt. 复制；复印；抄袭
vi. 复制；复印；抄袭"
detect,vt. 察觉；发现；探测
sense,"n. 感觉，功能；观念；道理；理智
vt. 感觉到；检测"
persuasively,adv. 令人信服地；口才好地
convincingly,adv. 令人信服地；有说服力地
elusive,adj. 难懂的；易忘的；逃避的；难捉摸的
hard to identify,
maintenance of,
supporting,"n. 支持；支承面
v. 支持；供养（support的ing形式）
adj. 支持的；辅助性的；次要的"
launched,v. 启动； 发射；开始（launch的过去式，过去分词）；下水
started,"出发
起动"
methodically,adv. 有方法地；有系统地
systematically,adv. 有系统地；有组织地
accelerated,"v. 加速；促进（accelerate的变形）
adj. 加速的；加快的"
speeded up,"na. 加快(机器等的)速度；使加紧做
 加速"
perfected,v. 使…完美，使…熟练（perfect的过去形式）
improved,"v. 改进；增加（improve的过去式和过去分词）；变得更好
adj. 改良的；改进过的"
overwhelm,vt. 淹没；压倒；受打击；覆盖；压垮
be too large for,
relatively,adv. 相当地；相对地，比较地
comparatively,adv. 比较地；相当地
proper,"adj. 适当的；本身的；特有的；正派的
adv. 完全地"
appropriate,"adj. 适当的；恰当的；合适的
vt. 占用，拨出"
discrepancy,n. 不符；矛盾；相差
inconsistency,n. 不一致；易变
mean,"adj. 平均的；卑鄙的；低劣的；吝啬的
vt. 意味；想要；意欲
n. 平均值
vi. 用意"
average,"n. 平均；平均数；海损
adj. 平均的；普通的；通常的
vt. 算出…的平均数；将…平均分配；使…平衡
vi. 平均为；呈中间色"
integral,"n. 积分；部分；完整
adj. 积分的；完整的，整体的；构成整体所必须的"
essential,"n. 本质；要素；要点；必需品
adj. 基本的；必要的；本质的；精华的"
considerably,adv. 相当地；非常地
significantly,adv. 显著地；相当数量地
striking,"v. 打（strike的ing形式）
adj. 显著的，突出的，惊人的；打击的；罢工的"
noteworthy,adj. 值得注意的；显著的
mimic,"vt. 模仿，摹拟
n. 效颦者，模仿者；仿制品；小丑
adj. 模仿的，模拟的；假装的"
reproduce,"vt. 复制；再生；生殖；使…在脑海中重现
vi. 复制；繁殖"
initially,adv. 最初，首先；开头
at first,"na. 首先
 起先；最初；起初"
conventional,adj. 符合习俗的，传统的；常见的；惯例的
standard,"n. 标准；水准；旗；度量衡标准
adj. 标准的；合规格的；公认为优秀的"
vast,"n. 浩瀚；广阔无垠的空间
adj. 广阔的；巨大的；大量的；巨额的"
huge,adj. 巨大的；庞大的；无限的
sufficient,adj. 足够的；充分的
enough,"n. 很多；充足
adj. 充足的
adv. 足够地，充足地
int. 够了！"
flourished,"n. 兴旺；茂盛；挥舞；炫耀；华饰
vt. 夸耀；挥舞
vi. 繁荣，兴旺；茂盛；活跃；处于旺盛时期"
prospered,"vi. 繁荣，昌盛；成功
vt. 使……成功；使……昌盛；使……繁荣"
draw to,"na. 快
 接近；逼近；开具给"
exclusively,adv. 唯一地；专有地；排外地
solely,adv. 单独地，唯一地
endure,"vt. 忍耐；容忍
vi. 忍耐；持续"
withstand,"vt. 抵挡；禁得起；反抗
vi. 反抗"
task,"n. 工作，作业；任务
vt. 分派任务"
job,"n. 工作；职业
vt. 承包；代客买卖
vi. 做零工"
cluster,"n. 群；簇；丛；串
vt. 使聚集；聚集在某人的周围
vi. 群聚；丛生"
group,"n. 组；团体
adj. 群的；团体的
vt. 把…聚集；把…分组
vi. 聚合"
triggered,"v. 引起；引爆（trigger的过去分词）；扣…的扳机
adj. 触发的；起动的；有扳机的"
initiated,v. 开始，发起；开创（initiate的过去式）
severely,adv. 严重地；严格地，严厉地；纯朴地
greatly,adv. 很，大大地；非常
impractical,adj. 不切实际的，不现实的；不能实行的
unrealistic,adj. 不切实际的；不实在的
exploit,"n. 勋绩；功绩
vt. 开发，开拓；剥削；开采"
take advantage of,"na. 乘；利用；欺骗；引诱(女人)
 占便宜；充分利用；对……加以利用"
optimal,adj. 最佳的；最理想的
most favorable,
excrete,vt. 排泄；分泌
release,"n. 释放；发布；让与
vt. 释放；发射；让与；允许发表"
stationary,"n. 不动的人；驻军
adj. 固定的；静止的；定居的；常备军的"
fixed,"adj. 确定的；固执的；<美口>处境...的；准备好的
v. 修理（过去式）"
eminent,adj. 杰出的；有名的；明显的
distinguished,"v. 区别（distinguish的过去式）
adj. 著名的；卓著的；高贵的"
conceivable,adj. 可能的；想得到的，可想像的
imaginable,adj. 可能的；可想像的
dismiss,"vt. 解散；解雇；开除；让...离开；不予理会、不予考虑
vi. 解散"
reject,"n. 被弃之物或人；次品
vt. 拒绝；排斥；抵制；丢弃"
moreover,adv. 而且；此外
in addition,"na. 加之
 另外；此外；又"
readily,adv. 容易地；乐意地；无困难地
easily,adv. 容易地；无疑地
edible,"n. 食品；食物
adj. 可食用的"
fit to be eaten,
indicator,n. 指示器； 指示剂； 指示符；压力计
sign,"n. 迹象；符号；记号；手势；指示牌
vt. 签署；示意
vi. 签署；签名"
segregated,"v. 隔离（segregate的过去式）；分离
adj. 被隔离的"
separated,"v. 分开；隔开（separate的过去式和过去分词）
adj. 分开的；分居；不在一起生活的"
proposed,"v. 提议；计划（propose的过去式和过去分词）
adj. 被提议的；所推荐的"
suggested,"v. 建议；暗示（suggest的过去分词）
adj. 建议的；暗示的"
coincidence,n. 巧合；一致；同时发生
at the same time and by chance,
admit,"vi. 承认；容许
vt. 承认；准许进入；可容纳"
accept the truth of,
incentive,"n. 动机；刺激
adj. 激励的；刺激的"
motivation,n. 动机；积极性；推动
generated,"v. （使）产生（generate的过去分词）
adj. 生成的；发生的"
produced,"v. 产生；制造（produce的过去式和过去分词）；创作
adj. 引长的；畸形地伸长的"
quest,"n. 追求；寻找
vt. 探索
vi. 追求；寻找"
search,"n. 搜寻；探究，查究
vt. 搜索；搜寻；调查；搜查；探求
vi. 搜寻；调查；探求"
durable,"n. 耐用品
adj. 耐用的，持久的"
long-lasting,adj. 持续时间长的
posed,v. 形成（pose的过去分词）；摆姿势；主张；装模作样
presented,v. 提出（present的过去分词）；呈递，提供
hastened,"加速
赶快"
hurried,"v. 催促；匆忙进行；急派（hurry的过去分词）
adj. 匆忙的；草率的"
courteous,adj. 有礼貌的；谦恭的
polite,adj. 有礼貌的，客气的；文雅的；上流的；优雅的
a case in point,"na. 范例
 恰当的例子；一个恰当的例子；例证"
a good example,
barring,"prep. 除非；不包括；除…以外
v. 阻拦（bar的ing形式）"
excluding,"prep. 将……排除在外；不包括……
v. 排除；除外；拒绝（exclude的ing形式）"
the course of change,
the way the change developed,
elevated,"n. 高架铁路
adj. 提高的；高尚的；严肃的；欢欣的
v. 提高；抬起；振奋；提拔（elevate的过去分词）"
high,"n. 高水平；天空；由麻醉品引起的快感；高压地带
adj. 高的；高级的；崇高的；高音调的
adv. 高；奢侈地"
ignored,"v. 忽略；不顾（ignore的过去分词）；不理会
adj. 被忽视的；被忽略的"
paid no attention,
embraced,"包含
拥抱
接受"
adopted,"v. 采用；接受（adopt的过去式和过去分词）
adj. 被收养的；被采用的"
prosperity,n. 繁荣，成功
wealth,n. 财富；大量；富有
inadvertently,adv. 非故意地，无心地
unintentionally,adv. 无意地；非故意地；非存心地
overwhelmingly,adv. 压倒性地；不可抵抗地
without doubt,"na. 无疑
 毫无疑问；毫无疑问地；无疑地"
substantial,"n. 本质；重要材料
adj. 大量的；实质的；内容充实的"
large,"adj. 大的；多数的；广博的
adv. 大大地；夸大地
n. 大"
spurt,"n. 冲刺；喷射
vi. 冲刺；喷出；迸发
vt. 喷射；喷出"
sudden increase,
era,n. 时代；年代；纪元
period,"n. 周期，期间；时期；月经；课时；（语法学）句点，句号
adj. 某一时代的"
unprecedented,adj. 空前的；无前例的
not previously experienced,
suffice,"vt. 使满足；足够…用；合格
vi. 足够；有能力"
be enough,
pragmatic,adj. 实际的；实用主义的；国事的
practical,adj. 实际的；实用性的
founding,"n.  铸造；溶解
adj. 创办的；发起的
v.  铸造；建造；以…为基础（found的ing形式）"
establishment,n. 确立，制定；公司；设施
fragment,"n. 碎片；片断或不完整部分
vt. 使成碎片
vi. 破碎或裂开"
piece,"n. 块；件；篇；硬币
vt. 修补；接合；凑合"
massively,adv. 大量地；沉重地；庄严地
extensively,adv. 广阔地；广大地
scrutiny,n. 详细审查；监视；细看；选票复查
close observation,
undoubtedly,adv. 确实地，毋庸置疑的
certainly,adv. 当然；行（用于回答）；必定
scattered,adj. 分散的；散乱的
distributed,adj. 分布式的，分散式的
advent,n. 到来；出现；基督降临；基督降临节
arrival,n. 到来；到达；到达者
fragile,adj. 脆的；易碎的
easily damaged,
facilitate,vt. 促进；帮助；使容易
make easier,
sparser,adj. 稀疏的，稀少的( sparse的比较级 )
more thinly distributed,
swift,"n. 褐雨燕
adj. 快的；迅速的；敏捷的；立刻的
adv. 迅速地
n. 苹果公司开创的新款编程语言，应用于iOS 8及以上的应用程序"
quick,"n. 核心；伤口的嫩肉
adj. 快的；迅速的，敏捷的；灵敏的
adv. 迅速地，快"
intended,"n. 已订婚者
v. 打算；准备（intend的过去分词）
adj. 故意的，有意的；打算中的"
desired,"v. 渴望，要求（desire的过去分词形式）
adj. 渴望的；想得到的"
in principle,"na. 原则上
 大体上；原则性；在原则上"
theoretically,adv. 理论地；理论上
constraint,n.  约束；局促，态度不自然；强制
limitation,n. 限制；限度；极限；追诉时效；有效期限；缺陷
surely,adv. 当然；无疑；坚定地；稳当地
certainly,adv. 当然；行（用于回答）；必定
ideally,adv. 理想地；观念上地
perfectly,adv. 完美地；完全地；无瑕疵地
coupled with,"un. 接在一起
 加上；外加；加之"
added to,"na. 增加
 加上；加入；表示被加上"
consumption,n. 消费；消耗；肺痨
use of products and services,
prosperous,adj. 繁荣的；兴旺的
wealthy,"n. 富人
adj. 富有的；充分的；丰裕的"
vigorous,adj. 有力的；精力充沛的
strong,"adj. 坚强的；强壮的；牢固的；擅长的
adv. 强劲地；猛烈地"
seldom,adv. 很少，不常
rarely,adv. 很少地；难得；罕有地
invariably,adv. 总是；不变地；一定地
always,adv. 永远，一直；总是；常常
formulated,按配方制造
modified,"adj. 改进的，修改的；改良的
v. 修改；缓和（modify的过去分词）"
deciphering,"n.  解密
v. 破译（decipher的ing形式）；解释；辨认"
figuring out,"na. 估计；解决；了解；确定
 想出；计算出"
component,"n. 成分；组件； 元件
adj. 组成的，构成的"
piece,"n. 块；件；篇；硬币
vt. 修补；接合；凑合"
peak,"n. 山峰；最高点；顶点；帽舌
adj. 最高的；最大值的
vt. 使达到最高点；使竖起
vi. 消瘦；到达最高点；变憔悴"
maximum,"n.  极大，最大限度；最大量
adj. 最高的；最多的；最大极限的"
gradual,"n. 弥撒升阶圣歌集
adj. 逐渐的；平缓的"
slow,"adj. 慢的；减速的；迟钝的
vt. 放慢；阻碍
vi. 变慢；变萧条
adv. 慢慢地；迟缓地"
adapt,"vi. 适应
vt. 使适应；改编"
adjust,"vt. 调整，使…适合；校准
vi. 调整，校准；适应"
lethal,"adj. 致命的，致死的
n. 致死因子"
deadly,"adj. 致命的；非常的；死一般的
adv. 非常；如死一般地"
disrupted,"破坏
使瓦解
使分裂
使中断
使陷于混乱（disrupt的过去分词形式）"
destroyed,"v. 破坏（destroy的过去分词）
adj. 被毁，毁坏；遭破坏的"
appeal,"n. 呼吁，请求；吸引力，感染力；上诉；诉诸裁判
vt. 将…上诉，对…上诉
vi. 呼吁，恳求；上诉；诉诸，求助；有吸引力，迎合爱好；（体育比赛中）诉诸裁判"
attraction,n. 吸引，吸引力；引力；吸引人的事物
vicinity,n. 邻近，附近；近处
area,n. 区域，地区；面积；范围
furthermore,adv. 此外；而且
in addition,"na. 加之
 另外；此外；又"
conducive to,"adj. 有助于；有益于
 有利于；对……有益；助长"
favorable to,"un. 赞成
 支持；有利于"
perplexing,adj. 复杂的，令人费解的；令人困惑的
puzzling,adj. 使迷惑的；使莫名其妙的
prevailing,"adj. 流行的；一般的，最普通的；占优势的；盛行很广的
v. 盛行，流行（prevail的现在分词形式）；获胜"
dominant,"n. 显性
adj. 显性的；占优势的；支配的，统治的"
typified,v. 作为…的典型( typify的过去式和过去分词 ); 具有…的特征; 代表; 象征
characterized,adj. 以…为特点的
coincide with,"v. 与…一致
 与……相符；不谋而合；符合"
correspond to,"v. 符合
 相当于；相应；对应"
apparent,adj. 显然的；表面上的
evident,adj. 明显的；明白的
compelling,"adj. 引人注目的；强制的；激发兴趣的
v. 强迫；以强力获得（compel的ing形式）"
persuasive,adj. 有说服力的；劝诱的，劝说的
hasten,"vt. 加速；使赶紧；催促
vi. 赶快；急忙"
speed up,"na. 加快(机器等的)速度；使加紧做
 加速；加快速度；增加速度"
in essence,"na. 本质上；大体上
 实质上；在本质上；本质上地"
basically,adv. 主要地，基本上
resemble,vt. 类似，像
look like, 看起来与（某人或某物）相像; 很可能出现（某事、做某事）; 伣; 似
lone,adj. 单身的；独自的；寂寞的；人迹稀少的
single,"n. 一个；单打；单程票
adj. 单一的；单身的；单程的
vt. 选出
vi. 击出一垒安打"
confined,"v. 限制（confine的过去式和过去分词）
adj. 狭窄的；幽禁的；有限制的；在分娩中的"
restricted,"v. 限制（restrict的过去式和过去分词）
adj. 受限制的；保密的"
ardent,adj. 热情的；热心的；激烈的；燃烧般的
enthusiastic,adj. 热情的；热心的；狂热的
backing up,"na. 支持；堵塞；抢救后方；把(文件等备份)
 回投；倒车；备份仓库"
supporting,"n. 支持；支承面
v. 支持；供养（support的ing形式）
adj. 支持的；辅助性的；次要的"
scanty,adj. 缺乏的；吝啬的；仅有的；稀疏的
few,"n. 很少数
adj. 很少的；几乎没有的
pron. 很少"
culmination,n. 顶点；高潮
end,"n. 结束；目标；尽头；末端；死亡
vi. 结束，终止；终结
vt. 结束，终止；终结"
exploit,"n. 勋绩；功绩
vt. 开发，开拓；剥削；开采"
fully use,
initiate,"n. 开始；新加入者，接受初步知识者
vt. 开始，创始；发起；使初步了解
adj. 新加入的；接受初步知识的"
start,"n. 开始；起点
vt. 开始；启动
vi. 出发"
impressive,adj. 感人的；令人钦佩的；给人以深刻印象的
striking,"v. 打（strike的ing形式）
adj. 显著的，突出的，惊人的；打击的；罢工的"
discarded,"v. 丢弃（discard的过去分词）
adj. 丢弃的；废弃的"
abandoned,"v. 抛弃（abandon的过去式和过去分词）
adj. 被抛弃的；无约束的；恣意放荡的；寡廉鲜耻的"
baffled,"v. 阻碍；使迷惑（baffle的过去式）
adj. 带有挡板的"
puzzled,adj. 困惑的；茫然的；搞糊涂的
virtually,adv. 事实上，几乎；实质上
almost completely,
startled,"v. 震惊（startle的过去分词）
adj. 受惊吓的"
surprised,"v. 使惊奇（surprise的过去分词形式）
adj. 感到惊讶的，出人意料的"
rudimentary,adj. 基本的；初步的；退化的；残遗的；未发展的
simple,"n. 笨蛋；愚蠢的行为；出身低微者
adj. 简单的；单纯的；天真的"
rule out,"na. 排除
 排除…的可能性；划去；拒绝考虑"
exclude,vt. 排除；排斥；拒绝接纳；逐出
ideal,"n. 理想；典范
adj. 理想的；完美的；想象的；不切实际的"
perfect,"n. 完成式
adj. 完美的；最好的；精通的
vt. 使完美；使熟练"
periodically,adv. 定期地；周期性地；偶尔；间歇
at regular intervals of time,
dispersal,n. 分散；传播；散布；疏散；消失
distribution,n. 分布；分配
configuration,n. 配置；结构；外形
arrangement,n. 布置；整理；准备
distinctive,adj. 有特色的，与众不同的
recognizable,adj. 可辨认的；可认识的；可承认的
attest to, 证实；证明；证实某事
provide evidence of,
substantially,adv. 实质上；大体上；充分地
considerably,adv. 相当地；非常地
associated with,"un. 与…相联系
 与…有关系；与…相关的；与…有联系"
related to,"prep. 关于
 与…有关；与…有关系；与……相关"
as opposed to,"adv. 相反于
 和…相反；而不是；与…相对"
in contrast to,"un. 相形之下；与…相比；与…相反；与…对比
 “与……相比；与。。。相反；与……形成对照"
painstakingly,adv. 煞费苦心地；费力地
with great effort,
precise,adj. 精确的；明确的；严格的
accurate,adj. 精确的
